=== supervisor: starting worker (restart 0/20) at 2026-08-03T12:38:01Z
{
	"scope": "sample",
	"manifest": "/Users/Flo/GitHub/palette/research/v3/data/oracle-ladder/manifest.json",
	"prompt": "group-a.v1/B",
	"prompt_hash": "c46f055e873fe7a0b9b569b1fd1444a194d3803ff11196e4f71441b7d07e6fc4",
	"artworks": 400,
	"images": 1800,
	"already_done": 0,
	"queued": 1800,
	"poisoned_over_attempt_cap": 0,
	"queued_by_long_edge_bin": {
		"0-160": 452,
		"161-240": 15,
		"241-340": 474,
		"341-440": 60,
		"441-560": 270,
		"561-680": 238,
		"681-900": 242,
		"901-1400": 25,
		"1401+": 24
	},
	"largest_queued_px": 3000,
	"resolution_policy": "native",
	"out": "../../data/oracle-ladder/ladder-codec-control-1.jsonl",
	"constrained_decoding": true
}
loading mlx-community/Qwen3-VL-30B-A3B-Instruct-6bit @ f31102655767 ...
Fetching 18 files:   0%|          | 0/18 [00:00<?, ?it/s]Fetching 18 files: 100%|██████████| 18/18 [00:00<00:00, 5266.29it/s]
model loaded in 4.4s
canary baseline set: {'ground_type': 'flat_field', 'shading_geometry': 'not_applicable', 'field_texture': 'smooth', 'enclosure': 'none', 'confidence': 'high', 'ambiguity_note': ''}
[1/1800] bfc8fa5f53d6 147px ok 2.2s (6.7s/item avg, ~202 min left) {'ground_type': 'flat_field', 'shading_geometry': 'not_applicable', 'field_texture': 'smooth', 'enclosure': 'thin_border', 'confidence': 'high', 'ambiguity_note': ''}
[2/1800] fda547c58900 333px ok 2.8s (4.8s/item avg, ~143 min left) {'ground_type': 'flat_field', 'shading_geometry': 'not_applicable', 'field_texture': 'smooth', 'enclosure': 'none', 'confidence': 'high', 'ambiguity_note': ''}
[3/1800] ca71c3c4224a 332px ok 2.3s (3.9s/item avg, ~118 min left) {'ground_type': 'flat_field', 'shading_geometry': 'not_applicable', 'field_texture': 'smooth', 'enclosure': 'none', 'confidence': 'high', 'ambiguity_note': ''}
[4/1800] c4f5e8637499 333px ok 2.7s (3.6s/item avg, ~108 min left) {'ground_type': 'pattern_or_texture', 'shading_geometry': 'not_applicable', 'field_texture': 'one_textured_material', 'enclosure': 'none', 'confidence': 'high', 'ambiguity_note': ''}
[5/1800] 498d62d9ae77 640px ok 2.8s (3.5s/item avg, ~104 min left) {'ground_type': 'flat_field', 'shading_geometry': 'not_applicable', 'field_texture': 'smooth', 'enclosure': 'none', 'confidence': 'high', 'ambiguity_note': ''}
[6/1800] d7c7e2b2b9bc 483px ok 2.5s (3.3s/item avg, ~99 min left) {'ground_type': 'multiple_distinct_fields', 'shading_geometry': 'not_applicable', 'field_texture': 'one_textured_material', 'enclosure': 'none', 'confidence': 'high', 'ambiguity_note': ''}
[7/1800] 3c8a7ed0cccb 253px ok 2.1s (3.1s/item avg, ~94 min left) {'ground_type': 'multiple_distinct_fields', 'shading_geometry': 'not_applicable', 'field_texture': 'one_textured_material', 'enclosure': 'none', 'confidence': 'high', 'ambiguity_note': ''}
[8/1800] 00183c6f2856 640px ok 2.7s (3.1s/item avg, ~92 min left) {'ground_type': 'flat_field', 'shading_geometry': 'not_applicable', 'field_texture': 'smooth', 'enclosure': 'none', 'confidence': 'high', 'ambiguity_note': ''}
[9/1800] 2fb1921c8cda 700px ok 2.9s (3.1s/item avg, ~91 min left) {'ground_type': 'flat_field', 'shading_geometry': 'not_applicable', 'field_texture': 'smooth', 'enclosure': 'none', 'confidence': 'high', 'ambiguity_note': ''}
[10/1800] 9305628bddee 147px ok 2.4s (3.0s/item avg, ~89 min left) {'ground_type': 'flat_field', 'shading_geometry': 'not_applicable', 'field_texture': 'smooth', 'enclosure': 'none', 'confidence': 'high', 'ambiguity_note': ''}
[11/1800] ca71c3c4224a 147px ok 2.6s (3.0s/item avg, ~88 min left) {'ground_type': 'flat_field', 'shading_geometry': 'not_applicable', 'field_texture': 'smooth', 'enclosure': 'none', 'confidence': 'high', 'ambiguity_note': ''}
[12/1800] 980ae286aedd 147px ok 2.5s (2.9s/item avg, ~87 min left) {'ground_type': 'flat_field', 'shading_geometry': 'not_applicable', 'field_texture': 'smooth', 'enclosure': 'none', 'confidence': 'high', 'ambiguity_note': ''}
[13/1800] f0d8719de8e7 332px ok 2.7s (2.9s/item avg, ~86 min left) {'ground_type': 'flat_field', 'shading_geometry': 'not_applicable', 'field_texture': 'smooth', 'enclosure': 'none', 'confidence': 'high', 'ambiguity_note': ''}
[14/1800] 3d2d0e28037f 333px ok 2.5s (2.9s/item avg, ~86 min left) {'ground_type': 'flat_field', 'shading_geometry': 'not_applicable', 'field_texture': 'smooth', 'enclosure': 'thin_border', 'confidence': 'high', 'ambiguity_note': ''}
[15/1800] b24ad50dce60 600px ok 2.7s (2.9s/item avg, ~85 min left) {'ground_type': 'flat_field', 'shading_geometry': 'not_applicable', 'field_texture': 'smooth', 'enclosure': 'none', 'confidence': 'high', 'ambiguity_note': ''}
[16/1800] 81caae4301b7 640px ok 2.7s (2.9s/item avg, ~85 min left) {'ground_type': 'pattern_or_texture', 'shading_geometry': 'not_applicable', 'field_texture': 'one_textured_material', 'enclosure': 'thin_border', 'confidence': 'high', 'ambiguity_note': ''}
[17/1800] 7c2d1d2d936b 482px ok 2.4s (2.8s/item avg, ~84 min left) {'ground_type': 'flat_field', 'shading_geometry': 'not_applicable', 'field_texture': 'one_textured_material', 'enclosure': 'thin_border', 'confidence': 'high', 'ambiguity_note': ''}
[18/1800] 24f5b46cc830 332px ok 2.3s (2.8s/item avg, ~83 min left) {'ground_type': 'multiple_distinct_fields', 'shading_geometry': 'not_applicable', 'field_texture': 'distinct_areas', 'enclosure': 'none', 'confidence': 'high', 'ambiguity_note': ''}
[19/1800] 4b8ff6f32df3 333px ok 2.0s (2.8s/item avg, ~82 min left) {'ground_type': 'full_scene', 'shading_geometry': 'not_applicable', 'field_texture': 'one_textured_material', 'enclosure': 'none', 'confidence': 'high', 'ambiguity_note': ''}
[20/1800] ad4a6a983e08 482px ok 2.6s (2.7s/item avg, ~82 min left) {'ground_type': 'pattern_or_texture', 'shading_geometry': 'not_applicable', 'field_texture': 'one_textured_material', 'enclosure': 'none', 'confidence': 'high', 'ambiguity_note': ''}
[21/1800] f242f014c2e3 333px ok 2.1s (2.7s/item avg, ~81 min left) {'ground_type': 'flat_field', 'shading_geometry': 'not_applicable', 'field_texture': 'smooth', 'enclosure': 'none', 'confidence': 'high', 'ambiguity_note': ''}
[22/1800] a4fc6b04df10 1417px ok 7.2s (2.9s/item avg, ~87 min left) {'ground_type': 'flat_field', 'shading_geometry': 'not_applicable', 'field_texture': 'smooth', 'enclosure': 'thin_border', 'confidence': 'high', 'ambiguity_note': ''}
[23/1800] 57e61b20c7de 523px ok 2.4s (2.9s/item avg, ~86 min left) {'ground_type': 'pattern_or_texture', 'shading_geometry': 'not_applicable', 'field_texture': 'one_textured_material', 'enclosure': 'none', 'confidence': 'high', 'ambiguity_note': ''}
[24/1800] 9aa497922a1d 332px ok 2.0s (2.9s/item avg, ~85 min left) {'ground_type': 'flat_field', 'shading_geometry': 'not_applicable', 'field_texture': 'smooth', 'enclosure': 'none', 'confidence': 'high', 'ambiguity_note': ''}
[25/1800] 2bde6e2fc12b 700px ok 2.8s (2.9s/item avg, ~85 min left) {'ground_type': 'flat_field', 'shading_geometry': 'not_applicable', 'field_texture': 'smooth', 'enclosure': 'none', 'confidence': 'high', 'ambiguity_note': ''}
[26/1800] b806eaeb461a 640px ok 2.7s (2.9s/item avg, ~84 min left) {'ground_type': 'pattern_or_texture', 'shading_geometry': 'not_applicable', 'field_texture': 'one_textured_material', 'enclosure': 'thin_border', 'confidence': 'high', 'ambiguity_note': ''}
[27/1800] 0740e26cf605 640px ok 2.8s (2.9s/item avg, ~84 min left) {'ground_type': 'shaded_field', 'shading_geometry': 'radial_or_vignette', 'field_texture': 'one_textured_material', 'enclosure': 'thick_frame_or_bars', 'confidence': 'high', 'ambiguity_note': ''}
[28/1800] 4b50cf0c0ac5 300px ok 1.9s (2.8s/item avg, ~83 min left) {'ground_type': 'flat_field', 'shading_geometry': 'not_applicable', 'field_texture': 'smooth', 'enclosure': 'none', 'confidence': 'high', 'ambiguity_note': ''}
[29/1800] 7f6125e05b70 640px ok 2.6s (2.8s/item avg, ~83 min left) {'ground_type': 'flat_field', 'shading_geometry': 'not_applicable', 'field_texture': 'smooth', 'enclosure': 'none', 'confidence': 'high', 'ambiguity_note': ''}
[30/1800] 6f001a7ab2fd 482px ok 2.2s (2.8s/item avg, ~82 min left) {'ground_type': 'flat_field', 'shading_geometry': 'not_applicable', 'field_texture': 'smooth', 'enclosure': 'thin_border', 'confidence': 'high', 'ambiguity_note': ''}
[31/1800] c9a91e7d9288 147px ok 1.8s (2.8s/item avg, ~81 min left) {'ground_type': 'flat_field', 'shading_geometry': 'not_applicable', 'field_texture': 'smooth', 'enclosure': 'none', 'confidence': 'high', 'ambiguity_note': ''}
[32/1800] d76d845e33b9 700px ok 2.8s (2.8s/item avg, ~81 min left) {'ground_type': 'shaded_field', 'shading_geometry': 'linear', 'field_texture': 'one_textured_material', 'enclosure': 'none', 'confidence': 'high', 'ambiguity_note': ''}
[33/1800] 0d053af380d2 482px ok 2.2s (2.7s/item avg, ~81 min left) {'ground_type': 'flat_field', 'shading_geometry': 'not_applicable', 'field_texture': 'smooth', 'enclosure': 'none', 'confidence': 'high', 'ambiguity_note': ''}
[34/1800] 3785cde62ee9 332px ok 2.0s (2.7s/item avg, ~80 min left) {'ground_type': 'shaded_field', 'shading_geometry': 'radial_or_vignette', 'field_texture': 'one_textured_material', 'enclosure': 'none', 'confidence': 'high', 'ambiguity_note': ''}
[35/1800] 9bd4c540518f 147px ok 1.9s (2.7s/item avg, ~79 min left) {'ground_type': 'shaded_field', 'shading_geometry': 'radial_or_vignette', 'field_texture': 'one_textured_material', 'enclosure': 'none', 'confidence': 'high', 'ambiguity_note': ''}
[36/1800] 9f798b19af31 147px ok 1.9s (2.7s/item avg, ~79 min left) {'ground_type': 'flat_field', 'shading_geometry': 'not_applicable', 'field_texture': 'one_textured_material', 'enclosure': 'none', 'confidence': 'high', 'ambiguity_note': ''}
[37/1800] 62b2338be36d 700px ok 2.8s (2.7s/item avg, ~79 min left) {'ground_type': 'multiple_distinct_fields', 'shading_geometry': 'not_applicable', 'field_texture': 'distinct_areas', 'enclosure': 'none', 'confidence': 'high', 'ambiguity_note': ''}
[38/1800] 6478e9b461c9 147px ok 1.9s (2.7s/item avg, ~78 min left) {'ground_type': 'shaded_field', 'shading_geometry': 'radial_or_vignette', 'field_texture': 'smooth', 'enclosure': 'none', 'confidence': 'high', 'ambiguity_note': ''}
[39/1800] 85c31a52a86f 333px ok 1.9s (2.6s/item avg, ~77 min left) {'ground_type': 'flat_field', 'shading_geometry': 'not_applicable', 'field_texture': 'one_textured_material', 'enclosure': 'none', 'confidence': 'high', 'ambiguity_note': ''}
[40/1800] cdd4f96a94dd 483px ok 2.1s (2.6s/item avg, ~77 min left) {'ground_type': 'full_scene', 'shading_geometry': 'not_applicable', 'field_texture': 'smooth', 'enclosure': 'none', 'confidence': 'high', 'ambiguity_note': ''}
[41/1800] c40760e8d37b 700px ok 2.8s (2.6s/item avg, ~77 min left) {'ground_type': 'pattern_or_texture', 'shading_geometry': 'not_applicable', 'field_texture': 'one_textured_material', 'enclosure': 'none', 'confidence': 'high', 'ambiguity_note': ''}
[42/1800] cb51b7ee442f 333px ok 1.8s (2.6s/item avg, ~77 min left) {'ground_type': 'flat_field', 'shading_geometry': 'not_applicable', 'field_texture': 'smooth', 'enclosure': 'none', 'confidence': 'high', 'ambiguity_note': ''}
[43/1800] c0a2a4133e5b 147px ok 1.8s (2.6s/item avg, ~76 min left) {'ground_type': 'flat_field', 'shading_geometry': 'not_applicable', 'field_texture': 'smooth', 'enclosure': 'none', 'confidence': 'high', 'ambiguity_note': ''}
[44/1800] 383dbb474478 333px ok 1.9s (2.6s/item avg, ~76 min left) {'ground_type': 'full_scene', 'shading_geometry': 'not_applicable', 'field_texture': 'one_textured_material', 'enclosure': 'none', 'confidence': 'high', 'ambiguity_note': ''}
[45/1800] 8121a8f30fb5 147px ok 1.8s (2.6s/item avg, ~75 min left) {'ground_type': 'flat_field', 'shading_geometry': 'not_applicable', 'field_texture': 'smooth', 'enclosure': 'none', 'confidence': 'high', 'ambiguity_note': ''}
[46/1800] 0d568904cdb4 368px ok 1.9s (2.5s/item avg, ~74 min left) {'ground_type': 'flat_field', 'shading_geometry': 'not_applicable', 'field_texture': 'smooth', 'enclosure': 'none', 'confidence': 'high', 'ambiguity_note': ''}
[47/1800] 85c31a52a86f 332px ok 1.9s (2.5s/item avg, ~74 min left) {'ground_type': 'flat_field', 'shading_geometry': 'not_applicable', 'field_texture': 'one_textured_material', 'enclosure': 'none', 'confidence': 'high', 'ambiguity_note': ''}
[48/1800] 63b2bb8fb64a 640px ok 2.8s (2.5s/item avg, ~74 min left) {'ground_type': 'shaded_field', 'shading_geometry': 'radial_or_vignette', 'field_texture': 'one_textured_material', 'enclosure': 'none', 'confidence': 'high', 'ambiguity_note': ''}
[49/1800] 9c44f2accbca 1024px ok 4.2s (2.6s/item avg, ~75 min left) {'ground_type': 'flat_field', 'shading_geometry': 'not_applicable', 'field_texture': 'smooth', 'enclosure': 'thick_frame_or_bars', 'confidence': 'high', 'ambiguity_note': ''}
[50/1800] c795040613ee 147px ok 1.9s (2.6s/item avg, ~75 min left) {'ground_type': 'full_scene', 'shading_geometry': 'not_applicable', 'field_texture': 'one_textured_material', 'enclosure': 'thin_border', 'confidence': 'high', 'ambiguity_note': ''}
[51/1800] 0175812f4b54 640px ok 2.5s (2.6s/item avg, ~75 min left) {'ground_type': 'flat_field', 'shading_geometry': 'not_applicable', 'field_texture': 'smooth', 'enclosure': 'thin_border', 'confidence': 'high', 'ambiguity_note': ''}
[52/1800] 5068811781cd 1440px ok 7.0s (2.6s/item avg, ~77 min left) {'ground_type': 'flat_field', 'shading_geometry': 'not_applicable', 'field_texture': 'one_textured_material', 'enclosure': 'none', 'confidence': 'high', 'ambiguity_note': ''}
[53/1800] 3530fe30e288 368px ok 2.0s (2.6s/item avg, ~77 min left) {'ground_type': 'shaded_field', 'shading_geometry': 'radial_or_vignette', 'field_texture': 'smooth', 'enclosure': 'none', 'confidence': 'high', 'ambiguity_note': ''}
[54/1800] ab3547eeb61a 333px ok 1.8s (2.6s/item avg, ~76 min left) {'ground_type': 'full_scene', 'shading_geometry': 'not_applicable', 'field_texture': 'smooth', 'enclosure': 'none', 'confidence': 'high', 'ambiguity_note': ''}
[55/1800] 3e7e55bd2a64 147px ok 1.7s (2.6s/item avg, ~76 min left) {'ground_type': 'flat_field', 'shading_geometry': 'not_applicable', 'field_texture': 'smooth', 'enclosure': 'none', 'confidence': 'high', 'ambiguity_note': ''}
[56/1800] 116feaa9d4ed 333px ok 1.8s (2.6s/item avg, ~75 min left) {'ground_type': 'flat_field', 'shading_geometry': 'not_applicable', 'field_texture': 'smooth', 'enclosure': 'none', 'confidence': 'high', 'ambiguity_note': ''}
[57/1800] f50f0a604f94 700px ok 2.7s (2.6s/item avg, ~75 min left) {'ground_type': 'flat_field', 'shading_geometry': 'not_applicable', 'field_texture': 'one_textured_material', 'enclosure': 'thin_border', 'confidence': 'high', 'ambiguity_note': ''}
[58/1800] 66324871cd44 333px ok 1.9s (2.6s/item avg, ~75 min left) {'ground_type': 'shaded_field', 'shading_geometry': 'radial_or_vignette', 'field_texture': 'one_textured_material', 'enclosure': 'thin_border', 'confidence': 'high', 'ambiguity_note': ''}
[59/1800] 7a9f709bb449 147px ok 1.8s (2.6s/item avg, ~74 min left) {'ground_type': 'shaded_field', 'shading_geometry': 'radial_or_vignette', 'field_texture': 'smooth', 'enclosure': 'none', 'confidence': 'high', 'ambiguity_note': ''}
[60/1800] c431b1397526 640px ok 2.3s (2.6s/item avg, ~74 min left) {'ground_type': 'flat_field', 'shading_geometry': 'not_applicable', 'field_texture': 'smooth', 'enclosure': 'none', 'confidence': 'high', 'ambiguity_note': ''}
[61/1800] 41ac32e4da76 332px ok 1.8s (2.5s/item avg, ~74 min left) {'ground_type': 'flat_field', 'shading_geometry': 'not_applicable', 'field_texture': 'smooth', 'enclosure': 'none', 'confidence': 'high', 'ambiguity_note': ''}
[62/1800] 9ff0db7c5964 368px ok 2.0s (2.5s/item avg, ~74 min left) {'ground_type': 'flat_field', 'shading_geometry': 'not_applicable', 'field_texture': 'one_textured_material', 'enclosure': 'thin_border', 'confidence': 'high', 'ambiguity_note': ''}
[63/1800] 8e6a432e77c0 147px ok 1.9s (2.5s/item avg, ~73 min left) {'ground_type': 'shaded_field', 'shading_geometry': 'radial_or_vignette', 'field_texture': 'one_textured_material', 'enclosure': 'thin_border', 'confidence': 'high', 'ambiguity_note': ''}
[64/1800] 2d88913489ef 333px ok 1.9s (2.5s/item avg, ~73 min left) {'ground_type': 'full_scene', 'shading_geometry': 'not_applicable', 'field_texture': 'smooth', 'enclosure': 'thick_frame_or_bars', 'confidence': 'high', 'ambiguity_note': ''}
[65/1800] 5d2d7dc2ba3a 147px ok 1.7s (2.5s/item avg, ~72 min left) {'ground_type': 'flat_field', 'shading_geometry': 'not_applicable', 'field_texture': 'smooth', 'enclosure': 'none', 'confidence': 'high', 'ambiguity_note': ''}
[66/1800] a2a0e2c51bc9 333px ok 1.8s (2.5s/item avg, ~72 min left) {'ground_type': 'multiple_distinct_fields', 'shading_geometry': 'not_applicable', 'field_texture': 'distinct_areas', 'enclosure': 'none', 'confidence': 'high', 'ambiguity_note': ''}
[67/1800] 33c71bf3167a 332px ok 1.8s (2.5s/item avg, ~72 min left) {'ground_type': 'flat_field', 'shading_geometry': 'not_applicable', 'field_texture': 'smooth', 'enclosure': 'none', 'confidence': 'high', 'ambiguity_note': ''}
[68/1800] 5f262d251207 333px ok 1.9s (2.5s/item avg, ~71 min left) {'ground_type': 'multiple_distinct_fields', 'shading_geometry': 'not_applicable', 'field_texture': 'distinct_areas', 'enclosure': 'none', 'confidence': 'high', 'ambiguity_note': ''}
[69/1800] ef5ae551f012 332px ok 1.9s (2.5s/item avg, ~71 min left) {'ground_type': 'multiple_distinct_fields', 'shading_geometry': 'not_applicable', 'field_texture': 'distinct_areas', 'enclosure': 'thick_frame_or_bars', 'confidence': 'high', 'ambiguity_note': ''}
[70/1800] c869762d1298 332px ok 1.8s (2.5s/item avg, ~71 min left) {'ground_type': 'full_scene', 'shading_geometry': 'not_applicable', 'field_texture': 'one_textured_material', 'enclosure': 'none', 'confidence': 'high', 'ambiguity_note': ''}
[71/1800] 33577313db38 640px ok 2.5s (2.5s/item avg, ~71 min left) {'ground_type': 'flat_field', 'shading_geometry': 'not_applicable', 'field_texture': 'smooth', 'enclosure': 'none', 'confidence': 'high', 'ambiguity_note': ''}
[72/1800] 4023fbec1f24 332px ok 1.9s (2.5s/item avg, ~71 min left) {'ground_type': 'multiple_distinct_fields', 'shading_geometry': 'not_applicable', 'field_texture': 'distinct_areas', 'enclosure': 'none', 'confidence': 'high', 'ambiguity_note': ''}
[73/1800] 8ce7c705e676 147px ok 1.9s (2.4s/item avg, ~70 min left) {'ground_type': 'shaded_field', 'shading_geometry': 'radial_or_vignette', 'field_texture': 'one_textured_material', 'enclosure': 'none', 'confidence': 'high', 'ambiguity_note': ''}
[74/1800] 8e313854672a 483px ok 2.2s (2.4s/item avg, ~70 min left) {'ground_type': 'shaded_field', 'shading_geometry': 'radial_or_vignette', 'field_texture': 'one_textured_material', 'enclosure': 'none', 'confidence': 'high', 'ambiguity_note': ''}
[75/1800] 7b51bde9cbae 640px ok 2.5s (2.4s/item avg, ~70 min left) {'ground_type': 'flat_field', 'shading_geometry': 'not_applicable', 'field_texture': 'smooth', 'enclosure': 'thick_frame_or_bars', 'confidence': 'high', 'ambiguity_note': ''}
[76/1800] b26709a4ea6f 333px ok 1.8s (2.4s/item avg, ~70 min left) {'ground_type': 'flat_field', 'shading_geometry': 'not_applicable', 'field_texture': 'smooth', 'enclosure': 'none', 'confidence': 'high', 'ambiguity_note': ''}
[77/1800] c9a91e7d9288 333px ok 1.8s (2.4s/item avg, ~70 min left) {'ground_type': 'flat_field', 'shading_geometry': 'not_applicable', 'field_texture': 'smooth', 'enclosure': 'none', 'confidence': 'high', 'ambiguity_note': ''}
[78/1800] df868c6deccc 147px ok 1.8s (2.4s/item avg, ~69 min left) {'ground_type': 'flat_field', 'shading_geometry': 'not_applicable', 'field_texture': 'one_textured_material', 'enclosure': 'none', 'confidence': 'high', 'ambiguity_note': ''}
[79/1800] 853322ae0fe1 332px ok 1.8s (2.4s/item avg, ~69 min left) {'ground_type': 'flat_field', 'shading_geometry': 'not_applicable', 'field_texture': 'smooth', 'enclosure': 'none', 'confidence': 'high', 'ambiguity_note': ''}
[80/1800] 8a68065903e9 483px ok 2.2s (2.4s/item avg, ~69 min left) {'ground_type': 'flat_field', 'shading_geometry': 'not_applicable', 'field_texture': 'smooth', 'enclosure': 'thick_frame_or_bars', 'confidence': 'high', 'ambiguity_note': ''}
[81/1800] b43b501342b0 640px ok 2.4s (2.4s/item avg, ~69 min left) {'ground_type': 'flat_field', 'shading_geometry': 'not_applicable', 'field_texture': 'smooth', 'enclosure': 'none', 'confidence': 'high', 'ambiguity_note': ''}
[82/1800] ebb9e554d37a 147px ok 1.9s (2.4s/item avg, ~69 min left) {'ground_type': 'flat_field', 'shading_geometry': 'not_applicable', 'field_texture': 'one_textured_material', 'enclosure': 'none', 'confidence': 'high', 'ambiguity_note': ''}
[83/1800] 244939ff948d 1440px ok 7.0s (2.5s/item avg, ~70 min left) {'ground_type': 'flat_field', 'shading_geometry': 'not_applicable', 'field_texture': 'smooth', 'enclosure': 'thin_border', 'confidence': 'high', 'ambiguity_note': ''}
[84/1800] 281d6e82a2a6 332px ok 1.8s (2.5s/item avg, ~70 min left) {'ground_type': 'flat_field', 'shading_geometry': 'not_applicable', 'field_texture': 'smooth', 'enclosure': 'none', 'confidence': 'high', 'ambiguity_note': ''}
[85/1800] b5cefa1644ae 332px ok 1.9s (2.4s/item avg, ~70 min left) {'ground_type': 'multiple_distinct_fields', 'shading_geometry': 'not_applicable', 'field_texture': 'distinct_areas', 'enclosure': 'none', 'confidence': 'high', 'ambiguity_note': ''}
[86/1800] 7f2b9091dba7 333px ok 1.8s (2.4s/item avg, ~70 min left) {'ground_type': 'full_scene', 'shading_geometry': 'not_applicable', 'field_texture': 'smooth', 'enclosure': 'none', 'confidence': 'high', 'ambiguity_note': ''}
[87/1800] 0e21cd4a9245 700px ok 2.6s (2.4s/item avg, ~70 min left) {'ground_type': 'flat_field', 'shading_geometry': 'not_applicable', 'field_texture': 'smooth', 'enclosure': 'none', 'confidence': 'high', 'ambiguity_note': ''}
[88/1800] 21a09023fd64 483px ok 2.1s (2.4s/item avg, ~70 min left) {'ground_type': 'flat_field', 'shading_geometry': 'not_applicable', 'field_texture': 'smooth', 'enclosure': 'none', 'confidence': 'high', 'ambiguity_note': ''}
[89/1800] a881b66f8786 332px ok 1.9s (2.4s/item avg, ~69 min left) {'ground_type': 'multiple_distinct_fields', 'shading_geometry': 'not_applicable', 'field_texture': 'distinct_areas', 'enclosure': 'none', 'confidence': 'high', 'ambiguity_note': ''}
[90/1800] 2eef445a1846 700px ok 2.7s (2.4s/item avg, ~69 min left) {'ground_type': 'full_scene', 'shading_geometry': 'not_applicable', 'field_texture': 'one_textured_material', 'enclosure': 'thin_border', 'confidence': 'high', 'ambiguity_note': ''}
[91/1800] c431b1397526 368px ok 1.9s (2.4s/item avg, ~69 min left) {'ground_type': 'flat_field', 'shading_geometry': 'not_applicable', 'field_texture': 'smooth', 'enclosure': 'none', 'confidence': 'high', 'ambiguity_note': ''}
[92/1800] d9290c57b7ff 640px ok 2.5s (2.4s/item avg, ~69 min left) {'ground_type': 'pattern_or_texture', 'shading_geometry': 'not_applicable', 'field_texture': 'distinct_areas', 'enclosure': 'none', 'confidence': 'high', 'ambiguity_note': ''}
[93/1800] dd93668f9584 147px ok 1.8s (2.4s/item avg, ~69 min left) {'ground_type': 'flat_field', 'shading_geometry': 'not_applicable', 'field_texture': 'smooth', 'enclosure': 'none', 'confidence': 'high', 'ambiguity_note': ''}
[94/1800] 409ac0a056f4 147px ok 1.8s (2.4s/item avg, ~69 min left) {'ground_type': 'flat_field', 'shading_geometry': 'not_applicable', 'field_texture': 'one_textured_material', 'enclosure': 'none', 'confidence': 'high', 'ambiguity_note': ''}
[95/1800] c251cd0825af 640px ok 2.5s (2.4s/item avg, ~69 min left) {'ground_type': 'full_scene', 'shading_geometry': 'not_applicable', 'field_texture': 'one_textured_material', 'enclosure': 'none', 'confidence': 'high', 'ambiguity_note': ''}
[96/1800] f42864ed49f7 147px ok 1.8s (2.4s/item avg, ~68 min left) {'ground_type': 'flat_field', 'shading_geometry': 'not_applicable', 'field_texture': 'smooth', 'enclosure': 'none', 'confidence': 'high', 'ambiguity_note': ''}
[97/1800] 6c54d6f683dd 700px ok 2.6s (2.4s/item avg, ~69 min left) {'ground_type': 'flat_field', 'shading_geometry': 'not_applicable', 'field_texture': 'smooth', 'enclosure': 'none', 'confidence': 'high', 'ambiguity_note': ''}
[98/1800] 63b2bb8fb64a 147px ok 1.9s (2.4s/item avg, ~68 min left) {'ground_type': 'shaded_field', 'shading_geometry': 'radial_or_vignette', 'field_texture': 'smooth', 'enclosure': 'none', 'confidence': 'high', 'ambiguity_note': ''}
[99/1800] 307a9f001210 1082px ok 4.4s (2.4s/item avg, ~69 min left) {'ground_type': 'shaded_field', 'shading_geometry': 'radial_or_vignette', 'field_texture': 'one_textured_material', 'enclosure': 'none', 'confidence': 'high', 'ambiguity_note': ''}
[100/1800] 31e1be97feb6 333px ok 2.0s (2.4s/item avg, ~69 min left) {'ground_type': 'shaded_field', 'shading_geometry': 'radial_or_vignette', 'field_texture': 'one_textured_material', 'enclosure': 'none', 'confidence': 'high', 'ambiguity_note': ''}
[101/1800] bb9b3113d7cf 482px ok 2.3s (2.4s/item avg, ~69 min left) {'ground_type': 'shaded_field', 'shading_geometry': 'radial_or_vignette', 'field_texture': 'one_textured_material', 'enclosure': 'none', 'confidence': 'high', 'ambiguity_note': ''}
[102/1800] ab6e02ea4200 253px ok 1.8s (2.4s/item avg, ~69 min left) {'ground_type': 'flat_field', 'shading_geometry': 'not_applicable', 'field_texture': 'smooth', 'enclosure': 'none', 'confidence': 'high', 'ambiguity_note': ''}
[103/1800] 01ee1cae30fe 640px ok 2.4s (2.4s/item avg, ~69 min left) {'ground_type': 'flat_field', 'shading_geometry': 'not_applicable', 'field_texture': 'smooth', 'enclosure': 'none', 'confidence': 'high', 'ambiguity_note': ''}
[104/1800] 2eac7e11f364 333px ok 1.9s (2.4s/item avg, ~69 min left) {'ground_type': 'full_scene', 'shading_geometry': 'not_applicable', 'field_texture': 'one_textured_material', 'enclosure': 'none', 'confidence': 'high', 'ambiguity_note': ''}
[105/1800] b031a3fed3c7 147px ok 1.9s (2.4s/item avg, ~69 min left) {'ground_type': 'full_scene', 'shading_geometry': 'not_applicable', 'field_texture': 'smooth', 'enclosure': 'thick_frame_or_bars', 'confidence': 'high', 'ambiguity_note': ''}
[106/1800] f9b41cf998fb 700px ok 2.8s (2.4s/item avg, ~69 min left) {'ground_type': 'shaded_field', 'shading_geometry': 'radial_or_vignette', 'field_texture': 'one_textured_material', 'enclosure': 'none', 'confidence': 'high', 'ambiguity_note': ''}
[107/1800] a4fc6b04df10 112px ok 1.8s (2.4s/item avg, ~69 min left) {'ground_type': 'flat_field', 'shading_geometry': 'not_applicable', 'field_texture': 'smooth', 'enclosure': 'none', 'confidence': 'high', 'ambiguity_note': ''}
[108/1800] b24ad50dce60 482px ok 2.1s (2.4s/item avg, ~68 min left) {'ground_type': 'flat_field', 'shading_geometry': 'not_applicable', 'field_texture': 'smooth', 'enclosure': 'thin_border', 'confidence': 'high', 'ambiguity_note': ''}
[109/1800] 41ac32e4da76 333px ok 1.9s (2.4s/item avg, ~68 min left) {'ground_type': 'flat_field', 'shading_geometry': 'not_applicable', 'field_texture': 'one_textured_material', 'enclosure': 'none', 'confidence': 'high', 'ambiguity_note': ''}
[110/1800] 108135dfc671 333px ok 2.0s (2.4s/item avg, ~68 min left) {'ground_type': 'shaded_field', 'shading_geometry': 'radial_or_vignette', 'field_texture': 'one_textured_material', 'enclosure': 'thin_border', 'confidence': 'high', 'ambiguity_note': ''}
[111/1800] 1f2b9976fcc1 482px ok 2.1s (2.4s/item avg, ~68 min left) {'ground_type': 'flat_field', 'shading_geometry': 'not_applicable', 'field_texture': 'smooth', 'enclosure': 'none', 'confidence': 'high', 'ambiguity_note': ''}
[112/1800] 34824231fd2c 640px ok 2.5s (2.4s/item avg, ~68 min left) {'ground_type': 'flat_field', 'shading_geometry': 'not_applicable', 'field_texture': 'smooth', 'enclosure': 'none', 'confidence': 'high', 'ambiguity_note': ''}
[113/1800] c9fbb83c728d 482px ok 2.3s (2.4s/item avg, ~68 min left) {'ground_type': 'shaded_field', 'shading_geometry': 'radial_or_vignette', 'field_texture': 'smooth', 'enclosure': 'none', 'confidence': 'high', 'ambiguity_note': ''}
[114/1800] 652b3d490acf 253px ok 1.9s (2.4s/item avg, ~68 min left) {'ground_type': 'shaded_field', 'shading_geometry': 'radial_or_vignette', 'field_texture': 'smooth', 'enclosure': 'none', 'confidence': 'high', 'ambiguity_note': ''}
[115/1800] 6b9ddd24a097 482px ok 2.2s (2.4s/item avg, ~68 min left) {'ground_type': 'flat_field', 'shading_geometry': 'not_applicable', 'field_texture': 'smooth', 'enclosure': 'thick_frame_or_bars', 'confidence': 'high', 'ambiguity_note': ''}
[116/1800] b4dc81516c85 147px ok 1.8s (2.4s/item avg, ~67 min left) {'ground_type': 'full_scene', 'shading_geometry': 'not_applicable', 'field_texture': 'smooth', 'enclosure': 'none', 'confidence': 'high', 'ambiguity_note': ''}
[117/1800] dbfffd58b224 333px ok 1.9s (2.4s/item avg, ~67 min left) {'ground_type': 'full_scene', 'shading_geometry': 'not_applicable', 'field_texture': 'one_textured_material', 'enclosure': 'none', 'confidence': 'high', 'ambiguity_note': ''}
[118/1800] 506e4c4521e0 482px ok 2.2s (2.4s/item avg, ~67 min left) {'ground_type': 'pattern_or_texture', 'shading_geometry': 'not_applicable', 'field_texture': 'distinct_areas', 'enclosure': 'none', 'confidence': 'high', 'ambiguity_note': ''}
[119/1800] 8014841d4dfd 147px ok 1.9s (2.4s/item avg, ~67 min left) {'ground_type': 'full_scene', 'shading_geometry': 'not_applicable', 'field_texture': 'one_textured_material', 'enclosure': 'thin_border', 'confidence': 'high', 'ambiguity_note': ''}
[120/1800] c1be47defc3c 483px ok 2.1s (2.4s/item avg, ~67 min left) {'ground_type': 'full_scene', 'shading_geometry': 'not_applicable', 'field_texture': 'smooth', 'enclosure': 'none', 'confidence': 'high', 'ambiguity_note': ''}
[121/1800] 7f6125e05b70 640px ok 2.5s (2.4s/item avg, ~67 min left) {'ground_type': 'flat_field', 'shading_geometry': 'not_applicable', 'field_texture': 'smooth', 'enclosure': 'none', 'confidence': 'high', 'ambiguity_note': ''}
[122/1800] 79e7934bf1ac 333px ok 1.8s (2.4s/item avg, ~67 min left) {'ground_type': 'full_scene', 'shading_geometry': 'not_applicable', 'field_texture': 'smooth', 'enclosure': 'none', 'confidence': 'high', 'ambiguity_note': ''}
[123/1800] 07b122ad5a8e 147px ok 1.9s (2.4s/item avg, ~67 min left) {'ground_type': 'shaded_field', 'shading_geometry': 'radial_or_vignette', 'field_texture': 'one_textured_material', 'enclosure': 'none', 'confidence': 'high', 'ambiguity_note': ''}
[124/1800] bb2c6d36183d 483px ok 2.1s (2.4s/item avg, ~66 min left) {'ground_type': 'multiple_distinct_fields', 'shading_geometry': 'not_applicable', 'field_texture': 'smooth', 'enclosure': 'thin_border', 'confidence': 'high', 'ambiguity_note': ''}
[125/1800] 1c73b3ebefa1 640px ok 2.6s (2.4s/item avg, ~66 min left) {'ground_type': 'full_scene', 'shading_geometry': 'not_applicable', 'field_texture': 'smooth', 'enclosure': 'none', 'confidence': 'high', 'ambiguity_note': ''}
[126/1800] ec8e773ef5f1 333px ok 2.0s (2.4s/item avg, ~66 min left) {'ground_type': 'flat_field', 'shading_geometry': 'not_applicable', 'field_texture': 'smooth', 'enclosure': 'none', 'confidence': 'high', 'ambiguity_note': ''}
[127/1800] d82b8bdd68e8 700px ok 4.4s (2.4s/item avg, ~67 min left) {'ground_type': 'full_scene', 'shading_geometry': 'not_applicable', 'field_texture': 'one_textured_material', 'enclosure': 'none', 'confidence': 'medium', 'ambiguity_note': 'background appears to be an indoor setting but details are indistinct'}
[128/1800] 5d69fb1bfbb6 700px ok 2.9s (2.4s/item avg, ~67 min left) {'ground_type': 'full_scene', 'shading_geometry': 'not_applicable', 'field_texture': 'smooth', 'enclosure': 'none', 'confidence': 'high', 'ambiguity_note': ''}
[129/1800] e7791800399b 147px ok 2.1s (2.4s/item avg, ~67 min left) {'ground_type': 'shaded_field', 'shading_geometry': 'radial_or_vignette', 'field_texture': 'smooth', 'enclosure': 'none', 'confidence': 'high', 'ambiguity_note': ''}
[130/1800] 7a569591f640 700px ok 3.0s (2.4s/item avg, ~67 min left) {'ground_type': 'shaded_field', 'shading_geometry': 'radial_or_vignette', 'field_texture': 'one_textured_material', 'enclosure': 'thin_border', 'confidence': 'high', 'ambiguity_note': ''}
[131/1800] 4583a2effb86 332px ok 2.6s (2.4s/item avg, ~67 min left) {'ground_type': 'flat_field', 'shading_geometry': 'not_applicable', 'field_texture': 'smooth', 'enclosure': 'none', 'confidence': 'high', 'ambiguity_note': ''}
[132/1800] b24ad50dce60 368px ok 2.3s (2.4s/item avg, ~67 min left) {'ground_type': 'flat_field', 'shading_geometry': 'not_applicable', 'field_texture': 'smooth', 'enclosure': 'none', 'confidence': 'high', 'ambiguity_note': ''}
[133/1800] f16b9facbba4 640px ok 3.3s (2.4s/item avg, ~67 min left) {'ground_type': 'full_scene', 'shading_geometry': 'not_applicable', 'field_texture': 'one_textured_material', 'enclosure': 'thick_frame_or_bars', 'confidence': 'high', 'ambiguity_note': ''}
[134/1800] 8532a91d6134 147px ok 1.8s (2.4s/item avg, ~67 min left) {'ground_type': 'full_scene', 'shading_geometry': 'not_applicable', 'field_texture': 'smooth', 'enclosure': 'none', 'confidence': 'high', 'ambiguity_note': ''}
[135/1800] af6d25775d62 1200px ok 5.3s (2.4s/item avg, ~67 min left) {'ground_type': 'flat_field', 'shading_geometry': 'not_applicable', 'field_texture': 'smooth', 'enclosure': 'none', 'confidence': 'high', 'ambiguity_note': ''}
[136/1800] 07d6d26a9241 400px ok 2.0s (2.4s/item avg, ~67 min left) {'ground_type': 'pattern_or_texture', 'shading_geometry': 'not_applicable', 'field_texture': 'one_textured_material', 'enclosure': 'none', 'confidence': 'high', 'ambiguity_note': ''}
[137/1800] 3302b340a4c7 147px ok 2.1s (2.4s/item avg, ~67 min left) {'ground_type': 'shaded_field', 'shading_geometry': 'radial_or_vignette', 'field_texture': 'one_textured_material', 'enclosure': 'none', 'confidence': 'high', 'ambiguity_note': ''}
[138/1800] 41ac32e4da76 482px ok 2.2s (2.4s/item avg, ~67 min left) {'ground_type': 'flat_field', 'shading_geometry': 'not_applicable', 'field_texture': 'smooth', 'enclosure': 'none', 'confidence': 'high', 'ambiguity_note': ''}
[139/1800] d5c5ca3c64fd 333px ok 2.0s (2.4s/item avg, ~67 min left) {'ground_type': 'flat_field', 'shading_geometry': 'not_applicable', 'field_texture': 'smooth', 'enclosure': 'none', 'confidence': 'high', 'ambiguity_note': ''}
[140/1800] 07d6d26a9241 147px ok 2.0s (2.4s/item avg, ~67 min left) {'ground_type': 'shaded_field', 'shading_geometry': 'radial_or_vignette', 'field_texture': 'one_textured_material', 'enclosure': 'none', 'confidence': 'high', 'ambiguity_note': ''}
[141/1800] 3c44f3e4c5dd 332px ok 2.3s (2.4s/item avg, ~67 min left) {'ground_type': 'flat_field', 'shading_geometry': 'not_applicable', 'field_texture': 'smooth', 'enclosure': 'none', 'confidence': 'high', 'ambiguity_note': ''}
[142/1800] e0fd26830dec 147px ok 2.4s (2.4s/item avg, ~67 min left) {'ground_type': 'flat_field', 'shading_geometry': 'not_applicable', 'field_texture': 'smooth', 'enclosure': 'none', 'confidence': 'high', 'ambiguity_note': ''}
[143/1800] 07b122ad5a8e 700px ok 3.7s (2.4s/item avg, ~67 min left) {'ground_type': 'shaded_field', 'shading_geometry': 'radial_or_vignette', 'field_texture': 'one_textured_material', 'enclosure': 'none', 'confidence': 'high', 'ambiguity_note': ''}
[144/1800] 31e1be97feb6 332px ok 2.5s (2.4s/item avg, ~67 min left) {'ground_type': 'shaded_field', 'shading_geometry': 'radial_or_vignette', 'field_texture': 'one_textured_material', 'enclosure': 'none', 'confidence': 'high', 'ambiguity_note': ''}
[145/1800] 0a05f39989af 147px ok 2.1s (2.4s/item avg, ~67 min left) {'ground_type': 'flat_field', 'shading_geometry': 'not_applicable', 'field_texture': 'one_textured_material', 'enclosure': 'none', 'confidence': 'high', 'ambiguity_note': ''}
[146/1800] bb120f2d7813 640px ok 2.6s (2.4s/item avg, ~67 min left) {'ground_type': 'flat_field', 'shading_geometry': 'not_applicable', 'field_texture': 'smooth', 'enclosure': 'none', 'confidence': 'high', 'ambiguity_note': ''}
[147/1800] 1e29723f4786 333px ok 1.9s (2.4s/item avg, ~67 min left) {'ground_type': 'flat_field', 'shading_geometry': 'not_applicable', 'field_texture': 'smooth', 'enclosure': 'none', 'confidence': 'high', 'ambiguity_note': ''}
[148/1800] ca71c3c4224a 333px ok 1.9s (2.4s/item avg, ~66 min left) {'ground_type': 'flat_field', 'shading_geometry': 'not_applicable', 'field_texture': 'smooth', 'enclosure': 'none', 'confidence': 'high', 'ambiguity_note': ''}
[149/1800] 0e21cd4a9245 332px ok 1.8s (2.4s/item avg, ~66 min left) {'ground_type': 'flat_field', 'shading_geometry': 'not_applicable', 'field_texture': 'smooth', 'enclosure': 'none', 'confidence': 'high', 'ambiguity_note': ''}
[150/1800] b090791e3f86 332px ok 2.0s (2.4s/item avg, ~66 min left) {'ground_type': 'shaded_field', 'shading_geometry': 'radial_or_vignette', 'field_texture': 'one_textured_material', 'enclosure': 'none', 'confidence': 'high', 'ambiguity_note': ''}
[151/1800] bb120f2d7813 483px ok 2.2s (2.4s/item avg, ~66 min left) {'ground_type': 'flat_field', 'shading_geometry': 'not_applicable', 'field_texture': 'smooth', 'enclosure': 'none', 'confidence': 'high', 'ambiguity_note': ''}
[152/1800] c63f94d6acdf 700px ok 2.8s (2.4s/item avg, ~66 min left) {'ground_type': 'flat_field', 'shading_geometry': 'not_applicable', 'field_texture': 'one_textured_material', 'enclosure': 'none', 'confidence': 'high', 'ambiguity_note': ''}
[153/1800] 0032ccefda14 700px ok 2.8s (2.4s/item avg, ~66 min left) {'ground_type': 'flat_field', 'shading_geometry': 'not_applicable', 'field_texture': 'one_textured_material', 'enclosure': 'none', 'confidence': 'high', 'ambiguity_note': ''}
[154/1800] c4aed9dadecc 147px ok 1.9s (2.4s/item avg, ~66 min left) {'ground_type': 'full_scene', 'shading_geometry': 'not_applicable', 'field_texture': 'distinct_areas', 'enclosure': 'none', 'confidence': 'high', 'ambiguity_note': ''}
[155/1800] b11a43bb56a7 700px ok 2.8s (2.4s/item avg, ~66 min left) {'ground_type': 'flat_field', 'shading_geometry': 'not_applicable', 'field_texture': 'one_textured_material', 'enclosure': 'none', 'confidence': 'high', 'ambiguity_note': ''}
[156/1800] 1e5bbb09a8c8 147px ok 2.0s (2.4s/item avg, ~66 min left) {'ground_type': 'shaded_field', 'shading_geometry': 'radial_or_vignette', 'field_texture': 'one_textured_material', 'enclosure': 'none', 'confidence': 'high', 'ambiguity_note': ''}
[157/1800] bcf968c83115 147px ok 1.9s (2.4s/item avg, ~66 min left) {'ground_type': 'shaded_field', 'shading_geometry': 'radial_or_vignette', 'field_texture': 'smooth', 'enclosure': 'none', 'confidence': 'high', 'ambiguity_note': ''}
[158/1800] 8cca6ad26b00 333px ok 2.0s (2.4s/item avg, ~66 min left) {'ground_type': 'full_scene', 'shading_geometry': 'not_applicable', 'field_texture': 'smooth', 'enclosure': 'none', 'confidence': 'high', 'ambiguity_note': ''}
[159/1800] c0d7f5933e81 700px ok 2.8s (2.4s/item avg, ~66 min left) {'ground_type': 'shaded_field', 'shading_geometry': 'radial_or_vignette', 'field_texture': 'smooth', 'enclosure': 'none', 'confidence': 'high', 'ambiguity_note': ''}
[160/1800] 409ac0a056f4 1440px ok 7.2s (2.4s/item avg, ~67 min left) {'ground_type': 'pattern_or_texture', 'shading_geometry': 'not_applicable', 'field_texture': 'one_textured_material', 'enclosure': 'none', 'confidence': 'high', 'ambiguity_note': ''}
[161/1800] 9a1efc2c33f8 483px ok 2.3s (2.4s/item avg, ~66 min left) {'ground_type': 'shaded_field', 'shading_geometry': 'radial_or_vignette', 'field_texture': 'one_textured_material', 'enclosure': 'thin_border', 'confidence': 'high', 'ambiguity_note': ''}
[162/1800] 48c2e209baf5 640px ok 2.7s (2.4s/item avg, ~66 min left) {'ground_type': 'shaded_field', 'shading_geometry': 'radial_or_vignette', 'field_texture': 'one_textured_material', 'enclosure': 'none', 'confidence': 'high', 'ambiguity_note': ''}
[163/1800] 04ad96254ca4 1500px ok 7.8s (2.5s/item avg, ~67 min left) {'ground_type': 'shaded_field', 'shading_geometry': 'radial_or_vignette', 'field_texture': 'one_textured_material', 'enclosure': 'none', 'confidence': 'high', 'ambiguity_note': ''}
[164/1800] 28f5d6fccf84 700px ok 2.9s (2.5s/item avg, ~67 min left) {'ground_type': 'full_scene', 'shading_geometry': 'not_applicable', 'field_texture': 'one_textured_material', 'enclosure': 'thin_border', 'confidence': 'high', 'ambiguity_note': ''}
[165/1800] fcbe3c60804b 700px ok 2.7s (2.5s/item avg, ~67 min left) {'ground_type': 'flat_field', 'shading_geometry': 'not_applicable', 'field_texture': 'smooth', 'enclosure': 'none', 'confidence': 'high', 'ambiguity_note': ''}
[166/1800] 5c81543674fd 332px ok 1.9s (2.5s/item avg, ~67 min left) {'ground_type': 'flat_field', 'shading_geometry': 'not_applicable', 'field_texture': 'smooth', 'enclosure': 'none', 'confidence': 'high', 'ambiguity_note': ''}
[167/1800] c454f6062593 640px ok 2.7s (2.5s/item avg, ~67 min left) {'ground_type': 'flat_field', 'shading_geometry': 'not_applicable', 'field_texture': 'smooth', 'enclosure': 'thick_frame_or_bars', 'confidence': 'high', 'ambiguity_note': ''}
[168/1800] f0d8719de8e7 640px ok 2.5s (2.5s/item avg, ~67 min left) {'ground_type': 'flat_field', 'shading_geometry': 'not_applicable', 'field_texture': 'smooth', 'enclosure': 'none', 'confidence': 'high', 'ambiguity_note': ''}
[169/1800] 400c9b467fc8 700px ok 2.8s (2.5s/item avg, ~67 min left) {'ground_type': 'flat_field', 'shading_geometry': 'not_applicable', 'field_texture': 'smooth', 'enclosure': 'none', 'confidence': 'high', 'ambiguity_note': ''}
[170/1800] b031a3fed3c7 500px ok 2.4s (2.5s/item avg, ~67 min left) {'ground_type': 'full_scene', 'shading_geometry': 'not_applicable', 'field_texture': 'smooth', 'enclosure': 'thick_frame_or_bars', 'confidence': 'high', 'ambiguity_note': ''}
[171/1800] 4583a2effb86 147px ok 1.8s (2.5s/item avg, ~67 min left) {'ground_type': 'flat_field', 'shading_geometry': 'not_applicable', 'field_texture': 'smooth', 'enclosure': 'none', 'confidence': 'high', 'ambiguity_note': ''}
[172/1800] b4dc81516c85 332px ok 2.1s (2.5s/item avg, ~67 min left) {'ground_type': 'shaded_field', 'shading_geometry': 'radial_or_vignette', 'field_texture': 'smooth', 'enclosure': 'none', 'confidence': 'high', 'ambiguity_note': ''}
[173/1800] 0d452cbfe724 160px ok 1.9s (2.5s/item avg, ~67 min left) {'ground_type': 'flat_field', 'shading_geometry': 'not_applicable', 'field_texture': 'one_textured_material', 'enclosure': 'thin_border', 'confidence': 'high', 'ambiguity_note': ''}
[174/1800] 40fc5c79e778 332px ok 1.9s (2.5s/item avg, ~67 min left) {'ground_type': 'flat_field', 'shading_geometry': 'not_applicable', 'field_texture': 'smooth', 'enclosure': 'none', 'confidence': 'high', 'ambiguity_note': ''}
[175/1800] 0a7519374d68 332px ok 2.0s (2.5s/item avg, ~67 min left) {'ground_type': 'full_scene', 'shading_geometry': 'not_applicable', 'field_texture': 'one_textured_material', 'enclosure': 'none', 'confidence': 'high', 'ambiguity_note': ''}
[176/1800] 81caae4301b7 368px ok 2.1s (2.5s/item avg, ~66 min left) {'ground_type': 'pattern_or_texture', 'shading_geometry': 'not_applicable', 'field_texture': 'one_textured_material', 'enclosure': 'none', 'confidence': 'high', 'ambiguity_note': ''}
[177/1800] 24bdec022040 147px ok 1.9s (2.5s/item avg, ~66 min left) {'ground_type': 'full_scene', 'shading_geometry': 'not_applicable', 'field_texture': 'smooth', 'enclosure': 'thin_border', 'confidence': 'high', 'ambiguity_note': ''}
[178/1800] dbfffd58b224 332px ok 1.9s (2.4s/item avg, ~66 min left) {'ground_type': 'full_scene', 'shading_geometry': 'not_applicable', 'field_texture': 'smooth', 'enclosure': 'none', 'confidence': 'high', 'ambiguity_note': ''}
[179/1800] 281d6e82a2a6 147px ok 1.9s (2.4s/item avg, ~66 min left) {'ground_type': 'flat_field', 'shading_geometry': 'not_applicable', 'field_texture': 'smooth', 'enclosure': 'none', 'confidence': 'high', 'ambiguity_note': ''}
[180/1800] 5a83dcc7b550 332px ok 2.0s (2.4s/item avg, ~66 min left) {'ground_type': 'flat_field', 'shading_geometry': 'not_applicable', 'field_texture': 'one_textured_material', 'enclosure': 'none', 'confidence': 'high', 'ambiguity_note': ''}
[181/1800] f242f014c2e3 700px ok 2.7s (2.4s/item avg, ~66 min left) {'ground_type': 'flat_field', 'shading_geometry': 'not_applicable', 'field_texture': 'smooth', 'enclosure': 'none', 'confidence': 'high', 'ambiguity_note': ''}
[182/1800] 4520c2942916 200px ok 1.9s (2.4s/item avg, ~66 min left) {'ground_type': 'multiple_distinct_fields', 'shading_geometry': 'not_applicable', 'field_texture': 'distinct_areas', 'enclosure': 'none', 'confidence': 'high', 'ambiguity_note': ''}
[183/1800] f242f014c2e3 147px ok 1.8s (2.4s/item avg, ~66 min left) {'ground_type': 'flat_field', 'shading_geometry': 'not_applicable', 'field_texture': 'smooth', 'enclosure': 'none', 'confidence': 'high', 'ambiguity_note': ''}
[184/1800] 400c9b467fc8 332px ok 1.9s (2.4s/item avg, ~66 min left) {'ground_type': 'flat_field', 'shading_geometry': 'not_applicable', 'field_texture': 'smooth', 'enclosure': 'none', 'confidence': 'high', 'ambiguity_note': ''}
[185/1800] ab5700cb7064 147px ok 1.9s (2.4s/item avg, ~66 min left) {'ground_type': 'full_scene', 'shading_geometry': 'not_applicable', 'field_texture': 'one_textured_material', 'enclosure': 'none', 'confidence': 'high', 'ambiguity_note': ''}
[186/1800] 088a0cbc332b 640px ok 2.5s (2.4s/item avg, ~65 min left) {'ground_type': 'flat_field', 'shading_geometry': 'not_applicable', 'field_texture': 'smooth', 'enclosure': 'none', 'confidence': 'high', 'ambiguity_note': ''}
[187/1800] d6ff23ac29d7 640px ok 2.6s (2.4s/item avg, ~65 min left) {'ground_type': 'pattern_or_texture', 'shading_geometry': 'not_applicable', 'field_texture': 'one_textured_material', 'enclosure': 'none', 'confidence': 'high', 'ambiguity_note': ''}
[188/1800] 07b122ad5a8e 333px ok 2.1s (2.4s/item avg, ~65 min left) {'ground_type': 'shaded_field', 'shading_geometry': 'radial_or_vignette', 'field_texture': 'one_textured_material', 'enclosure': 'none', 'confidence': 'high', 'ambiguity_note': ''}
[189/1800] c9fbb83c728d 112px ok 1.9s (2.4s/item avg, ~65 min left) {'ground_type': 'shaded_field', 'shading_geometry': 'radial_or_vignette', 'field_texture': 'smooth', 'enclosure': 'none', 'confidence': 'high', 'ambiguity_note': ''}
[190/1800] 9dcba009d18e 332px ok 2.1s (2.4s/item avg, ~65 min left) {'ground_type': 'shaded_field', 'shading_geometry': 'radial_or_vignette', 'field_texture': 'smooth', 'enclosure': 'none', 'confidence': 'high', 'ambiguity_note': ''}
[191/1800] a881b66f8786 483px ok 2.3s (2.4s/item avg, ~65 min left) {'ground_type': 'multiple_distinct_fields', 'shading_geometry': 'not_applicable', 'field_texture': 'distinct_areas', 'enclosure': 'none', 'confidence': 'high', 'ambiguity_note': ''}
[192/1800] b2d5f19d4d18 700px ok 2.9s (2.4s/item avg, ~65 min left) {'ground_type': 'shaded_field', 'shading_geometry': 'radial_or_vignette', 'field_texture': 'one_textured_material', 'enclosure': 'none', 'confidence': 'high', 'ambiguity_note': ''}
[193/1800] 96b381397b78 147px ok 1.9s (2.4s/item avg, ~65 min left) {'ground_type': 'flat_field', 'shading_geometry': 'not_applicable', 'field_texture': 'smooth', 'enclosure': 'none', 'confidence': 'high', 'ambiguity_note': ''}
[194/1800] 302e3e176b93 147px ok 1.9s (2.4s/item avg, ~65 min left) {'ground_type': 'flat_field', 'shading_geometry': 'not_applicable', 'field_texture': 'smooth', 'enclosure': 'none', 'confidence': 'high', 'ambiguity_note': ''}
[195/1800] ffc1105d6472 700px ok 2.9s (2.4s/item avg, ~65 min left) {'ground_type': 'shaded_field', 'shading_geometry': 'not_applicable', 'field_texture': 'one_textured_material', 'enclosure': 'none', 'confidence': 'high', 'ambiguity_note': ''}
[196/1800] bd639210cfc7 700px ok 2.9s (2.4s/item avg, ~65 min left) {'ground_type': 'shaded_field', 'shading_geometry': 'radial_or_vignette', 'field_texture': 'smooth', 'enclosure': 'none', 'confidence': 'high', 'ambiguity_note': ''}
[197/1800] b5cefa1644ae 483px ok 2.2s (2.4s/item avg, ~65 min left) {'ground_type': 'full_scene', 'shading_geometry': 'not_applicable', 'field_texture': 'distinct_areas', 'enclosure': 'none', 'confidence': 'high', 'ambiguity_note': ''}
[198/1800] 307a9f001210 147px ok 2.0s (2.4s/item avg, ~65 min left) {'ground_type': 'shaded_field', 'shading_geometry': 'radial_or_vignette', 'field_texture': 'one_textured_material', 'enclosure': 'none', 'confidence': 'high', 'ambiguity_note': ''}
[199/1800] 0175812f4b54 318px ok 2.1s (2.4s/item avg, ~65 min left) {'ground_type': 'flat_field', 'shading_geometry': 'not_applicable', 'field_texture': 'smooth', 'enclosure': 'thin_border', 'confidence': 'high', 'ambiguity_note': ''}
[200/1800] a86012aeeab0 640px ok 2.7s (2.4s/item avg, ~65 min left) {'ground_type': 'full_scene', 'shading_geometry': 'not_applicable', 'field_texture': 'distinct_areas', 'enclosure': 'none', 'confidence': 'high', 'ambiguity_note': ''}
[201/1800] 8fb08da5b669 147px ok 1.9s (2.4s/item avg, ~65 min left) {'ground_type': 'flat_field', 'shading_geometry': 'not_applicable', 'field_texture': 'smooth', 'enclosure': 'none', 'confidence': 'high', 'ambiguity_note': ''}
[202/1800] 43f72e231192 147px ok 2.0s (2.4s/item avg, ~65 min left) {'ground_type': 'flat_field', 'shading_geometry': 'not_applicable', 'field_texture': 'smooth', 'enclosure': 'none', 'confidence': 'high', 'ambiguity_note': ''}
[203/1800] 6478e9b461c9 640px ok 2.7s (2.4s/item avg, ~65 min left) {'ground_type': 'shaded_field', 'shading_geometry': 'radial_or_vignette', 'field_texture': 'smooth', 'enclosure': 'none', 'confidence': 'high', 'ambiguity_note': ''}
[204/1800] ad92c468072c 147px ok 2.0s (2.4s/item avg, ~65 min left) {'ground_type': 'full_scene', 'shading_geometry': 'not_applicable', 'field_texture': 'smooth', 'enclosure': 'none', 'confidence': 'high', 'ambiguity_note': ''}
[205/1800] d0e43b8fa079 483px ok 2.4s (2.4s/item avg, ~65 min left) {'ground_type': 'multiple_distinct_fields', 'shading_geometry': 'not_applicable', 'field_texture': 'smooth', 'enclosure': 'thin_border', 'confidence': 'high', 'ambiguity_note': ''}
[206/1800] 86482d6947b3 483px ok 2.2s (2.4s/item avg, ~65 min left) {'ground_type': 'flat_field', 'shading_geometry': 'not_applicable', 'field_texture': 'smooth', 'enclosure': 'none', 'confidence': 'high', 'ambiguity_note': ''}
[207/1800] a86012aeeab0 483px ok 2.4s (2.4s/item avg, ~65 min left) {'ground_type': 'pattern_or_texture', 'shading_geometry': 'not_applicable', 'field_texture': 'one_textured_material', 'enclosure': 'none', 'confidence': 'high', 'ambiguity_note': ''}
[208/1800] 2d88913489ef 253px ok 1.9s (2.4s/item avg, ~64 min left) {'ground_type': 'flat_field', 'shading_geometry': 'not_applicable', 'field_texture': 'smooth', 'enclosure': 'thin_border', 'confidence': 'high', 'ambiguity_note': ''}
[209/1800] a377aeb35c90 483px ok 2.4s (2.4s/item avg, ~64 min left) {'ground_type': 'flat_field', 'shading_geometry': 'not_applicable', 'field_texture': 'smooth', 'enclosure': 'thick_frame_or_bars', 'confidence': 'high', 'ambiguity_note': ''}
[210/1800] 4e1818d741e1 640px ok 2.8s (2.4s/item avg, ~64 min left) {'ground_type': 'flat_field', 'shading_geometry': 'not_applicable', 'field_texture': 'smooth', 'enclosure': 'none', 'confidence': 'high', 'ambiguity_note': ''}
[211/1800] 8559fe9e6f57 700px ok 3.0s (2.4s/item avg, ~64 min left) {'ground_type': 'shaded_field', 'shading_geometry': 'radial_or_vignette', 'field_texture': 'smooth', 'enclosure': 'none', 'confidence': 'high', 'ambiguity_note': ''}
[212/1800] 967eabe51cbe 253px ok 2.3s (2.4s/item avg, ~64 min left) {'ground_type': 'shaded_field', 'shading_geometry': 'radial_or_vignette', 'field_texture': 'one_textured_material', 'enclosure': 'thin_border', 'confidence': 'high', 'ambiguity_note': ''}
[213/1800] ce42be3bb72a 147px ok 2.1s (2.4s/item avg, ~64 min left) {'ground_type': 'flat_field', 'shading_geometry': 'not_applicable', 'field_texture': 'smooth', 'enclosure': 'none', 'confidence': 'high', 'ambiguity_note': ''}
[214/1800] fe3ad629099e 483px ok 2.7s (2.4s/item avg, ~64 min left) {'ground_type': 'full_scene', 'shading_geometry': 'not_applicable', 'field_texture': 'one_textured_material', 'enclosure': 'none', 'confidence': 'high', 'ambiguity_note': ''}
[215/1800] 41ac32e4da76 483px ok 2.4s (2.4s/item avg, ~64 min left) {'ground_type': 'flat_field', 'shading_geometry': 'not_applicable', 'field_texture': 'smooth', 'enclosure': 'none', 'confidence': 'high', 'ambiguity_note': ''}
[216/1800] c9fbb83c728d 318px ok 2.1s (2.4s/item avg, ~64 min left) {'ground_type': 'shaded_field', 'shading_geometry': 'radial_or_vignette', 'field_texture': 'smooth', 'enclosure': 'none', 'confidence': 'high', 'ambiguity_note': ''}
[217/1800] 63b2bb8fb64a 640px ok 2.9s (2.4s/item avg, ~64 min left) {'ground_type': 'shaded_field', 'shading_geometry': 'radial_or_vignette', 'field_texture': 'one_textured_material', 'enclosure': 'none', 'confidence': 'high', 'ambiguity_note': ''}
[218/1800] 537c750189aa 700px ok 2.9s (2.4s/item avg, ~64 min left) {'ground_type': 'flat_field', 'shading_geometry': 'not_applicable', 'field_texture': 'one_textured_material', 'enclosure': 'none', 'confidence': 'high', 'ambiguity_note': ''}
[219/1800] 2fb1921c8cda 332px ok 2.0s (2.4s/item avg, ~64 min left) {'ground_type': 'flat_field', 'shading_geometry': 'not_applicable', 'field_texture': 'smooth', 'enclosure': 'none', 'confidence': 'high', 'ambiguity_note': ''}
[220/1800] 3e7e55bd2a64 482px ok 2.4s (2.4s/item avg, ~64 min left) {'ground_type': 'shaded_field', 'shading_geometry': 'radial_or_vignette', 'field_texture': 'smooth', 'enclosure': 'none', 'confidence': 'high', 'ambiguity_note': ''}
[221/1800] 0175812f4b54 112px ok 2.0s (2.4s/item avg, ~64 min left) {'ground_type': 'flat_field', 'shading_geometry': 'not_applicable', 'field_texture': 'one_textured_material', 'enclosure': 'thin_border', 'confidence': 'high', 'ambiguity_note': ''}
[222/1800] 33c71bf3167a 482px ok 2.4s (2.4s/item avg, ~64 min left) {'ground_type': 'flat_field', 'shading_geometry': 'not_applicable', 'field_texture': 'one_textured_material', 'enclosure': 'none', 'confidence': 'high', 'ambiguity_note': ''}
[223/1800] 1a5bbbaa74b0 147px ok 2.0s (2.4s/item avg, ~64 min left) {'ground_type': 'shaded_field', 'shading_geometry': 'radial_or_vignette', 'field_texture': 'smooth', 'enclosure': 'none', 'confidence': 'high', 'ambiguity_note': ''}
[224/1800] 89a2eabaea13 700px ok 3.0s (2.4s/item avg, ~64 min left) {'ground_type': 'shaded_field', 'shading_geometry': 'radial_or_vignette', 'field_texture': 'one_textured_material', 'enclosure': 'none', 'confidence': 'high', 'ambiguity_note': ''}
[225/1800] 4583a2effb86 640px ok 2.6s (2.4s/item avg, ~64 min left) {'ground_type': 'flat_field', 'shading_geometry': 'not_applicable', 'field_texture': 'smooth', 'enclosure': 'none', 'confidence': 'high', 'ambiguity_note': ''}
[226/1800] 17aabbb1db7a 700px ok 2.8s (2.4s/item avg, ~64 min left) {'ground_type': 'flat_field', 'shading_geometry': 'not_applicable', 'field_texture': 'smooth', 'enclosure': 'none', 'confidence': 'high', 'ambiguity_note': ''}
[227/1800] 8014841d4dfd 700px ok 2.9s (2.4s/item avg, ~64 min left) {'ground_type': 'full_scene', 'shading_geometry': 'not_applicable', 'field_texture': 'one_textured_material', 'enclosure': 'thin_border', 'confidence': 'high', 'ambiguity_note': ''}
[228/1800] d688397df701 3000px ok 63.8s (2.7s/item avg, ~71 min left) {'ground_type': 'flat_field', 'shading_geometry': 'not_applicable', 'field_texture': 'smooth', 'enclosure': 'none', 'confidence': 'high', 'ambiguity_note': ''}
[229/1800] 5e442b2b37b9 332px ok 2.1s (2.7s/item avg, ~71 min left) {'ground_type': 'flat_field', 'shading_geometry': 'not_applicable', 'field_texture': 'smooth', 'enclosure': 'none', 'confidence': 'high', 'ambiguity_note': ''}
[230/1800] b4dc81516c85 1082px ok 4.9s (2.7s/item avg, ~71 min left) {'ground_type': 'shaded_field', 'shading_geometry': 'radial_or_vignette', 'field_texture': 'smooth', 'enclosure': 'none', 'confidence': 'high', 'ambiguity_note': ''}
[231/1800] 4a7578f0a976 640px ok 3.1s (2.7s/item avg, ~71 min left) {'ground_type': 'flat_field', 'shading_geometry': 'not_applicable', 'field_texture': 'one_textured_material', 'enclosure': 'thin_border', 'confidence': 'high', 'ambiguity_note': ''}
[232/1800] de95cff9bf56 332px ok 2.3s (2.7s/item avg, ~71 min left) {'ground_type': 'full_scene', 'shading_geometry': 'not_applicable', 'field_texture': 'smooth', 'enclosure': 'none', 'confidence': 'high', 'ambiguity_note': ''}
[233/1800] ad4a6a983e08 483px ok 2.7s (2.7s/item avg, ~71 min left) {'ground_type': 'pattern_or_texture', 'shading_geometry': 'not_applicable', 'field_texture': 'one_textured_material', 'enclosure': 'none', 'confidence': 'high', 'ambiguity_note': ''}
[234/1800] 257b37d24108 640px ok 2.7s (2.7s/item avg, ~71 min left) {'ground_type': 'full_scene', 'shading_geometry': 'not_applicable', 'field_texture': 'smooth', 'enclosure': 'none', 'confidence': 'high', 'ambiguity_note': ''}
[235/1800] ffc1105d6472 147px ok 2.0s (2.7s/item avg, ~71 min left) {'ground_type': 'flat_field', 'shading_geometry': 'not_applicable', 'field_texture': 'smooth', 'enclosure': 'none', 'confidence': 'high', 'ambiguity_note': ''}
[236/1800] 6f001a7ab2fd 483px ok 2.5s (2.7s/item avg, ~71 min left) {'ground_type': 'flat_field', 'shading_geometry': 'not_applicable', 'field_texture': 'one_textured_material', 'enclosure': 'thin_border', 'confidence': 'high', 'ambiguity_note': ''}
[237/1800] 31232794819b 640px ok 2.7s (2.7s/item avg, ~71 min left) {'ground_type': 'flat_field', 'shading_geometry': 'not_applicable', 'field_texture': 'smooth', 'enclosure': 'none', 'confidence': 'high', 'ambiguity_note': ''}
[238/1800] 47b420288547 147px ok 2.1s (2.7s/item avg, ~70 min left) {'ground_type': 'shaded_field', 'shading_geometry': 'radial_or_vignette', 'field_texture': 'smooth', 'enclosure': 'none', 'confidence': 'high', 'ambiguity_note': ''}
[239/1800] fda547c58900 368px ok 2.2s (2.7s/item avg, ~70 min left) {'ground_type': 'flat_field', 'shading_geometry': 'not_applicable', 'field_texture': 'smooth', 'enclosure': 'none', 'confidence': 'high', 'ambiguity_note': ''}
[240/1800] 96a73f665b3b 700px ok 2.9s (2.7s/item avg, ~70 min left) {'ground_type': 'flat_field', 'shading_geometry': 'not_applicable', 'field_texture': 'smooth', 'enclosure': 'none', 'confidence': 'high', 'ambiguity_note': ''}
[241/1800] 345246b727bd 483px ok 2.4s (2.7s/item avg, ~70 min left) {'ground_type': 'pattern_or_texture', 'shading_geometry': 'not_applicable', 'field_texture': 'one_textured_material', 'enclosure': 'none', 'confidence': 'high', 'ambiguity_note': ''}
[242/1800] fda547c58900 147px ok 2.0s (2.7s/item avg, ~70 min left) {'ground_type': 'flat_field', 'shading_geometry': 'not_applicable', 'field_texture': 'smooth', 'enclosure': 'none', 'confidence': 'high', 'ambiguity_note': ''}
[243/1800] 268eeff49507 640px ok 2.8s (2.7s/item avg, ~70 min left) {'ground_type': 'pattern_or_texture', 'shading_geometry': 'not_applicable', 'field_texture': 'one_textured_material', 'enclosure': 'thin_border', 'confidence': 'high', 'ambiguity_note': ''}
[244/1800] 72dd0edffff9 1079px ok 4.8s (2.7s/item avg, ~70 min left) {'ground_type': 'multiple_distinct_fields', 'shading_geometry': 'not_applicable', 'field_texture': 'distinct_areas', 'enclosure': 'none', 'confidence': 'high', 'ambiguity_note': ''}
[245/1800] 7f8688ad0434 350px ok 2.1s (2.7s/item avg, ~70 min left) {'ground_type': 'flat_field', 'shading_geometry': 'not_applicable', 'field_texture': 'smooth', 'enclosure': 'none', 'confidence': 'high', 'ambiguity_note': ''}
[246/1800] bb120f2d7813 640px ok 2.7s (2.7s/item avg, ~70 min left) {'ground_type': 'flat_field', 'shading_geometry': 'not_applicable', 'field_texture': 'smooth', 'enclosure': 'none', 'confidence': 'high', 'ambiguity_note': ''}
[247/1800] c9132d67fb5f 147px ok 2.0s (2.7s/item avg, ~70 min left) {'ground_type': 'full_scene', 'shading_geometry': 'not_applicable', 'field_texture': 'one_textured_material', 'enclosure': 'none', 'confidence': 'high', 'ambiguity_note': ''}
[248/1800] 41ad4095d032 333px ok 2.1s (2.7s/item avg, ~70 min left) {'ground_type': 'flat_field', 'shading_geometry': 'not_applicable', 'field_texture': 'smooth', 'enclosure': 'none', 'confidence': 'high', 'ambiguity_note': ''}
[249/1800] 7ac6bebcc9a9 147px ok 2.0s (2.7s/item avg, ~70 min left) {'ground_type': 'full_scene', 'shading_geometry': 'not_applicable', 'field_texture': 'smooth', 'enclosure': 'none', 'confidence': 'high', 'ambiguity_note': ''}
[250/1800] 3f9ecb4a1097 482px ok 2.4s (2.7s/item avg, ~70 min left) {'ground_type': 'multiple_distinct_fields', 'shading_geometry': 'not_applicable', 'field_texture': 'distinct_areas', 'enclosure': 'none', 'confidence': 'high', 'ambiguity_note': ''}
[251/1800] 0d568904cdb4 640px ok 2.7s (2.7s/item avg, ~70 min left) {'ground_type': 'flat_field', 'shading_geometry': 'not_applicable', 'field_texture': 'smooth', 'enclosure': 'none', 'confidence': 'high', 'ambiguity_note': ''}
[252/1800] 7f6125e05b70 147px ok 2.0s (2.7s/item avg, ~70 min left) {'ground_type': 'flat_field', 'shading_geometry': 'not_applicable', 'field_texture': 'smooth', 'enclosure': 'none', 'confidence': 'high', 'ambiguity_note': ''}
[253/1800] 924cd37ecb88 147px ok 1.9s (2.7s/item avg, ~69 min left) {'ground_type': 'flat_field', 'shading_geometry': 'not_applicable', 'field_texture': 'smooth', 'enclosure': 'none', 'confidence': 'high', 'ambiguity_note': ''}
[254/1800] b031a3fed3c7 482px ok 2.4s (2.7s/item avg, ~69 min left) {'ground_type': 'full_scene', 'shading_geometry': 'not_applicable', 'field_texture': 'smooth', 'enclosure': 'thick_frame_or_bars', 'confidence': 'high', 'ambiguity_note': ''}
[255/1800] 96a73f665b3b 332px ok 2.1s (2.7s/item avg, ~69 min left) {'ground_type': 'flat_field', 'shading_geometry': 'not_applicable', 'field_texture': 'smooth', 'enclosure': 'none', 'confidence': 'high', 'ambiguity_note': ''}
[256/1800] c4f5e8637499 332px ok 2.1s (2.7s/item avg, ~69 min left) {'ground_type': 'pattern_or_texture', 'shading_geometry': 'not_applicable', 'field_texture': 'smooth', 'enclosure': 'none', 'confidence': 'high', 'ambiguity_note': ''}
[257/1800] f21205c7ab80 700px ok 2.9s (2.7s/item avg, ~69 min left) {'ground_type': 'flat_field', 'shading_geometry': 'not_applicable', 'field_texture': 'smooth', 'enclosure': 'none', 'confidence': 'high', 'ambiguity_note': ''}
[258/1800] ab05370a44cf 640px ok 2.8s (2.7s/item avg, ~69 min left) {'ground_type': 'full_scene', 'shading_geometry': 'not_applicable', 'field_texture': 'one_textured_material', 'enclosure': 'thin_border', 'confidence': 'high', 'ambiguity_note': ''}
[259/1800] 2463421cc312 483px ok 2.4s (2.7s/item avg, ~69 min left) {'ground_type': 'shaded_field', 'shading_geometry': 'radial_or_vignette', 'field_texture': 'smooth', 'enclosure': 'none', 'confidence': 'high', 'ambiguity_note': ''}
[260/1800] 07d6d26a9241 400px ok 2.3s (2.7s/item avg, ~69 min left) {'ground_type': 'shaded_field', 'shading_geometry': 'radial_or_vignette', 'field_texture': 'one_textured_material', 'enclosure': 'none', 'confidence': 'high', 'ambiguity_note': ''}
[261/1800] 133cc45381e0 700px ok 3.1s (2.7s/item avg, ~69 min left) {'ground_type': 'shaded_field', 'shading_geometry': 'radial_or_vignette', 'field_texture': 'one_textured_material', 'enclosure': 'none', 'confidence': 'high', 'ambiguity_note': ''}
[262/1800] 5c81543674fd 147px ok 2.0s (2.7s/item avg, ~69 min left) {'ground_type': 'flat_field', 'shading_geometry': 'not_applicable', 'field_texture': 'smooth', 'enclosure': 'none', 'confidence': 'high', 'ambiguity_note': ''}
[263/1800] 116feaa9d4ed 332px ok 2.1s (2.7s/item avg, ~69 min left) {'ground_type': 'flat_field', 'shading_geometry': 'not_applicable', 'field_texture': 'smooth', 'enclosure': 'none', 'confidence': 'high', 'ambiguity_note': ''}
[264/1800] c795dacbc3bc 700px ok 3.2s (2.7s/item avg, ~69 min left) {'ground_type': 'shaded_field', 'shading_geometry': 'radial_or_vignette', 'field_texture': 'one_textured_material', 'enclosure': 'thin_border', 'confidence': 'high', 'ambiguity_note': ''}
[265/1800] 7b51bde9cbae 147px ok 2.1s (2.7s/item avg, ~69 min left) {'ground_type': 'flat_field', 'shading_geometry': 'not_applicable', 'field_texture': 'smooth', 'enclosure': 'thick_frame_or_bars', 'confidence': 'high', 'ambiguity_note': ''}
[266/1800] de95cff9bf56 700px ok 2.9s (2.7s/item avg, ~69 min left) {'ground_type': 'full_scene', 'shading_geometry': 'not_applicable', 'field_texture': 'smooth', 'enclosure': 'none', 'confidence': 'high', 'ambiguity_note': ''}
[267/1800] 0032ccefda14 333px ok 2.1s (2.7s/item avg, ~69 min left) {'ground_type': 'flat_field', 'shading_geometry': 'not_applicable', 'field_texture': 'smooth', 'enclosure': 'none', 'confidence': 'high', 'ambiguity_note': ''}
[268/1800] 0740e26cf605 483px ok 2.6s (2.7s/item avg, ~68 min left) {'ground_type': 'shaded_field', 'shading_geometry': 'radial_or_vignette', 'field_texture': 'one_textured_material', 'enclosure': 'thick_frame_or_bars', 'confidence': 'high', 'ambiguity_note': ''}
[269/1800] 131383048ec4 700px ok 3.0s (2.7s/item avg, ~68 min left) {'ground_type': 'shaded_field', 'shading_geometry': 'radial_or_vignette', 'field_texture': 'smooth', 'enclosure': 'none', 'confidence': 'high', 'ambiguity_note': ''}
[270/1800] 3530fe30e288 482px ok 2.4s (2.7s/item avg, ~68 min left) {'ground_type': 'flat_field', 'shading_geometry': 'not_applicable', 'field_texture': 'smooth', 'enclosure': 'none', 'confidence': 'high', 'ambiguity_note': ''}
[271/1800] 8ffc897ac60f 147px ok 2.0s (2.7s/item avg, ~68 min left) {'ground_type': 'flat_field', 'shading_geometry': 'not_applicable', 'field_texture': 'smooth', 'enclosure': 'none', 'confidence': 'high', 'ambiguity_note': ''}
[272/1800] 8ffc897ac60f 333px ok 2.1s (2.7s/item avg, ~68 min left) {'ground_type': 'flat_field', 'shading_geometry': 'not_applicable', 'field_texture': 'smooth', 'enclosure': 'none', 'confidence': 'high', 'ambiguity_note': ''}
[273/1800] 94c63c5fdd70 640px ok 2.9s (2.7s/item avg, ~68 min left) {'ground_type': 'flat_field', 'shading_geometry': 'not_applicable', 'field_texture': 'one_textured_material', 'enclosure': 'thick_frame_or_bars', 'confidence': 'high', 'ambiguity_note': ''}
[274/1800] c9fbb83c728d 640px ok 2.7s (2.7s/item avg, ~68 min left) {'ground_type': 'full_scene', 'shading_geometry': 'not_applicable', 'field_texture': 'smooth', 'enclosure': 'none', 'confidence': 'high', 'ambiguity_note': ''}
[275/1800] efc767dc333a 483px ok 2.5s (2.7s/item avg, ~68 min left) {'ground_type': 'shaded_field', 'shading_geometry': 'radial_or_vignette', 'field_texture': 'one_textured_material', 'enclosure': 'none', 'confidence': 'high', 'ambiguity_note': ''}
[276/1800] c9e936c4cac2 640px ok 2.7s (2.7s/item avg, ~68 min left) {'ground_type': 'flat_field', 'shading_geometry': 'not_applicable', 'field_texture': 'smooth', 'enclosure': 'none', 'confidence': 'high', 'ambiguity_note': ''}
[277/1800] fcbe3c60804b 695px ok 2.9s (2.7s/item avg, ~68 min left) {'ground_type': 'flat_field', 'shading_geometry': 'not_applicable', 'field_texture': 'smooth', 'enclosure': 'none', 'confidence': 'high', 'ambiguity_note': ''}
[278/1800] 594bff88468c 700px ok 3.0s (2.7s/item avg, ~68 min left) {'ground_type': 'shaded_field', 'shading_geometry': 'radial_or_vignette', 'field_texture': 'smooth', 'enclosure': 'none', 'confidence': 'high', 'ambiguity_note': ''}
[279/1800] 22d1a9c6a2e2 333px ok 2.1s (2.7s/item avg, ~68 min left) {'ground_type': 'flat_field', 'shading_geometry': 'not_applicable', 'field_texture': 'smooth', 'enclosure': 'none', 'confidence': 'high', 'ambiguity_note': ''}
[280/1800] d8767320f854 483px ok 2.3s (2.7s/item avg, ~68 min left) {'ground_type': 'flat_field', 'shading_geometry': 'not_applicable', 'field_texture': 'smooth', 'enclosure': 'none', 'confidence': 'high', 'ambiguity_note': ''}
[281/1800] 7f6125e05b70 482px ok 2.3s (2.7s/item avg, ~68 min left) {'ground_type': 'flat_field', 'shading_geometry': 'not_applicable', 'field_texture': 'smooth', 'enclosure': 'none', 'confidence': 'high', 'ambiguity_note': ''}
[282/1800] f50f0a604f94 147px ok 2.1s (2.7s/item avg, ~68 min left) {'ground_type': 'multiple_distinct_fields', 'shading_geometry': 'not_applicable', 'field_texture': 'distinct_areas', 'enclosure': 'thin_border', 'confidence': 'high', 'ambiguity_note': ''}
[283/1800] b26709a4ea6f 700px ok 3.1s (2.7s/item avg, ~68 min left) {'ground_type': 'shaded_field', 'shading_geometry': 'radial_or_vignette', 'field_texture': 'smooth', 'enclosure': 'none', 'confidence': 'high', 'ambiguity_note': ''}
[284/1800] de95cff9bf56 695px ok 3.0s (2.7s/item avg, ~68 min left) {'ground_type': 'full_scene', 'shading_geometry': 'not_applicable', 'field_texture': 'smooth', 'enclosure': 'none', 'confidence': 'high', 'ambiguity_note': ''}
[285/1800] 22d1a9c6a2e2 332px ok 2.1s (2.7s/item avg, ~67 min left) {'ground_type': 'flat_field', 'shading_geometry': 'not_applicable', 'field_texture': 'smooth', 'enclosure': 'none', 'confidence': 'high', 'ambiguity_note': ''}
[286/1800] 6b9ddd24a097 483px ok 2.4s (2.7s/item avg, ~67 min left) {'ground_type': 'flat_field', 'shading_geometry': 'not_applicable', 'field_texture': 'smooth', 'enclosure': 'thick_frame_or_bars', 'confidence': 'high', 'ambiguity_note': ''}
[287/1800] bb9b3113d7cf 147px ok 2.1s (2.7s/item avg, ~67 min left) {'ground_type': 'shaded_field', 'shading_geometry': 'radial_or_vignette', 'field_texture': 'smooth', 'enclosure': 'none', 'confidence': 'high', 'ambiguity_note': ''}
[288/1800] 5cd52bc838f4 147px ok 2.0s (2.7s/item avg, ~67 min left) {'ground_type': 'full_scene', 'shading_geometry': 'not_applicable', 'field_texture': 'one_textured_material', 'enclosure': 'none', 'confidence': 'high', 'ambiguity_note': ''}
[289/1800] 07d6d26a9241 368px ok 2.3s (2.7s/item avg, ~67 min left) {'ground_type': 'shaded_field', 'shading_geometry': 'radial_or_vignette', 'field_texture': 'one_textured_material', 'enclosure': 'none', 'confidence': 'high', 'ambiguity_note': ''}
[290/1800] bd639210cfc7 483px ok 2.4s (2.7s/item avg, ~67 min left) {'ground_type': 'shaded_field', 'shading_geometry': 'radial_or_vignette', 'field_texture': 'smooth', 'enclosure': 'none', 'confidence': 'high', 'ambiguity_note': ''}
[291/1800] 0ef2ef7fa08a 640px ok 2.7s (2.7s/item avg, ~67 min left) {'ground_type': 'full_scene', 'shading_geometry': 'not_applicable', 'field_texture': 'smooth', 'enclosure': 'none', 'confidence': 'high', 'ambiguity_note': ''}
[292/1800] a64a96e65531 147px ok 2.1s (2.7s/item avg, ~67 min left) {'ground_type': 'shaded_field', 'shading_geometry': 'radial_or_vignette', 'field_texture': 'one_textured_material', 'enclosure': 'thin_border', 'confidence': 'high', 'ambiguity_note': ''}
[293/1800] 8121a8f30fb5 300px ok 2.0s (2.7s/item avg, ~67 min left) {'ground_type': 'flat_field', 'shading_geometry': 'not_applicable', 'field_texture': 'smooth', 'enclosure': 'none', 'confidence': 'high', 'ambiguity_note': ''}
[294/1800] 5f262d251207 112px ok 1.9s (2.7s/item avg, ~67 min left) {'ground_type': 'flat_field', 'shading_geometry': 'not_applicable', 'field_texture': 'smooth', 'enclosure': 'none', 'confidence': 'high', 'ambiguity_note': ''}
[295/1800] c9592efe4753 147px ok 1.9s (2.7s/item avg, ~67 min left) {'ground_type': 'flat_field', 'shading_geometry': 'not_applicable', 'field_texture': 'smooth', 'enclosure': 'none', 'confidence': 'high', 'ambiguity_note': ''}
[296/1800] df057020df1f 147px ok 2.0s (2.7s/item avg, ~67 min left) {'ground_type': 'flat_field', 'shading_geometry': 'not_applicable', 'field_texture': 'smooth', 'enclosure': 'none', 'confidence': 'high', 'ambiguity_note': ''}
[297/1800] 6e3ac541454e 640px ok 2.8s (2.7s/item avg, ~67 min left) {'ground_type': 'full_scene', 'shading_geometry': 'not_applicable', 'field_texture': 'one_textured_material', 'enclosure': 'none', 'confidence': 'high', 'ambiguity_note': ''}
[298/1800] 183b749cc339 640px ok 2.7s (2.7s/item avg, ~66 min left) {'ground_type': 'full_scene', 'shading_geometry': 'not_applicable', 'field_texture': 'one_textured_material', 'enclosure': 'thin_border', 'confidence': 'high', 'ambiguity_note': ''}
[299/1800] bb120f2d7813 147px ok 2.0s (2.7s/item avg, ~66 min left) {'ground_type': 'flat_field', 'shading_geometry': 'not_applicable', 'field_texture': 'smooth', 'enclosure': 'none', 'confidence': 'high', 'ambiguity_note': ''}
[300/1800] 4a7578f0a976 482px ok 2.5s (2.7s/item avg, ~66 min left) {'ground_type': 'shaded_field', 'shading_geometry': 'radial_or_vignette', 'field_texture': 'one_textured_material', 'enclosure': 'thin_border', 'confidence': 'high', 'ambiguity_note': ''}
[301/1800] de95cff9bf56 700px ok 2.9s (2.7s/item avg, ~67 min left) {'ground_type': 'full_scene', 'shading_geometry': 'not_applicable', 'field_texture': 'smooth', 'enclosure': 'none', 'confidence': 'high', 'ambiguity_note': ''}
[302/1800] 72dd0edffff9 147px ok 2.0s (2.7s/item avg, ~66 min left) {'ground_type': 'multiple_distinct_fields', 'shading_geometry': 'not_applicable', 'field_texture': 'distinct_areas', 'enclosure': 'none', 'confidence': 'high', 'ambiguity_note': ''}
[303/1800] abdd2df04922 483px ok 2.3s (2.7s/item avg, ~66 min left) {'ground_type': 'flat_field', 'shading_geometry': 'not_applicable', 'field_texture': 'smooth', 'enclosure': 'none', 'confidence': 'high', 'ambiguity_note': ''}
[304/1800] 522f76886197 332px ok 2.1s (2.7s/item avg, ~66 min left) {'ground_type': 'flat_field', 'shading_geometry': 'not_applicable', 'field_texture': 'smooth', 'enclosure': 'none', 'confidence': 'high', 'ambiguity_note': ''}
[305/1800] 244939ff948d 333px ok 2.1s (2.7s/item avg, ~66 min left) {'ground_type': 'flat_field', 'shading_geometry': 'not_applicable', 'field_texture': 'smooth', 'enclosure': 'thin_border', 'confidence': 'high', 'ambiguity_note': ''}
[306/1800] 4a7578f0a976 640px ok 2.9s (2.7s/item avg, ~66 min left) {'ground_type': 'shaded_field', 'shading_geometry': 'radial_or_vignette', 'field_texture': 'one_textured_material', 'enclosure': 'thin_border', 'confidence': 'high', 'ambiguity_note': ''}
[307/1800] 21a09023fd64 700px ok 3.0s (2.7s/item avg, ~66 min left) {'ground_type': 'flat_field', 'shading_geometry': 'not_applicable', 'field_texture': 'smooth', 'enclosure': 'none', 'confidence': 'high', 'ambiguity_note': ''}
[308/1800] 75efdc8312cc 482px ok 2.6s (2.7s/item avg, ~66 min left) {'ground_type': 'shaded_field', 'shading_geometry': 'radial_or_vignette', 'field_texture': 'one_textured_material', 'enclosure': 'thick_frame_or_bars', 'confidence': 'high', 'ambiguity_note': ''}
[309/1800] 31a2865223ad 483px ok 2.5s (2.7s/item avg, ~66 min left) {'ground_type': 'flat_field', 'shading_geometry': 'not_applicable', 'field_texture': 'smooth', 'enclosure': 'thick_frame_or_bars', 'confidence': 'high', 'ambiguity_note': ''}
[310/1800] 81caae4301b7 482px ok 2.4s (2.7s/item avg, ~66 min left) {'ground_type': 'pattern_or_texture', 'shading_geometry': 'not_applicable', 'field_texture': 'one_textured_material', 'enclosure': 'none', 'confidence': 'high', 'ambiguity_note': ''}
[311/1800] fed2068f7002 147px ok 2.1s (2.7s/item avg, ~66 min left) {'ground_type': 'full_scene', 'shading_geometry': 'not_applicable', 'field_texture': 'one_textured_material', 'enclosure': 'none', 'confidence': 'high', 'ambiguity_note': ''}
[312/1800] 91e0cce7b61a 147px ok 2.0s (2.7s/item avg, ~66 min left) {'ground_type': 'flat_field', 'shading_geometry': 'not_applicable', 'field_texture': 'smooth', 'enclosure': 'none', 'confidence': 'high', 'ambiguity_note': ''}
[313/1800] 89a2eabaea13 147px ok 2.1s (2.7s/item avg, ~66 min left) {'ground_type': 'shaded_field', 'shading_geometry': 'radial_or_vignette', 'field_texture': 'one_textured_material', 'enclosure': 'none', 'confidence': 'high', 'ambiguity_note': ''}
[314/1800] 54e0a421a2b4 483px ok 2.5s (2.7s/item avg, ~66 min left) {'ground_type': 'shaded_field', 'shading_geometry': 'radial_or_vignette', 'field_texture': 'one_textured_material', 'enclosure': 'thin_border', 'confidence': 'high', 'ambiguity_note': ''}
[315/1800] 8ce7c705e676 332px ok 2.2s (2.6s/item avg, ~66 min left) {'ground_type': 'shaded_field', 'shading_geometry': 'radial_or_vignette', 'field_texture': 'one_textured_material', 'enclosure': 'none', 'confidence': 'high', 'ambiguity_note': ''}
[316/1800] 3f9ecb4a1097 640px ok 2.8s (2.6s/item avg, ~66 min left) {'ground_type': 'multiple_distinct_fields', 'shading_geometry': 'not_applicable', 'field_texture': 'distinct_areas', 'enclosure': 'none', 'confidence': 'high', 'ambiguity_note': ''}
[317/1800] 924cd37ecb88 700px ok 3.0s (2.7s/item avg, ~66 min left) {'ground_type': 'shaded_field', 'shading_geometry': 'radial_or_vignette', 'field_texture': 'smooth', 'enclosure': 'none', 'confidence': 'high', 'ambiguity_note': ''}
[318/1800] cc35f7f97c2c 400px ok 2.3s (2.6s/item avg, ~65 min left) {'ground_type': 'shaded_field', 'shading_geometry': 'radial_or_vignette', 'field_texture': 'smooth', 'enclosure': 'thick_frame_or_bars', 'confidence': 'high', 'ambiguity_note': ''}
[319/1800] c9a91e7d9288 332px ok 2.1s (2.6s/item avg, ~65 min left) {'ground_type': 'shaded_field', 'shading_geometry': 'radial_or_vignette', 'field_texture': 'smooth', 'enclosure': 'thin_border', 'confidence': 'high', 'ambiguity_note': ''}
[320/1800] 268eeff49507 482px ok 2.4s (2.6s/item avg, ~65 min left) {'ground_type': 'pattern_or_texture', 'shading_geometry': 'not_applicable', 'field_texture': 'one_textured_material', 'enclosure': 'thin_border', 'confidence': 'high', 'ambiguity_note': ''}
[321/1800] 0740e26cf605 482px ok 2.6s (2.6s/item avg, ~65 min left) {'ground_type': 'shaded_field', 'shading_geometry': 'radial_or_vignette', 'field_texture': 'one_textured_material', 'enclosure': 'thick_frame_or_bars', 'confidence': 'high', 'ambiguity_note': ''}
[322/1800] 6080f8ca35e3 700px ok 3.1s (2.6s/item avg, ~65 min left) {'ground_type': 'shaded_field', 'shading_geometry': 'radial_or_vignette', 'field_texture': 'smooth', 'enclosure': 'none', 'confidence': 'high', 'ambiguity_note': ''}
[323/1800] d30c6fcca26f 333px ok 2.1s (2.6s/item avg, ~65 min left) {'ground_type': 'full_scene', 'shading_geometry': 'not_applicable', 'field_texture': 'one_textured_material', 'enclosure': 'none', 'confidence': 'high', 'ambiguity_note': ''}
[324/1800] 3f9ecb4a1097 332px ok 2.1s (2.6s/item avg, ~65 min left) {'ground_type': 'multiple_distinct_fields', 'shading_geometry': 'not_applicable', 'field_texture': 'distinct_areas', 'enclosure': 'none', 'confidence': 'high', 'ambiguity_note': ''}
[325/1800] 89a2eabaea13 700px ok 3.1s (2.6s/item avg, ~65 min left) {'ground_type': 'shaded_field', 'shading_geometry': 'radial_or_vignette', 'field_texture': 'one_textured_material', 'enclosure': 'none', 'confidence': 'high', 'ambiguity_note': ''}
[326/1800] b4a18636207b 1000px ok 4.3s (2.7s/item avg, ~65 min left) {'ground_type': 'flat_field', 'shading_geometry': 'not_applicable', 'field_texture': 'smooth', 'enclosure': 'thick_frame_or_bars', 'confidence': 'high', 'ambiguity_note': ''}
[327/1800] 3b899c9447c7 700px ok 3.0s (2.7s/item avg, ~65 min left) {'ground_type': 'full_scene', 'shading_geometry': 'not_applicable', 'field_texture': 'one_textured_material', 'enclosure': 'none', 'confidence': 'high', 'ambiguity_note': ''}
[328/1800] 1c73b3ebefa1 640px ok 2.7s (2.7s/item avg, ~65 min left) {'ground_type': 'full_scene', 'shading_geometry': 'not_applicable', 'field_texture': 'smooth', 'enclosure': 'none', 'confidence': 'high', 'ambiguity_note': ''}
[329/1800] 088a0cbc332b 333px ok 2.1s (2.7s/item avg, ~65 min left) {'ground_type': 'full_scene', 'shading_geometry': 'not_applicable', 'field_texture': 'one_textured_material', 'enclosure': 'none', 'confidence': 'high', 'ambiguity_note': ''}
[330/1800] 72dd0edffff9 1500px ok 7.9s (2.7s/item avg, ~65 min left) {'ground_type': 'multiple_distinct_fields', 'shading_geometry': 'not_applicable', 'field_texture': 'distinct_areas', 'enclosure': 'none', 'confidence': 'high', 'ambiguity_note': ''}
[331/1800] bb9b3113d7cf 368px ok 2.2s (2.7s/item avg, ~65 min left) {'ground_type': 'shaded_field', 'shading_geometry': 'radial_or_vignette', 'field_texture': 'one_textured_material', 'enclosure': 'none', 'confidence': 'high', 'ambiguity_note': ''}
[332/1800] b031a3fed3c7 368px ok 2.1s (2.7s/item avg, ~65 min left) {'ground_type': 'full_scene', 'shading_geometry': 'not_applicable', 'field_texture': 'smooth', 'enclosure': 'thick_frame_or_bars', 'confidence': 'high', 'ambiguity_note': ''}
[333/1800] dcac050fcc62 640px ok 2.5s (2.7s/item avg, ~65 min left) {'ground_type': 'flat_field', 'shading_geometry': 'not_applicable', 'field_texture': 'smooth', 'enclosure': 'none', 'confidence': 'high', 'ambiguity_note': ''}
[334/1800] 69b253a10904 333px ok 2.0s (2.7s/item avg, ~65 min left) {'ground_type': 'pattern_or_texture', 'shading_geometry': 'not_applicable', 'field_texture': 'one_textured_material', 'enclosure': 'none', 'confidence': 'high', 'ambiguity_note': ''}
[335/1800] 2ab00e5fcb74 147px ok 1.9s (2.7s/item avg, ~65 min left) {'ground_type': 'flat_field', 'shading_geometry': 'not_applicable', 'field_texture': 'smooth', 'enclosure': 'thin_border', 'confidence': 'high', 'ambiguity_note': ''}
[336/1800] 1c163c99a50e 1418px ok 6.8s (2.7s/item avg, ~65 min left) {'ground_type': 'full_scene', 'shading_geometry': 'not_applicable', 'field_texture': 'smooth', 'enclosure': 'none', 'confidence': 'high', 'ambiguity_note': ''}
[337/1800] dbfffd58b224 483px ok 2.3s (2.7s/item avg, ~65 min left) {'ground_type': 'full_scene', 'shading_geometry': 'not_applicable', 'field_texture': 'one_textured_material', 'enclosure': 'none', 'confidence': 'high', 'ambiguity_note': ''}
[338/1800] 173ad1f508d4 147px ok 1.8s (2.7s/item avg, ~65 min left) {'ground_type': 'flat_field', 'shading_geometry': 'not_applicable', 'field_texture': 'smooth', 'enclosure': 'none', 'confidence': 'high', 'ambiguity_note': ''}
[339/1800] e26a65cbe5e6 300px ok 1.9s (2.7s/item avg, ~65 min left) {'ground_type': 'flat_field', 'shading_geometry': 'not_applicable', 'field_texture': 'smooth', 'enclosure': 'none', 'confidence': 'high', 'ambiguity_note': ''}
[340/1800] af6d25775d62 147px ok 1.9s (2.7s/item avg, ~65 min left) {'ground_type': 'flat_field', 'shading_geometry': 'not_applicable', 'field_texture': 'smooth', 'enclosure': 'none', 'confidence': 'high', 'ambiguity_note': ''}
[341/1800] d6ff23ac29d7 147px ok 1.9s (2.7s/item avg, ~65 min left) {'ground_type': 'pattern_or_texture', 'shading_geometry': 'not_applicable', 'field_texture': 'one_textured_material', 'enclosure': 'none', 'confidence': 'high', 'ambiguity_note': ''}
[342/1800] 37379ec330d1 483px ok 2.4s (2.7s/item avg, ~65 min left) {'ground_type': 'pattern_or_texture', 'shading_geometry': 'not_applicable', 'field_texture': 'one_textured_material', 'enclosure': 'thick_frame_or_bars', 'confidence': 'high', 'ambiguity_note': ''}
[343/1800] c4aed9dadecc 695px ok 2.8s (2.7s/item avg, ~65 min left) {'ground_type': 'full_scene', 'shading_geometry': 'not_applicable', 'field_texture': 'distinct_areas', 'enclosure': 'none', 'confidence': 'high', 'ambiguity_note': ''}
[344/1800] 3c44f3e4c5dd 253px ok 1.9s (2.7s/item avg, ~65 min left) {'ground_type': 'flat_field', 'shading_geometry': 'not_applicable', 'field_texture': 'smooth', 'enclosure': 'none', 'confidence': 'high', 'ambiguity_note': ''}
[345/1800] 625469555439 700px ok 2.8s (2.7s/item avg, ~64 min left) {'ground_type': 'full_scene', 'shading_geometry': 'not_applicable', 'field_texture': 'smooth', 'enclosure': 'none', 'confidence': 'high', 'ambiguity_note': ''}
[346/1800] c869762d1298 333px ok 2.0s (2.7s/item avg, ~64 min left) {'ground_type': 'full_scene', 'shading_geometry': 'not_applicable', 'field_texture': 'one_textured_material', 'enclosure': 'none', 'confidence': 'high', 'ambiguity_note': ''}
[347/1800] 3530fe30e288 640px ok 2.6s (2.7s/item avg, ~64 min left) {'ground_type': 'shaded_field', 'shading_geometry': 'radial_or_vignette', 'field_texture': 'smooth', 'enclosure': 'none', 'confidence': 'high', 'ambiguity_note': ''}
[348/1800] e26a65cbe5e6 300px ok 1.9s (2.7s/item avg, ~64 min left) {'ground_type': 'flat_field', 'shading_geometry': 'not_applicable', 'field_texture': 'smooth', 'enclosure': 'none', 'confidence': 'high', 'ambiguity_note': ''}
[349/1800] 31232794819b 147px ok 1.9s (2.7s/item avg, ~64 min left) {'ground_type': 'flat_field', 'shading_geometry': 'not_applicable', 'field_texture': 'smooth', 'enclosure': 'none', 'confidence': 'high', 'ambiguity_note': ''}
[350/1800] 97556e0daafe 147px ok 2.0s (2.7s/item avg, ~64 min left) {'ground_type': 'shaded_field', 'shading_geometry': 'radial_or_vignette', 'field_texture': 'one_textured_material', 'enclosure': 'thin_border', 'confidence': 'high', 'ambiguity_note': ''}
[351/1800] 1f99a6b00ed0 333px ok 2.1s (2.6s/item avg, ~64 min left) {'ground_type': 'shaded_field', 'shading_geometry': 'radial_or_vignette', 'field_texture': 'one_textured_material', 'enclosure': 'none', 'confidence': 'high', 'ambiguity_note': ''}
[352/1800] 365d8fe1c663 700px ok 2.7s (2.6s/item avg, ~64 min left) {'ground_type': 'flat_field', 'shading_geometry': 'not_applicable', 'field_texture': 'smooth', 'enclosure': 'none', 'confidence': 'high', 'ambiguity_note': ''}
[353/1800] a5551a1164ee 700px ok 2.8s (2.7s/item avg, ~64 min left) {'ground_type': 'multiple_distinct_fields', 'shading_geometry': 'not_applicable', 'field_texture': 'one_textured_material', 'enclosure': 'none', 'confidence': 'high', 'ambiguity_note': ''}
[354/1800] 223404adc300 147px ok 2.0s (2.6s/item avg, ~64 min left) {'ground_type': 'multiple_distinct_fields', 'shading_geometry': 'not_applicable', 'field_texture': 'one_textured_material', 'enclosure': 'thin_border', 'confidence': 'high', 'ambiguity_note': ''}
[355/1800] d76d845e33b9 147px ok 1.9s (2.6s/item avg, ~64 min left) {'ground_type': 'shaded_field', 'shading_geometry': 'linear', 'field_texture': 'smooth', 'enclosure': 'none', 'confidence': 'high', 'ambiguity_note': ''}
[356/1800] 1c163c99a50e 147px ok 1.9s (2.6s/item avg, ~64 min left) {'ground_type': 'full_scene', 'shading_geometry': 'not_applicable', 'field_texture': 'one_textured_material', 'enclosure': 'none', 'confidence': 'high', 'ambiguity_note': ''}
[357/1800] 24f5b46cc830 640px ok 2.6s (2.6s/item avg, ~64 min left) {'ground_type': 'multiple_distinct_fields', 'shading_geometry': 'not_applicable', 'field_texture': 'distinct_areas', 'enclosure': 'none', 'confidence': 'high', 'ambiguity_note': ''}
[358/1800] a881b66f8786 1200px ok 5.5s (2.7s/item avg, ~64 min left) {'ground_type': 'shaded_field', 'shading_geometry': 'radial_or_vignette', 'field_texture': 'smooth', 'enclosure': 'none', 'confidence': 'high', 'ambiguity_note': ''}
[359/1800] 80bc63f9ccd2 482px ok 2.3s (2.7s/item avg, ~64 min left) {'ground_type': 'full_scene', 'shading_geometry': 'not_applicable', 'field_texture': 'one_textured_material', 'enclosure': 'thin_border', 'confidence': 'high', 'ambiguity_note': ''}
[360/1800] a1f9a49f1822 332px ok 2.1s (2.6s/item avg, ~64 min left) {'ground_type': 'shaded_field', 'shading_geometry': 'radial_or_vignette', 'field_texture': 'one_textured_material', 'enclosure': 'none', 'confidence': 'high', 'ambiguity_note': ''}
[361/1800] 3f9ecb4a1097 147px ok 1.9s (2.6s/item avg, ~63 min left) {'ground_type': 'multiple_distinct_fields', 'shading_geometry': 'not_applicable', 'field_texture': 'distinct_areas', 'enclosure': 'none', 'confidence': 'high', 'ambiguity_note': ''}
[362/1800] 8bf81338a085 333px ok 2.1s (2.6s/item avg, ~63 min left) {'ground_type': 'flat_field', 'shading_geometry': 'not_applicable', 'field_texture': 'smooth', 'enclosure': 'none', 'confidence': 'high', 'ambiguity_note': ''}
[363/1800] 17aabbb1db7a 700px ok 2.9s (2.6s/item avg, ~63 min left) {'ground_type': 'flat_field', 'shading_geometry': 'not_applicable', 'field_texture': 'smooth', 'enclosure': 'none', 'confidence': 'high', 'ambiguity_note': ''}
[364/1800] 69b253a10904 483px ok 2.5s (2.6s/item avg, ~63 min left) {'ground_type': 'pattern_or_texture', 'shading_geometry': 'not_applicable', 'field_texture': 'one_textured_material', 'enclosure': 'none', 'confidence': 'high', 'ambiguity_note': ''}
[365/1800] 244939ff948d 147px ok 1.9s (2.6s/item avg, ~63 min left) {'ground_type': 'flat_field', 'shading_geometry': 'not_applicable', 'field_texture': 'smooth', 'enclosure': 'thin_border', 'confidence': 'high', 'ambiguity_note': ''}
[366/1800] e7791800399b 640px ok 2.8s (2.6s/item avg, ~63 min left) {'ground_type': 'shaded_field', 'shading_geometry': 'radial_or_vignette', 'field_texture': 'smooth', 'enclosure': 'none', 'confidence': 'high', 'ambiguity_note': ''}
[367/1800] 34b0f78d4048 640px ok 2.7s (2.6s/item avg, ~63 min left) {'ground_type': 'flat_field', 'shading_geometry': 'not_applicable', 'field_texture': 'smooth', 'enclosure': 'thin_border', 'confidence': 'high', 'ambiguity_note': ''}
[368/1800] f473c90240c6 700px ok 3.0s (2.6s/item avg, ~63 min left) {'ground_type': 'flat_field', 'shading_geometry': 'not_applicable', 'field_texture': 'one_textured_material', 'enclosure': 'thin_border', 'confidence': 'high', 'ambiguity_note': ''}
[369/1800] 5e56661336a9 147px ok 2.0s (2.6s/item avg, ~63 min left) {'ground_type': 'full_scene', 'shading_geometry': 'not_applicable', 'field_texture': 'one_textured_material', 'enclosure': 'none', 'confidence': 'high', 'ambiguity_note': ''}
[370/1800] 0d8aac2e49fa 640px ok 2.7s (2.6s/item avg, ~63 min left) {'ground_type': 'flat_field', 'shading_geometry': 'not_applicable', 'field_texture': 'smooth', 'enclosure': 'thin_border', 'confidence': 'high', 'ambiguity_note': ''}
[371/1800] 4023fbec1f24 368px ok 2.2s (2.6s/item avg, ~63 min left) {'ground_type': 'multiple_distinct_fields', 'shading_geometry': 'not_applicable', 'field_texture': 'distinct_areas', 'enclosure': 'none', 'confidence': 'high', 'ambiguity_note': ''}
[372/1800] d7c7e2b2b9bc 640px ok 2.8s (2.6s/item avg, ~63 min left) {'ground_type': 'multiple_distinct_fields', 'shading_geometry': 'not_applicable', 'field_texture': 'one_textured_material', 'enclosure': 'none', 'confidence': 'high', 'ambiguity_note': ''}
[373/1800] 291cb109743c 700px ok 3.0s (2.6s/item avg, ~63 min left) {'ground_type': 'full_scene', 'shading_geometry': 'not_applicable', 'field_texture': 'one_textured_material', 'enclosure': 'none', 'confidence': 'high', 'ambiguity_note': ''}
[374/1800] d37067c46e2d 483px ok 2.4s (2.6s/item avg, ~63 min left) {'ground_type': 'multiple_distinct_fields', 'shading_geometry': 'not_applicable', 'field_texture': 'distinct_areas', 'enclosure': 'thin_border', 'confidence': 'high', 'ambiguity_note': ''}
[375/1800] c1be47defc3c 640px ok 2.7s (2.6s/item avg, ~63 min left) {'ground_type': 'full_scene', 'shading_geometry': 'not_applicable', 'field_texture': 'one_textured_material', 'enclosure': 'none', 'confidence': 'high', 'ambiguity_note': ''}
[376/1800] c0d7f5933e81 147px ok 2.0s (2.6s/item avg, ~63 min left) {'ground_type': 'shaded_field', 'shading_geometry': 'radial_or_vignette', 'field_texture': 'smooth', 'enclosure': 'none', 'confidence': 'high', 'ambiguity_note': ''}
[377/1800] c90cb65ca84c 147px ok 2.0s (2.6s/item avg, ~63 min left) {'ground_type': 'flat_field', 'shading_geometry': 'not_applicable', 'field_texture': 'smooth', 'enclosure': 'none', 'confidence': 'high', 'ambiguity_note': ''}
[378/1800] 2972aaf2f91a 1000px ok 4.1s (2.6s/item avg, ~63 min left) {'ground_type': 'full_scene', 'shading_geometry': 'not_applicable', 'field_texture': 'smooth', 'enclosure': 'none', 'confidence': 'high', 'ambiguity_note': ''}
[379/1800] bb2c6d36183d 253px ok 2.1s (2.6s/item avg, ~63 min left) {'ground_type': 'multiple_distinct_fields', 'shading_geometry': 'not_applicable', 'field_texture': 'distinct_areas', 'enclosure': 'thin_border', 'confidence': 'high', 'ambiguity_note': ''}
[380/1800] a881b66f8786 1079px ok 4.8s (2.6s/item avg, ~63 min left) {'ground_type': 'multiple_distinct_fields', 'shading_geometry': 'not_applicable', 'field_texture': 'distinct_areas', 'enclosure': 'none', 'confidence': 'high', 'ambiguity_note': ''}
[381/1800] e4c6f4ef4e9f 147px ok 2.0s (2.6s/item avg, ~63 min left) {'ground_type': 'shaded_field', 'shading_geometry': 'radial_or_vignette', 'field_texture': 'smooth', 'enclosure': 'none', 'confidence': 'high', 'ambiguity_note': ''}
[382/1800] 2ab00e5fcb74 640px ok 2.8s (2.6s/item avg, ~63 min left) {'ground_type': 'flat_field', 'shading_geometry': 'not_applicable', 'field_texture': 'smooth', 'enclosure': 'thick_frame_or_bars', 'confidence': 'high', 'ambiguity_note': ''}
[383/1800] 7f8688ad0434 112px ok 2.0s (2.6s/item avg, ~62 min left) {'ground_type': 'flat_field', 'shading_geometry': 'not_applicable', 'field_texture': 'smooth', 'enclosure': 'none', 'confidence': 'high', 'ambiguity_note': ''}
[384/1800] 5008f4f9890d 147px ok 2.0s (2.6s/item avg, ~62 min left) {'ground_type': 'full_scene', 'shading_geometry': 'not_applicable', 'field_texture': 'smooth', 'enclosure': 'none', 'confidence': 'high', 'ambiguity_note': ''}
[385/1800] c1be47defc3c 482px ok 2.4s (2.6s/item avg, ~62 min left) {'ground_type': 'full_scene', 'shading_geometry': 'not_applicable', 'field_texture': 'one_textured_material', 'enclosure': 'none', 'confidence': 'high', 'ambiguity_note': ''}
[386/1800] b624180080fd 482px ok 2.3s (2.6s/item avg, ~62 min left) {'ground_type': 'flat_field', 'shading_geometry': 'not_applicable', 'field_texture': 'smooth', 'enclosure': 'none', 'confidence': 'high', 'ambiguity_note': ''}
[387/1800] 49b33cfa0bdb 333px ok 2.1s (2.6s/item avg, ~62 min left) {'ground_type': 'shaded_field', 'shading_geometry': 'radial_or_vignette', 'field_texture': 'smooth', 'enclosure': 'none', 'confidence': 'high', 'ambiguity_note': ''}
[388/1800] 108135dfc671 147px ok 2.0s (2.6s/item avg, ~62 min left) {'ground_type': 'flat_field', 'shading_geometry': 'not_applicable', 'field_texture': 'smooth', 'enclosure': 'thin_border', 'confidence': 'high', 'ambiguity_note': ''}
[389/1800] d5c5ca3c64fd 483px ok 2.4s (2.6s/item avg, ~62 min left) {'ground_type': 'flat_field', 'shading_geometry': 'not_applicable', 'field_texture': 'smooth', 'enclosure': 'none', 'confidence': 'high', 'ambiguity_note': ''}
[390/1800] 2eef445a1846 700px ok 3.0s (2.6s/item avg, ~62 min left) {'ground_type': 'full_scene', 'shading_geometry': 'not_applicable', 'field_texture': 'one_textured_material', 'enclosure': 'thin_border', 'confidence': 'high', 'ambiguity_note': ''}
[391/1800] e7d3018bf490 147px ok 2.1s (2.6s/item avg, ~62 min left) {'ground_type': 'pattern_or_texture', 'shading_geometry': 'not_applicable', 'field_texture': 'one_textured_material', 'enclosure': 'none', 'confidence': 'high', 'ambiguity_note': ''}
[392/1800] d37067c46e2d 600px ok 2.8s (2.6s/item avg, ~62 min left) {'ground_type': 'multiple_distinct_fields', 'shading_geometry': 'not_applicable', 'field_texture': 'distinct_areas', 'enclosure': 'thin_border', 'confidence': 'high', 'ambiguity_note': ''}
[393/1800] d9290c57b7ff 482px ok 2.4s (2.6s/item avg, ~62 min left) {'ground_type': 'pattern_or_texture', 'shading_geometry': 'not_applicable', 'field_texture': 'distinct_areas', 'enclosure': 'none', 'confidence': 'high', 'ambiguity_note': ''}
[394/1800] 3530fe30e288 333px ok 2.1s (2.6s/item avg, ~62 min left) {'ground_type': 'flat_field', 'shading_geometry': 'not_applicable', 'field_texture': 'smooth', 'enclosure': 'none', 'confidence': 'high', 'ambiguity_note': ''}
[395/1800] b090791e3f86 147px ok 2.1s (2.6s/item avg, ~62 min left) {'ground_type': 'shaded_field', 'shading_geometry': 'radial_or_vignette', 'field_texture': 'one_textured_material', 'enclosure': 'none', 'confidence': 'high', 'ambiguity_note': ''}
[396/1800] 0e21cd4a9245 147px ok 2.0s (2.6s/item avg, ~62 min left) {'ground_type': 'flat_field', 'shading_geometry': 'not_applicable', 'field_texture': 'smooth', 'enclosure': 'none', 'confidence': 'high', 'ambiguity_note': ''}
[397/1800] c94aa7c13637 147px ok 2.0s (2.6s/item avg, ~62 min left) {'ground_type': 'flat_field', 'shading_geometry': 'not_applicable', 'field_texture': 'one_textured_material', 'enclosure': 'none', 'confidence': 'high', 'ambiguity_note': ''}
[398/1800] 6080f8ca35e3 700px ok 3.1s (2.6s/item avg, ~62 min left) {'ground_type': 'shaded_field', 'shading_geometry': 'radial_or_vignette', 'field_texture': 'one_textured_material', 'enclosure': 'none', 'confidence': 'high', 'ambiguity_note': ''}
[399/1800] 3f9ecb4a1097 333px ok 2.1s (2.6s/item avg, ~61 min left) {'ground_type': 'multiple_distinct_fields', 'shading_geometry': 'not_applicable', 'field_texture': 'distinct_areas', 'enclosure': 'none', 'confidence': 'high', 'ambiguity_note': ''}
[400/1800] d7c7e2b2b9bc 640px ok 2.8s (2.6s/item avg, ~61 min left) {'ground_type': 'multiple_distinct_fields', 'shading_geometry': 'not_applicable', 'field_texture': 'distinct_areas', 'enclosure': 'none', 'confidence': 'high', 'ambiguity_note': ''}
[401/1800] 3c44f3e4c5dd 147px ok 2.0s (2.6s/item avg, ~61 min left) {'ground_type': 'flat_field', 'shading_geometry': 'not_applicable', 'field_texture': 'smooth', 'enclosure': 'none', 'confidence': 'high', 'ambiguity_note': ''}
[402/1800] 97556e0daafe 640px ok 2.9s (2.6s/item avg, ~61 min left) {'ground_type': 'shaded_field', 'shading_geometry': 'radial_or_vignette', 'field_texture': 'one_textured_material', 'enclosure': 'thin_border', 'confidence': 'high', 'ambiguity_note': ''}
[403/1800] 9bd4c540518f 483px ok 2.6s (2.6s/item avg, ~61 min left) {'ground_type': 'shaded_field', 'shading_geometry': 'radial_or_vignette', 'field_texture': 'one_textured_material', 'enclosure': 'none', 'confidence': 'high', 'ambiguity_note': ''}
[404/1800] c9e936c4cac2 332px ok 2.1s (2.6s/item avg, ~61 min left) {'ground_type': 'flat_field', 'shading_geometry': 'not_applicable', 'field_texture': 'smooth', 'enclosure': 'none', 'confidence': 'high', 'ambiguity_note': ''}
[405/1800] 329f6fd3e3a4 333px ok 2.1s (2.6s/item avg, ~61 min left) {'ground_type': 'flat_field', 'shading_geometry': 'not_applicable', 'field_texture': 'smooth', 'enclosure': 'none', 'confidence': 'high', 'ambiguity_note': ''}
[406/1800] 4a7578f0a976 368px ok 2.3s (2.6s/item avg, ~61 min left) {'ground_type': 'shaded_field', 'shading_geometry': 'radial_or_vignette', 'field_texture': 'one_textured_material', 'enclosure': 'thin_border', 'confidence': 'high', 'ambiguity_note': ''}
[407/1800] 0f2af71d76af 333px ok 2.2s (2.6s/item avg, ~61 min left) {'ground_type': 'pattern_or_texture', 'shading_geometry': 'not_applicable', 'field_texture': 'distinct_areas', 'enclosure': 'thin_border', 'confidence': 'high', 'ambiguity_note': ''}
[408/1800] b931c2eb5c70 147px ok 2.2s (2.6s/item avg, ~61 min left) {'ground_type': 'shaded_field', 'shading_geometry': 'radial_or_vignette', 'field_texture': 'one_textured_material', 'enclosure': 'none', 'confidence': 'high', 'ambiguity_note': ''}
[409/1800] b5cefa1644ae 147px ok 2.0s (2.6s/item avg, ~61 min left) {'ground_type': 'full_scene', 'shading_geometry': 'not_applicable', 'field_texture': 'distinct_areas', 'enclosure': 'none', 'confidence': 'high', 'ambiguity_note': ''}
[410/1800] 97556e0daafe 482px ok 2.5s (2.6s/item avg, ~61 min left) {'ground_type': 'shaded_field', 'shading_geometry': 'radial_or_vignette', 'field_texture': 'one_textured_material', 'enclosure': 'thin_border', 'confidence': 'high', 'ambiguity_note': ''}
[411/1800] fda547c58900 482px ok 2.5s (2.6s/item avg, ~61 min left) {'ground_type': 'flat_field', 'shading_geometry': 'not_applicable', 'field_texture': 'smooth', 'enclosure': 'none', 'confidence': 'high', 'ambiguity_note': ''}
[412/1800] 2d88913489ef 483px ok 2.5s (2.6s/item avg, ~61 min left) {'ground_type': 'full_scene', 'shading_geometry': 'not_applicable', 'field_texture': 'smooth', 'enclosure': 'thick_frame_or_bars', 'confidence': 'high', 'ambiguity_note': ''}
[413/1800] 1b823ac3b1fe 483px ok 2.5s (2.6s/item avg, ~61 min left) {'ground_type': 'full_scene', 'shading_geometry': 'not_applicable', 'field_texture': 'one_textured_material', 'enclosure': 'thin_border', 'confidence': 'high', 'ambiguity_note': ''}
[414/1800] 4b8ff6f32df3 220px ok 2.1s (2.6s/item avg, ~61 min left) {'ground_type': 'full_scene', 'shading_geometry': 'not_applicable', 'field_texture': 'one_textured_material', 'enclosure': 'none', 'confidence': 'high', 'ambiguity_note': ''}
[415/1800] b24ad50dce60 600px ok 2.7s (2.6s/item avg, ~61 min left) {'ground_type': 'flat_field', 'shading_geometry': 'not_applicable', 'field_texture': 'smooth', 'enclosure': 'none', 'confidence': 'high', 'ambiguity_note': ''}
[416/1800] f16b9facbba4 333px ok 2.3s (2.6s/item avg, ~61 min left) {'ground_type': 'full_scene', 'shading_geometry': 'not_applicable', 'field_texture': 'one_textured_material', 'enclosure': 'thick_frame_or_bars', 'confidence': 'high', 'ambiguity_note': ''}
[417/1800] 5068811781cd 1082px ok 4.9s (2.6s/item avg, ~61 min left) {'ground_type': 'flat_field', 'shading_geometry': 'not_applicable', 'field_texture': 'one_textured_material', 'enclosure': 'none', 'confidence': 'high', 'ambiguity_note': ''}
[418/1800] f21205c7ab80 147px ok 2.0s (2.6s/item avg, ~61 min left) {'ground_type': 'flat_field', 'shading_geometry': 'not_applicable', 'field_texture': 'smooth', 'enclosure': 'none', 'confidence': 'high', 'ambiguity_note': ''}
[419/1800] b26709a4ea6f 332px ok 2.2s (2.6s/item avg, ~61 min left) {'ground_type': 'shaded_field', 'shading_geometry': 'radial_or_vignette', 'field_texture': 'one_textured_material', 'enclosure': 'none', 'confidence': 'high', 'ambiguity_note': ''}
[420/1800] 701588c7a009 112px ok 2.0s (2.6s/item avg, ~60 min left) {'ground_type': 'flat_field', 'shading_geometry': 'not_applicable', 'field_texture': 'smooth', 'enclosure': 'none', 'confidence': 'high', 'ambiguity_note': ''}
[421/1800] 4d47019d037c 700px ok 3.0s (2.6s/item avg, ~60 min left) {'ground_type': 'flat_field', 'shading_geometry': 'not_applicable', 'field_texture': 'smooth', 'enclosure': 'none', 'confidence': 'high', 'ambiguity_note': ''}
[422/1800] 2f873801e960 640px ok 2.9s (2.6s/item avg, ~60 min left) {'ground_type': 'shaded_field', 'shading_geometry': 'radial_or_vignette', 'field_texture': 'smooth', 'enclosure': 'none', 'confidence': 'high', 'ambiguity_note': ''}
[423/1800] 0d8aac2e49fa 333px ok 2.3s (2.6s/item avg, ~60 min left) {'ground_type': 'shaded_field', 'shading_geometry': 'radial_or_vignette', 'field_texture': 'one_textured_material', 'enclosure': 'thin_border', 'confidence': 'high', 'ambiguity_note': ''}
[424/1800] 0e21cd4a9245 333px ok 2.1s (2.6s/item avg, ~60 min left) {'ground_type': 'flat_field', 'shading_geometry': 'not_applicable', 'field_texture': 'smooth', 'enclosure': 'none', 'confidence': 'high', 'ambiguity_note': ''}
[425/1800] 7a569591f640 333px ok 2.2s (2.6s/item avg, ~60 min left) {'ground_type': 'flat_field', 'shading_geometry': 'not_applicable', 'field_texture': 'one_textured_material', 'enclosure': 'thin_border', 'confidence': 'high', 'ambiguity_note': ''}
[426/1800] 2eac7e11f364 147px ok 2.1s (2.6s/item avg, ~60 min left) {'ground_type': 'full_scene', 'shading_geometry': 'not_applicable', 'field_texture': 'one_textured_material', 'enclosure': 'none', 'confidence': 'high', 'ambiguity_note': ''}
[427/1800] ab05370a44cf 640px ok 2.9s (2.6s/item avg, ~60 min left) {'ground_type': 'full_scene', 'shading_geometry': 'not_applicable', 'field_texture': 'one_textured_material', 'enclosure': 'thin_border', 'confidence': 'high', 'ambiguity_note': ''}
[428/1800] 9f798b19af31 483px ok 2.5s (2.6s/item avg, ~60 min left) {'ground_type': 'shaded_field', 'shading_geometry': 'radial_or_vignette', 'field_texture': 'one_textured_material', 'enclosure': 'none', 'confidence': 'high', 'ambiguity_note': ''}
[429/1800] 9aa497922a1d 147px ok 2.1s (2.6s/item avg, ~60 min left) {'ground_type': 'flat_field', 'shading_geometry': 'not_applicable', 'field_texture': 'smooth', 'enclosure': 'none', 'confidence': 'high', 'ambiguity_note': ''}
[430/1800] fe628d3ec244 147px ok 2.0s (2.6s/item avg, ~60 min left) {'ground_type': 'flat_field', 'shading_geometry': 'not_applicable', 'field_texture': 'smooth', 'enclosure': 'none', 'confidence': 'high', 'ambiguity_note': ''}
[431/1800] 108135dfc671 700px ok 3.1s (2.6s/item avg, ~60 min left) {'ground_type': 'shaded_field', 'shading_geometry': 'radial_or_vignette', 'field_texture': 'one_textured_material', 'enclosure': 'thin_border', 'confidence': 'high', 'ambiguity_note': ''}
[432/1800] ce42be3bb72a 700px ok 3.0s (2.6s/item avg, ~60 min left) {'ground_type': 'flat_field', 'shading_geometry': 'not_applicable', 'field_texture': 'smooth', 'enclosure': 'none', 'confidence': 'high', 'ambiguity_note': ''}
[433/1800] 1a5bbbaa74b0 482px ok 2.4s (2.6s/item avg, ~60 min left) {'ground_type': 'shaded_field', 'shading_geometry': 'radial_or_vignette', 'field_texture': 'smooth', 'enclosure': 'none', 'confidence': 'high', 'ambiguity_note': ''}
[434/1800] d36a9e61e776 147px ok 2.1s (2.6s/item avg, ~60 min left) {'ground_type': 'shaded_field', 'shading_geometry': 'radial_or_vignette', 'field_texture': 'one_textured_material', 'enclosure': 'none', 'confidence': 'high', 'ambiguity_note': ''}
[435/1800] 6e3ac541454e 112px ok 2.1s (2.6s/item avg, ~60 min left) {'ground_type': 'full_scene', 'shading_geometry': 'not_applicable', 'field_texture': 'one_textured_material', 'enclosure': 'none', 'confidence': 'high', 'ambiguity_note': ''}
[436/1800] ea7e2ae9c5d5 332px ok 2.1s (2.6s/item avg, ~60 min left) {'ground_type': 'flat_field', 'shading_geometry': 'not_applicable', 'field_texture': 'smooth', 'enclosure': 'none', 'confidence': 'high', 'ambiguity_note': ''}
[437/1800] abdd2df04922 112px ok 2.0s (2.6s/item avg, ~60 min left) {'ground_type': 'flat_field', 'shading_geometry': 'not_applicable', 'field_texture': 'smooth', 'enclosure': 'none', 'confidence': 'high', 'ambiguity_note': ''}
[438/1800] c40760e8d37b 147px ok 2.1s (2.6s/item avg, ~59 min left) {'ground_type': 'multiple_distinct_fields', 'shading_geometry': 'not_applicable', 'field_texture': 'smooth', 'enclosure': 'thick_frame_or_bars', 'confidence': 'high', 'ambiguity_note': ''}
[439/1800] b0c952d5c8f4 700px ok 3.0s (2.6s/item avg, ~59 min left) {'ground_type': 'full_scene', 'shading_geometry': 'not_applicable', 'field_texture': 'distinct_areas', 'enclosure': 'none', 'confidence': 'high', 'ambiguity_note': ''}
[440/1800] 6e3ac541454e 483px ok 2.4s (2.6s/item avg, ~59 min left) {'ground_type': 'full_scene', 'shading_geometry': 'not_applicable', 'field_texture': 'one_textured_material', 'enclosure': 'none', 'confidence': 'high', 'ambiguity_note': ''}
[441/1800] c9e936c4cac2 147px ok 2.0s (2.6s/item avg, ~59 min left) {'ground_type': 'flat_field', 'shading_geometry': 'not_applicable', 'field_texture': 'one_textured_material', 'enclosure': 'none', 'confidence': 'high', 'ambiguity_note': ''}
[442/1800] 48c2e209baf5 640px ok 2.9s (2.6s/item avg, ~59 min left) {'ground_type': 'shaded_field', 'shading_geometry': 'radial_or_vignette', 'field_texture': 'one_textured_material', 'enclosure': 'none', 'confidence': 'high', 'ambiguity_note': ''}
[443/1800] bd639210cfc7 368px ok 2.3s (2.6s/item avg, ~59 min left) {'ground_type': 'shaded_field', 'shading_geometry': 'radial_or_vignette', 'field_texture': 'smooth', 'enclosure': 'none', 'confidence': 'high', 'ambiguity_note': ''}
[444/1800] 8fb08da5b669 332px ok 2.1s (2.6s/item avg, ~59 min left) {'ground_type': 'flat_field', 'shading_geometry': 'not_applicable', 'field_texture': 'smooth', 'enclosure': 'none', 'confidence': 'high', 'ambiguity_note': ''}
[445/1800] a2a0e2c51bc9 700px ok 3.0s (2.6s/item avg, ~59 min left) {'ground_type': 'multiple_distinct_fields', 'shading_geometry': 'not_applicable', 'field_texture': 'distinct_areas', 'enclosure': 'none', 'confidence': 'high', 'ambiguity_note': ''}
[446/1800] dcd6b254205f 332px ok 2.1s (2.6s/item avg, ~59 min left) {'ground_type': 'flat_field', 'shading_geometry': 'not_applicable', 'field_texture': 'smooth', 'enclosure': 'none', 'confidence': 'high', 'ambiguity_note': ''}
[447/1800] 34824231fd2c 147px ok 1.9s (2.6s/item avg, ~59 min left) {'ground_type': 'flat_field', 'shading_geometry': 'not_applicable', 'field_texture': 'smooth', 'enclosure': 'none', 'confidence': 'high', 'ambiguity_note': ''}
[448/1800] 2eef445a1846 482px ok 2.5s (2.6s/item avg, ~59 min left) {'ground_type': 'full_scene', 'shading_geometry': 'not_applicable', 'field_texture': 'one_textured_material', 'enclosure': 'none', 'confidence': 'high', 'ambiguity_note': ''}
[449/1800] 85c31a52a86f 147px ok 2.1s (2.6s/item avg, ~59 min left) {'ground_type': 'flat_field', 'shading_geometry': 'not_applicable', 'field_texture': 'one_textured_material', 'enclosure': 'none', 'confidence': 'high', 'ambiguity_note': ''}
[450/1800] 4023fbec1f24 333px ok 2.1s (2.6s/item avg, ~59 min left) {'ground_type': 'multiple_distinct_fields', 'shading_geometry': 'not_applicable', 'field_texture': 'distinct_areas', 'enclosure': 'none', 'confidence': 'high', 'ambiguity_note': ''}
[451/1800] 7f8688ad0434 332px ok 2.1s (2.6s/item avg, ~59 min left) {'ground_type': 'flat_field', 'shading_geometry': 'not_applicable', 'field_texture': 'smooth', 'enclosure': 'none', 'confidence': 'high', 'ambiguity_note': ''}
[452/1800] c40760e8d37b 483px ok 2.6s (2.6s/item avg, ~59 min left) {'ground_type': 'pattern_or_texture', 'shading_geometry': 'not_applicable', 'field_texture': 'one_textured_material', 'enclosure': 'thick_frame_or_bars', 'confidence': 'high', 'ambiguity_note': ''}
[453/1800] 69b253a10904 640px ok 2.7s (2.6s/item avg, ~59 min left) {'ground_type': 'pattern_or_texture', 'shading_geometry': 'not_applicable', 'field_texture': 'one_textured_material', 'enclosure': 'none', 'confidence': 'high', 'ambiguity_note': ''}
[454/1800] f42864ed49f7 700px ok 2.8s (2.6s/item avg, ~59 min left) {'ground_type': 'flat_field', 'shading_geometry': 'not_applicable', 'field_texture': 'smooth', 'enclosure': 'none', 'confidence': 'high', 'ambiguity_note': ''}
[455/1800] 0d8aac2e49fa 147px ok 2.0s (2.6s/item avg, ~59 min left) {'ground_type': 'shaded_field', 'shading_geometry': 'radial_or_vignette', 'field_texture': 'one_textured_material', 'enclosure': 'thin_border', 'confidence': 'high', 'ambiguity_note': ''}
[456/1800] 43f72e231192 332px ok 2.0s (2.6s/item avg, ~58 min left) {'ground_type': 'flat_field', 'shading_geometry': 'not_applicable', 'field_texture': 'smooth', 'enclosure': 'none', 'confidence': 'high', 'ambiguity_note': ''}
[457/1800] d37067c46e2d 368px ok 2.2s (2.6s/item avg, ~58 min left) {'ground_type': 'multiple_distinct_fields', 'shading_geometry': 'not_applicable', 'field_texture': 'distinct_areas', 'enclosure': 'thin_border', 'confidence': 'high', 'ambiguity_note': ''}
[458/1800] bcf968c83115 333px ok 2.4s (2.6s/item avg, ~58 min left) {'ground_type': 'shaded_field', 'shading_geometry': 'radial_or_vignette', 'field_texture': 'smooth', 'enclosure': 'none', 'confidence': 'high', 'ambiguity_note': ''}
[459/1800] dbfffd58b224 253px ok 2.0s (2.6s/item avg, ~58 min left) {'ground_type': 'full_scene', 'shading_geometry': 'not_applicable', 'field_texture': 'smooth', 'enclosure': 'none', 'confidence': 'high', 'ambiguity_note': ''}
[460/1800] 8b49d97dccd9 1440px ok 7.6s (2.6s/item avg, ~58 min left) {'ground_type': 'pattern_or_texture', 'shading_geometry': 'not_applicable', 'field_texture': 'distinct_areas', 'enclosure': 'none', 'confidence': 'high', 'ambiguity_note': ''}
[461/1800] 1466ad8906e8 333px ok 2.1s (2.6s/item avg, ~58 min left) {'ground_type': 'flat_field', 'shading_geometry': 'not_applicable', 'field_texture': 'smooth', 'enclosure': 'none', 'confidence': 'high', 'ambiguity_note': ''}
[462/1800] 1c73b3ebefa1 640px ok 2.7s (2.6s/item avg, ~58 min left) {'ground_type': 'full_scene', 'shading_geometry': 'not_applicable', 'field_texture': 'smooth', 'enclosure': 'none', 'confidence': 'high', 'ambiguity_note': ''}
[463/1800] 4e1818d741e1 483px ok 2.4s (2.6s/item avg, ~58 min left) {'ground_type': 'flat_field', 'shading_geometry': 'not_applicable', 'field_texture': 'smooth', 'enclosure': 'none', 'confidence': 'high', 'ambiguity_note': ''}
[464/1800] 625469555439 332px ok 2.0s (2.6s/item avg, ~58 min left) {'ground_type': 'full_scene', 'shading_geometry': 'not_applicable', 'field_texture': 'smooth', 'enclosure': 'none', 'confidence': 'high', 'ambiguity_note': ''}
[465/1800] d39a1d638f61 483px ok 2.5s (2.6s/item avg, ~58 min left) {'ground_type': 'pattern_or_texture', 'shading_geometry': 'not_applicable', 'field_texture': 'one_textured_material', 'enclosure': 'none', 'confidence': 'high', 'ambiguity_note': ''}
[466/1800] 9aa497922a1d 333px ok 2.0s (2.6s/item avg, ~58 min left) {'ground_type': 'flat_field', 'shading_geometry': 'not_applicable', 'field_texture': 'smooth', 'enclosure': 'none', 'confidence': 'high', 'ambiguity_note': ''}
[467/1800] 158a1915ee79 700px ok 2.9s (2.6s/item avg, ~58 min left) {'ground_type': 'flat_field', 'shading_geometry': 'not_applicable', 'field_texture': 'smooth', 'enclosure': 'none', 'confidence': 'high', 'ambiguity_note': ''}
[468/1800] 2ab00e5fcb74 368px ok 2.1s (2.6s/item avg, ~58 min left) {'ground_type': 'flat_field', 'shading_geometry': 'not_applicable', 'field_texture': 'smooth', 'enclosure': 'thin_border', 'confidence': 'high', 'ambiguity_note': ''}
[469/1800] 8cca6ad26b00 482px ok 2.3s (2.6s/item avg, ~58 min left) {'ground_type': 'full_scene', 'shading_geometry': 'not_applicable', 'field_texture': 'smooth', 'enclosure': 'none', 'confidence': 'high', 'ambiguity_note': ''}
[470/1800] b985b4688dc1 700px ok 2.9s (2.6s/item avg, ~58 min left) {'ground_type': 'flat_field', 'shading_geometry': 'not_applicable', 'field_texture': 'smooth', 'enclosure': 'none', 'confidence': 'high', 'ambiguity_note': ''}
[471/1800] 8a68065903e9 482px ok 2.5s (2.6s/item avg, ~58 min left) {'ground_type': 'flat_field', 'shading_geometry': 'not_applicable', 'field_texture': 'smooth', 'enclosure': 'thick_frame_or_bars', 'confidence': 'high', 'ambiguity_note': ''}
[472/1800] 9dcba009d18e 147px ok 2.1s (2.6s/item avg, ~58 min left) {'ground_type': 'shaded_field', 'shading_geometry': 'radial_or_vignette', 'field_texture': 'smooth', 'enclosure': 'none', 'confidence': 'high', 'ambiguity_note': ''}
[473/1800] 2cfc003addf1 700px ok 3.0s (2.6s/item avg, ~58 min left) {'ground_type': 'shaded_field', 'shading_geometry': 'radial_or_vignette', 'field_texture': 'smooth', 'enclosure': 'none', 'confidence': 'high', 'ambiguity_note': ''}
[474/1800] 41ad4095d032 147px ok 2.0s (2.6s/item avg, ~58 min left) {'ground_type': 'flat_field', 'shading_geometry': 'not_applicable', 'field_texture': 'smooth', 'enclosure': 'none', 'confidence': 'high', 'ambiguity_note': ''}
[475/1800] 5788818544b3 332px ok 2.0s (2.6s/item avg, ~58 min left) {'ground_type': 'flat_field', 'shading_geometry': 'not_applicable', 'field_texture': 'smooth', 'enclosure': 'none', 'confidence': 'high', 'ambiguity_note': ''}
[476/1800] 0a7519374d68 640px ok 2.7s (2.6s/item avg, ~58 min left) {'ground_type': 'full_scene', 'shading_geometry': 'not_applicable', 'field_texture': 'one_textured_material', 'enclosure': 'none', 'confidence': 'high', 'ambiguity_note': ''}
[477/1800] 94c63c5fdd70 332px ok 2.2s (2.6s/item avg, ~58 min left) {'ground_type': 'flat_field', 'shading_geometry': 'not_applicable', 'field_texture': 'one_textured_material', 'enclosure': 'thick_frame_or_bars', 'confidence': 'high', 'ambiguity_note': ''}
[478/1800] ef5ae551f012 700px ok 3.1s (2.6s/item avg, ~58 min left) {'ground_type': 'multiple_distinct_fields', 'shading_geometry': 'not_applicable', 'field_texture': 'smooth', 'enclosure': 'thick_frame_or_bars', 'confidence': 'high', 'ambiguity_note': ''}
[479/1800] 701588c7a009 640px ok 2.7s (2.6s/item avg, ~57 min left) {'ground_type': 'flat_field', 'shading_geometry': 'not_applicable', 'field_texture': 'smooth', 'enclosure': 'none', 'confidence': 'high', 'ambiguity_note': ''}
[480/1800] 3530fe30e288 640px ok 2.8s (2.6s/item avg, ~57 min left) {'ground_type': 'shaded_field', 'shading_geometry': 'radial_or_vignette', 'field_texture': 'smooth', 'enclosure': 'none', 'confidence': 'high', 'ambiguity_note': ''}
[481/1800] ad12509ae1f3 700px ok 3.0s (2.6s/item avg, ~57 min left) {'ground_type': 'shaded_field', 'shading_geometry': 'radial_or_vignette', 'field_texture': 'one_textured_material', 'enclosure': 'none', 'confidence': 'high', 'ambiguity_note': ''}
[482/1800] 64644d3910da 147px ok 2.1s (2.6s/item avg, ~57 min left) {'ground_type': 'full_scene', 'shading_geometry': 'not_applicable', 'field_texture': 'one_textured_material', 'enclosure': 'none', 'confidence': 'high', 'ambiguity_note': ''}
[483/1800] 33c71bf3167a 333px ok 2.0s (2.6s/item avg, ~57 min left) {'ground_type': 'flat_field', 'shading_geometry': 'not_applicable', 'field_texture': 'smooth', 'enclosure': 'none', 'confidence': 'high', 'ambiguity_note': ''}
[484/1800] 3c8a7ed0cccb 333px ok 2.1s (2.6s/item avg, ~57 min left) {'ground_type': 'multiple_distinct_fields', 'shading_geometry': 'not_applicable', 'field_texture': 'one_textured_material', 'enclosure': 'none', 'confidence': 'high', 'ambiguity_note': ''}
[485/1800] 6c54d6f683dd 147px ok 2.0s (2.6s/item avg, ~57 min left) {'ground_type': 'flat_field', 'shading_geometry': 'not_applicable', 'field_texture': 'smooth', 'enclosure': 'none', 'confidence': 'high', 'ambiguity_note': ''}
[486/1800] 40fc5c79e778 147px ok 1.9s (2.6s/item avg, ~57 min left) {'ground_type': 'flat_field', 'shading_geometry': 'not_applicable', 'field_texture': 'smooth', 'enclosure': 'none', 'confidence': 'high', 'ambiguity_note': ''}
[487/1800] b5cefa1644ae 333px ok 2.1s (2.6s/item avg, ~57 min left) {'ground_type': 'full_scene', 'shading_geometry': 'not_applicable', 'field_texture': 'one_textured_material', 'enclosure': 'none', 'confidence': 'high', 'ambiguity_note': ''}
[488/1800] 547ff641f6c3 147px ok 2.1s (2.6s/item avg, ~57 min left) {'ground_type': 'shaded_field', 'shading_geometry': 'radial_or_vignette', 'field_texture': 'smooth', 'enclosure': 'thin_border', 'confidence': 'high', 'ambiguity_note': ''}
[489/1800] 2a4ea1d0de4b 640px ok 3.1s (2.6s/item avg, ~57 min left) {'ground_type': 'flat_field', 'shading_geometry': 'not_applicable', 'field_texture': 'one_textured_material', 'enclosure': 'none', 'confidence': 'high', 'ambiguity_note': ''}
[490/1800] c63f94d6acdf 147px ok 2.1s (2.6s/item avg, ~57 min left) {'ground_type': 'flat_field', 'shading_geometry': 'not_applicable', 'field_texture': 'smooth', 'enclosure': 'none', 'confidence': 'high', 'ambiguity_note': ''}
[491/1800] d5c5ca3c64fd 147px ok 2.1s (2.6s/item avg, ~57 min left) {'ground_type': 'flat_field', 'shading_geometry': 'not_applicable', 'field_texture': 'smooth', 'enclosure': 'none', 'confidence': 'high', 'ambiguity_note': ''}
[492/1800] 568111bd9e34 333px ok 2.3s (2.6s/item avg, ~57 min left) {'ground_type': 'flat_field', 'shading_geometry': 'not_applicable', 'field_texture': 'one_textured_material', 'enclosure': 'none', 'confidence': 'high', 'ambiguity_note': ''}
[493/1800] c795dacbc3bc 147px ok 2.1s (2.6s/item avg, ~57 min left) {'ground_type': 'flat_field', 'shading_geometry': 'not_applicable', 'field_texture': 'one_textured_material', 'enclosure': 'thin_border', 'confidence': 'high', 'ambiguity_note': ''}
[494/1800] f9b41cf998fb 700px ok 3.1s (2.6s/item avg, ~57 min left) {'ground_type': 'shaded_field', 'shading_geometry': 'radial_or_vignette', 'field_texture': 'one_textured_material', 'enclosure': 'none', 'confidence': 'high', 'ambiguity_note': ''}
[495/1800] 133cc45381e0 333px ok 2.2s (2.6s/item avg, ~57 min left) {'ground_type': 'shaded_field', 'shading_geometry': 'radial_or_vignette', 'field_texture': 'one_textured_material', 'enclosure': 'none', 'confidence': 'high', 'ambiguity_note': ''}
[496/1800] 3f9ecb4a1097 253px ok 2.0s (2.6s/item avg, ~57 min left) {'ground_type': 'multiple_distinct_fields', 'shading_geometry': 'not_applicable', 'field_texture': 'distinct_areas', 'enclosure': 'none', 'confidence': 'high', 'ambiguity_note': ''}
[497/1800] a2a0e2c51bc9 482px ok 2.4s (2.6s/item avg, ~56 min left) {'ground_type': 'multiple_distinct_fields', 'shading_geometry': 'not_applicable', 'field_texture': 'distinct_areas', 'enclosure': 'none', 'confidence': 'high', 'ambiguity_note': ''}
[498/1800] c0a2a4133e5b 332px ok 2.0s (2.6s/item avg, ~56 min left) {'ground_type': 'flat_field', 'shading_geometry': 'not_applicable', 'field_texture': 'smooth', 'enclosure': 'none', 'confidence': 'high', 'ambiguity_note': ''}
[499/1800] 2a89f5b9de8e 147px ok 2.1s (2.6s/item avg, ~56 min left) {'ground_type': 'shaded_field', 'shading_geometry': 'radial_or_vignette', 'field_texture': 'one_textured_material', 'enclosure': 'none', 'confidence': 'high', 'ambiguity_note': ''}
[500/1800] bd639210cfc7 318px ok 2.1s (2.6s/item avg, ~56 min left) {'ground_type': 'shaded_field', 'shading_geometry': 'radial_or_vignette', 'field_texture': 'smooth', 'enclosure': 'none', 'confidence': 'high', 'ambiguity_note': ''}
[501/1800] d3ebf9909969 147px ok 2.1s (2.6s/item avg, ~56 min left) {'ground_type': 'pattern_or_texture', 'shading_geometry': 'not_applicable', 'field_texture': 'one_textured_material', 'enclosure': 'none', 'confidence': 'high', 'ambiguity_note': ''}
[502/1800] 31a2865223ad 482px ok 2.5s (2.6s/item avg, ~56 min left) {'ground_type': 'flat_field', 'shading_geometry': 'not_applicable', 'field_texture': 'smooth', 'enclosure': 'thick_frame_or_bars', 'confidence': 'high', 'ambiguity_note': ''}
[503/1800] c795dacbc3bc 333px ok 2.3s (2.6s/item avg, ~56 min left) {'ground_type': 'flat_field', 'shading_geometry': 'not_applicable', 'field_texture': 'one_textured_material', 'enclosure': 'thin_border', 'confidence': 'high', 'ambiguity_note': ''}
[504/1800] 747587e92f4e 640px ok 3.1s (2.6s/item avg, ~56 min left) {'ground_type': 'shaded_field', 'shading_geometry': 'radial_or_vignette', 'field_texture': 'smooth', 'enclosure': 'thin_border', 'confidence': 'high', 'ambiguity_note': ''}
[505/1800] 75efdc8312cc 333px ok 2.5s (2.6s/item avg, ~56 min left) {'ground_type': 'shaded_field', 'shading_geometry': 'radial_or_vignette', 'field_texture': 'one_textured_material', 'enclosure': 'thick_frame_or_bars', 'confidence': 'high', 'ambiguity_note': ''}
[506/1800] 4023fbec1f24 482px ok 2.5s (2.6s/item avg, ~56 min left) {'ground_type': 'multiple_distinct_fields', 'shading_geometry': 'not_applicable', 'field_texture': 'distinct_areas', 'enclosure': 'none', 'confidence': 'high', 'ambiguity_note': ''}
[507/1800] 383dbb474478 700px ok 3.0s (2.6s/item avg, ~56 min left) {'ground_type': 'full_scene', 'shading_geometry': 'not_applicable', 'field_texture': 'one_textured_material', 'enclosure': 'none', 'confidence': 'high', 'ambiguity_note': ''}
[508/1800] 2f6755220463 333px ok 2.0s (2.6s/item avg, ~56 min left) {'ground_type': 'flat_field', 'shading_geometry': 'not_applicable', 'field_texture': 'smooth', 'enclosure': 'none', 'confidence': 'high', 'ambiguity_note': ''}
[509/1800] b24ad50dce60 483px ok 2.3s (2.6s/item avg, ~56 min left) {'ground_type': 'flat_field', 'shading_geometry': 'not_applicable', 'field_texture': 'smooth', 'enclosure': 'none', 'confidence': 'high', 'ambiguity_note': ''}
[510/1800] a377aeb35c90 147px ok 2.1s (2.6s/item avg, ~56 min left) {'ground_type': 'flat_field', 'shading_geometry': 'not_applicable', 'field_texture': 'smooth', 'enclosure': 'thick_frame_or_bars', 'confidence': 'high', 'ambiguity_note': ''}
[511/1800] ecd147cfb04d 350px ok 2.1s (2.6s/item avg, ~56 min left) {'ground_type': 'flat_field', 'shading_geometry': 'not_applicable', 'field_texture': 'smooth', 'enclosure': 'none', 'confidence': 'high', 'ambiguity_note': ''}
[512/1800] ec586e7d8bfe 147px ok 2.1s (2.6s/item avg, ~56 min left) {'ground_type': 'shaded_field', 'shading_geometry': 'radial_or_vignette', 'field_texture': 'one_textured_material', 'enclosure': 'none', 'confidence': 'high', 'ambiguity_note': ''}
[513/1800] fb1dffe79440 1440px ok 7.7s (2.6s/item avg, ~56 min left) {'ground_type': 'full_scene', 'shading_geometry': 'not_applicable', 'field_texture': 'one_textured_material', 'enclosure': 'thick_frame_or_bars', 'confidence': 'high', 'ambiguity_note': ''}
[514/1800] f0d8719de8e7 483px ok 2.3s (2.6s/item avg, ~56 min left) {'ground_type': 'flat_field', 'shading_geometry': 'not_applicable', 'field_texture': 'smooth', 'enclosure': 'none', 'confidence': 'high', 'ambiguity_note': ''}
[515/1800] fa99d6a7af11 700px ok 2.9s (2.6s/item avg, ~56 min left) {'ground_type': 'flat_field', 'shading_geometry': 'not_applicable', 'field_texture': 'smooth', 'enclosure': 'none', 'confidence': 'high', 'ambiguity_note': ''}
[516/1800] 81caae4301b7 147px ok 2.0s (2.6s/item avg, ~56 min left) {'ground_type': 'pattern_or_texture', 'shading_geometry': 'not_applicable', 'field_texture': 'one_textured_material', 'enclosure': 'thin_border', 'confidence': 'high', 'ambiguity_note': ''}
[517/1800] fda547c58900 332px ok 2.1s (2.6s/item avg, ~56 min left) {'ground_type': 'flat_field', 'shading_geometry': 'not_applicable', 'field_texture': 'smooth', 'enclosure': 'none', 'confidence': 'high', 'ambiguity_note': ''}
[518/1800] abdd2df04922 700px ok 2.9s (2.6s/item avg, ~56 min left) {'ground_type': 'flat_field', 'shading_geometry': 'not_applicable', 'field_texture': 'smooth', 'enclosure': 'none', 'confidence': 'high', 'ambiguity_note': ''}
[519/1800] 27eb5db4122f 147px ok 2.0s (2.6s/item avg, ~56 min left) {'ground_type': 'full_scene', 'shading_geometry': 'not_applicable', 'field_texture': 'smooth', 'enclosure': 'none', 'confidence': 'high', 'ambiguity_note': ''}
[520/1800] e64715abc934 300px ok 2.0s (2.6s/item avg, ~56 min left) {'ground_type': 'flat_field', 'shading_geometry': 'not_applicable', 'field_texture': 'smooth', 'enclosure': 'none', 'confidence': 'high', 'ambiguity_note': ''}
[521/1800] d30c6fcca26f 332px ok 2.1s (2.6s/item avg, ~55 min left) {'ground_type': 'full_scene', 'shading_geometry': 'not_applicable', 'field_texture': 'one_textured_material', 'enclosure': 'none', 'confidence': 'high', 'ambiguity_note': ''}
[522/1800] ebea42d97d6c 332px ok 2.2s (2.6s/item avg, ~55 min left) {'ground_type': 'shaded_field', 'shading_geometry': 'radial_or_vignette', 'field_texture': 'one_textured_material', 'enclosure': 'none', 'confidence': 'high', 'ambiguity_note': ''}
[523/1800] 967eabe51cbe 333px ok 2.2s (2.6s/item avg, ~55 min left) {'ground_type': 'shaded_field', 'shading_geometry': 'radial_or_vignette', 'field_texture': 'one_textured_material', 'enclosure': 'thin_border', 'confidence': 'high', 'ambiguity_note': ''}
[524/1800] 3e7e55bd2a64 483px ok 2.4s (2.6s/item avg, ~55 min left) {'ground_type': 'shaded_field', 'shading_geometry': 'radial_or_vignette', 'field_texture': 'smooth', 'enclosure': 'none', 'confidence': 'high', 'ambiguity_note': ''}
[525/1800] ad12509ae1f3 147px ok 2.0s (2.6s/item avg, ~55 min left) {'ground_type': 'full_scene', 'shading_geometry': 'not_applicable', 'field_texture': 'one_textured_material', 'enclosure': 'none', 'confidence': 'high', 'ambiguity_note': ''}
[526/1800] 2d88913489ef 640px ok 2.8s (2.6s/item avg, ~55 min left) {'ground_type': 'full_scene', 'shading_geometry': 'not_applicable', 'field_texture': 'smooth', 'enclosure': 'thick_frame_or_bars', 'confidence': 'high', 'ambiguity_note': ''}
[527/1800] 9aa497922a1d 700px ok 2.9s (2.6s/item avg, ~55 min left) {'ground_type': 'flat_field', 'shading_geometry': 'not_applicable', 'field_texture': 'smooth', 'enclosure': 'none', 'confidence': 'high', 'ambiguity_note': ''}
[528/1800] 568111bd9e34 700px ok 3.0s (2.6s/item avg, ~55 min left) {'ground_type': 'flat_field', 'shading_geometry': 'not_applicable', 'field_texture': 'one_textured_material', 'enclosure': 'none', 'confidence': 'high', 'ambiguity_note': ''}
[529/1800] fed2068f7002 482px ok 2.4s (2.6s/item avg, ~55 min left) {'ground_type': 'pattern_or_texture', 'shading_geometry': 'not_applicable', 'field_texture': 'one_textured_material', 'enclosure': 'none', 'confidence': 'high', 'ambiguity_note': ''}
[530/1800] c4f5e8637499 147px ok 2.0s (2.6s/item avg, ~55 min left) {'ground_type': 'pattern_or_texture', 'shading_geometry': 'not_applicable', 'field_texture': 'smooth', 'enclosure': 'none', 'confidence': 'high', 'ambiguity_note': ''}
[531/1800] c0a2a4133e5b 333px ok 2.0s (2.6s/item avg, ~55 min left) {'ground_type': 'flat_field', 'shading_geometry': 'not_applicable', 'field_texture': 'smooth', 'enclosure': 'none', 'confidence': 'high', 'ambiguity_note': ''}
[532/1800] abdd2df04922 147px ok 2.0s (2.6s/item avg, ~55 min left) {'ground_type': 'flat_field', 'shading_geometry': 'not_applicable', 'field_texture': 'smooth', 'enclosure': 'none', 'confidence': 'high', 'ambiguity_note': ''}
[533/1800] 3a6f0a6c84e0 147px ok 1.9s (2.6s/item avg, ~55 min left) {'ground_type': 'flat_field', 'shading_geometry': 'not_applicable', 'field_texture': 'smooth', 'enclosure': 'none', 'confidence': 'high', 'ambiguity_note': ''}
[534/1800] 5d69fb1bfbb6 332px ok 2.1s (2.6s/item avg, ~55 min left) {'ground_type': 'full_scene', 'shading_geometry': 'not_applicable', 'field_texture': 'smooth', 'enclosure': 'none', 'confidence': 'high', 'ambiguity_note': ''}
[535/1800] f21ec68e7809 112px ok 2.0s (2.6s/item avg, ~55 min left) {'ground_type': 'flat_field', 'shading_geometry': 'not_applicable', 'field_texture': 'smooth', 'enclosure': 'thin_border', 'confidence': 'high', 'ambiguity_note': ''}
[536/1800] c40760e8d37b 700px ok 3.1s (2.6s/item avg, ~55 min left) {'ground_type': 'pattern_or_texture', 'shading_geometry': 'not_applicable', 'field_texture': 'one_textured_material', 'enclosure': 'thick_frame_or_bars', 'confidence': 'high', 'ambiguity_note': ''}
[537/1800] 857823f0b8ba 700px ok 3.0s (2.6s/item avg, ~55 min left) {'ground_type': 'flat_field', 'shading_geometry': 'not_applicable', 'field_texture': 'smooth', 'enclosure': 'none', 'confidence': 'high', 'ambiguity_note': ''}
[538/1800] c795040613ee 482px ok 2.6s (2.6s/item avg, ~55 min left) {'ground_type': 'full_scene', 'shading_geometry': 'not_applicable', 'field_texture': 'one_textured_material', 'enclosure': 'thin_border', 'confidence': 'high', 'ambiguity_note': ''}
[539/1800] c869762d1298 147px ok 2.2s (2.6s/item avg, ~55 min left) {'ground_type': 'full_scene', 'shading_geometry': 'not_applicable', 'field_texture': 'one_textured_material', 'enclosure': 'none', 'confidence': 'high', 'ambiguity_note': ''}
[540/1800] 42849450cd21 1082px ok 5.6s (2.6s/item avg, ~55 min left) {'ground_type': 'full_scene', 'shading_geometry': 'not_applicable', 'field_texture': 'distinct_areas', 'enclosure': 'none', 'confidence': 'high', 'ambiguity_note': ''}
[541/1800] e8c360963590 700px ok 3.1s (2.6s/item avg, ~55 min left) {'ground_type': 'shaded_field', 'shading_geometry': 'radial_or_vignette', 'field_texture': 'smooth', 'enclosure': 'none', 'confidence': 'high', 'ambiguity_note': ''}
[542/1800] 0a05f39989af 333px ok 2.1s (2.6s/item avg, ~55 min left) {'ground_type': 'flat_field', 'shading_geometry': 'not_applicable', 'field_texture': 'one_textured_material', 'enclosure': 'none', 'confidence': 'high', 'ambiguity_note': ''}
[543/1800] c43e7c8cfbd6 300px ok 2.3s (2.6s/item avg, ~54 min left) {'ground_type': 'shaded_field', 'shading_geometry': 'radial_or_vignette', 'field_texture': 'one_textured_material', 'enclosure': 'none', 'confidence': 'high', 'ambiguity_note': ''}
[544/1800] c9e936c4cac2 483px ok 2.3s (2.6s/item avg, ~54 min left) {'ground_type': 'flat_field', 'shading_geometry': 'not_applicable', 'field_texture': 'smooth', 'enclosure': 'none', 'confidence': 'high', 'ambiguity_note': ''}
[545/1800] 5e442b2b37b9 333px ok 2.2s (2.6s/item avg, ~54 min left) {'ground_type': 'flat_field', 'shading_geometry': 'not_applicable', 'field_texture': 'smooth', 'enclosure': 'none', 'confidence': 'high', 'ambiguity_note': ''}
[546/1800] fda547c58900 253px ok 1.9s (2.6s/item avg, ~54 min left) {'ground_type': 'flat_field', 'shading_geometry': 'not_applicable', 'field_texture': 'smooth', 'enclosure': 'none', 'confidence': 'high', 'ambiguity_note': ''}
[547/1800] 51a50170f4bd 300px ok 2.0s (2.6s/item avg, ~54 min left) {'ground_type': 'flat_field', 'shading_geometry': 'not_applicable', 'field_texture': 'smooth', 'enclosure': 'none', 'confidence': 'high', 'ambiguity_note': ''}
[548/1800] 42849450cd21 1500px ok 8.6s (2.6s/item avg, ~54 min left) {'ground_type': 'full_scene', 'shading_geometry': 'not_applicable', 'field_texture': 'distinct_areas', 'enclosure': 'none', 'confidence': 'high', 'ambiguity_note': ''}
[549/1800] 04ca1fc38f07 147px ok 2.0s (2.6s/item avg, ~54 min left) {'ground_type': 'full_scene', 'shading_geometry': 'not_applicable', 'field_texture': 'one_textured_material', 'enclosure': 'none', 'confidence': 'high', 'ambiguity_note': ''}
[550/1800] e06504089d9b 483px ok 2.4s (2.6s/item avg, ~54 min left) {'ground_type': 'shaded_field', 'shading_geometry': 'radial_or_vignette', 'field_texture': 'one_textured_material', 'enclosure': 'none', 'confidence': 'high', 'ambiguity_note': ''}
[551/1800] 8bf81338a085 147px ok 2.0s (2.6s/item avg, ~54 min left) {'ground_type': 'flat_field', 'shading_geometry': 'not_applicable', 'field_texture': 'smooth', 'enclosure': 'none', 'confidence': 'high', 'ambiguity_note': ''}
[552/1800] d82b8bdd68e8 147px ok 2.5s (2.6s/item avg, ~54 min left) {'ground_type': 'full_scene', 'shading_geometry': 'not_applicable', 'field_texture': 'one_textured_material', 'enclosure': 'none', 'confidence': 'medium', 'ambiguity_note': 'background appears to be an indoor setting but details are indistinct'}
[553/1800] 0f2af71d76af 147px ok 2.1s (2.6s/item avg, ~54 min left) {'ground_type': 'pattern_or_texture', 'shading_geometry': 'not_applicable', 'field_texture': 'distinct_areas', 'enclosure': 'thin_border', 'confidence': 'high', 'ambiguity_note': ''}
[554/1800] 16488e1cd1e6 333px ok 2.0s (2.6s/item avg, ~54 min left) {'ground_type': 'full_scene', 'shading_geometry': 'not_applicable', 'field_texture': 'smooth', 'enclosure': 'none', 'confidence': 'high', 'ambiguity_note': ''}
[555/1800] 22d1a9c6a2e2 640px ok 2.6s (2.6s/item avg, ~54 min left) {'ground_type': 'flat_field', 'shading_geometry': 'not_applicable', 'field_texture': 'smooth', 'enclosure': 'none', 'confidence': 'high', 'ambiguity_note': ''}
[556/1800] bfdd01d451b2 700px ok 3.1s (2.6s/item avg, ~54 min left) {'ground_type': 'shaded_field', 'shading_geometry': 'radial_or_vignette', 'field_texture': 'one_textured_material', 'enclosure': 'none', 'confidence': 'high', 'ambiguity_note': ''}
[557/1800] a5551a1164ee 147px ok 1.9s (2.6s/item avg, ~54 min left) {'ground_type': 'flat_field', 'shading_geometry': 'not_applicable', 'field_texture': 'smooth', 'enclosure': 'none', 'confidence': 'high', 'ambiguity_note': ''}
[558/1800] d9290c57b7ff 333px ok 2.2s (2.6s/item avg, ~54 min left) {'ground_type': 'pattern_or_texture', 'shading_geometry': 'not_applicable', 'field_texture': 'distinct_areas', 'enclosure': 'none', 'confidence': 'high', 'ambiguity_note': ''}
[559/1800] 9bd4c540518f 700px ok 3.0s (2.6s/item avg, ~54 min left) {'ground_type': 'shaded_field', 'shading_geometry': 'radial_or_vignette', 'field_texture': 'one_textured_material', 'enclosure': 'none', 'confidence': 'high', 'ambiguity_note': ''}
[560/1800] 8b49d97dccd9 483px ok 2.5s (2.6s/item avg, ~54 min left) {'ground_type': 'pattern_or_texture', 'shading_geometry': 'not_applicable', 'field_texture': 'distinct_areas', 'enclosure': 'none', 'confidence': 'high', 'ambiguity_note': ''}
[561/1800] 365d8fe1c663 147px ok 2.0s (2.6s/item avg, ~54 min left) {'ground_type': 'flat_field', 'shading_geometry': 'not_applicable', 'field_texture': 'smooth', 'enclosure': 'none', 'confidence': 'high', 'ambiguity_note': ''}
[562/1800] d94dfeacb728 700px ok 3.1s (2.6s/item avg, ~54 min left) {'ground_type': 'shaded_field', 'shading_geometry': 'radial_or_vignette', 'field_texture': 'one_textured_material', 'enclosure': 'none', 'confidence': 'high', 'ambiguity_note': ''}
[563/1800] 07d6d26a9241 400px ok 2.3s (2.6s/item avg, ~54 min left) {'ground_type': 'pattern_or_texture', 'shading_geometry': 'not_applicable', 'field_texture': 'one_textured_material', 'enclosure': 'none', 'confidence': 'high', 'ambiguity_note': ''}
[564/1800] 1a5bbbaa74b0 483px ok 2.5s (2.6s/item avg, ~54 min left) {'ground_type': 'shaded_field', 'shading_geometry': 'radial_or_vignette', 'field_texture': 'smooth', 'enclosure': 'none', 'confidence': 'high', 'ambiguity_note': ''}
[565/1800] 8fb08da5b669 700px ok 2.9s (2.6s/item avg, ~54 min left) {'ground_type': 'flat_field', 'shading_geometry': 'not_applicable', 'field_texture': 'smooth', 'enclosure': 'none', 'confidence': 'high', 'ambiguity_note': ''}
[566/1800] dc7b5d027e88 147px ok 2.1s (2.6s/item avg, ~54 min left) {'ground_type': 'full_scene', 'shading_geometry': 'not_applicable', 'field_texture': 'one_textured_material', 'enclosure': 'none', 'confidence': 'high', 'ambiguity_note': ''}
[567/1800] 0d8aac2e49fa 640px ok 2.8s (2.6s/item avg, ~53 min left) {'ground_type': 'flat_field', 'shading_geometry': 'not_applicable', 'field_texture': 'smooth', 'enclosure': 'thin_border', 'confidence': 'high', 'ambiguity_note': ''}
[568/1800] a64a96e65531 700px ok 3.2s (2.6s/item avg, ~53 min left) {'ground_type': 'shaded_field', 'shading_geometry': 'radial_or_vignette', 'field_texture': 'one_textured_material', 'enclosure': 'thin_border', 'confidence': 'high', 'ambiguity_note': ''}
[569/1800] 9ff0db7c5964 640px ok 2.8s (2.6s/item avg, ~53 min left) {'ground_type': 'flat_field', 'shading_geometry': 'not_applicable', 'field_texture': 'one_textured_material', 'enclosure': 'thin_border', 'confidence': 'high', 'ambiguity_note': ''}
[570/1800] 6fb82b1b3ff4 700px ok 3.0s (2.6s/item avg, ~53 min left) {'ground_type': 'flat_field', 'shading_geometry': 'not_applicable', 'field_texture': 'smooth', 'enclosure': 'none', 'confidence': 'high', 'ambiguity_note': ''}
[571/1800] 57e61b20c7de 147px ok 2.1s (2.6s/item avg, ~53 min left) {'ground_type': 'multiple_distinct_fields', 'shading_geometry': 'not_applicable', 'field_texture': 'one_textured_material', 'enclosure': 'thin_border', 'confidence': 'high', 'ambiguity_note': ''}
[572/1800] a872b00760da 333px ok 2.1s (2.6s/item avg, ~53 min left) {'ground_type': 'flat_field', 'shading_geometry': 'not_applicable', 'field_texture': 'one_textured_material', 'enclosure': 'none', 'confidence': 'high', 'ambiguity_note': ''}
[573/1800] e26a65cbe5e6 300px ok 2.1s (2.6s/item avg, ~53 min left) {'ground_type': 'flat_field', 'shading_geometry': 'not_applicable', 'field_texture': 'smooth', 'enclosure': 'none', 'confidence': 'high', 'ambiguity_note': ''}
[574/1800] 7f8688ad0434 333px ok 2.1s (2.6s/item avg, ~53 min left) {'ground_type': 'flat_field', 'shading_geometry': 'not_applicable', 'field_texture': 'smooth', 'enclosure': 'none', 'confidence': 'high', 'ambiguity_note': ''}
[575/1800] 41ad4095d032 332px ok 2.1s (2.6s/item avg, ~53 min left) {'ground_type': 'flat_field', 'shading_geometry': 'not_applicable', 'field_texture': 'smooth', 'enclosure': 'none', 'confidence': 'high', 'ambiguity_note': ''}
[576/1800] 690170731ddc 640px ok 2.8s (2.6s/item avg, ~53 min left) {'ground_type': 'shaded_field', 'shading_geometry': 'radial_or_vignette', 'field_texture': 'smooth', 'enclosure': 'none', 'confidence': 'high', 'ambiguity_note': ''}
[577/1800] 173ad1f508d4 700px ok 3.2s (2.6s/item avg, ~53 min left) {'ground_type': 'flat_field', 'shading_geometry': 'not_applicable', 'field_texture': 'smooth', 'enclosure': 'none', 'confidence': 'high', 'ambiguity_note': ''}
[578/1800] 2e903dbde9f7 147px ok 1.9s (2.6s/item avg, ~53 min left) {'ground_type': 'flat_field', 'shading_geometry': 'not_applicable', 'field_texture': 'smooth', 'enclosure': 'none', 'confidence': 'high', 'ambiguity_note': ''}
[579/1800] 54e9a351c912 483px ok 2.5s (2.6s/item avg, ~53 min left) {'ground_type': 'shaded_field', 'shading_geometry': 'radial_or_vignette', 'field_texture': 'one_textured_material', 'enclosure': 'none', 'confidence': 'high', 'ambiguity_note': ''}
[580/1800] 3c44f3e4c5dd 700px ok 3.0s (2.6s/item avg, ~53 min left) {'ground_type': 'flat_field', 'shading_geometry': 'not_applicable', 'field_texture': 'smooth', 'enclosure': 'none', 'confidence': 'high', 'ambiguity_note': ''}
[581/1800] 0037b9286872 700px ok 3.0s (2.6s/item avg, ~53 min left) {'ground_type': 'full_scene', 'shading_geometry': 'not_applicable', 'field_texture': 'one_textured_material', 'enclosure': 'none', 'confidence': 'high', 'ambiguity_note': ''}
[582/1800] e06504089d9b 640px ok 2.6s (2.6s/item avg, ~53 min left) {'ground_type': 'flat_field', 'shading_geometry': 'not_applicable', 'field_texture': 'smooth', 'enclosure': 'none', 'confidence': 'high', 'ambiguity_note': ''}
[583/1800] b11a43bb56a7 112px ok 2.0s (2.6s/item avg, ~53 min left) {'ground_type': 'full_scene', 'shading_geometry': 'not_applicable', 'field_texture': 'one_textured_material', 'enclosure': 'none', 'confidence': 'high', 'ambiguity_note': ''}
[584/1800] cd121676048d 640px ok 2.8s (2.6s/item avg, ~53 min left) {'ground_type': 'shaded_field', 'shading_geometry': 'radial_or_vignette', 'field_texture': 'smooth', 'enclosure': 'none', 'confidence': 'high', 'ambiguity_note': ''}
[585/1800] d7c7e2b2b9bc 482px ok 2.4s (2.6s/item avg, ~53 min left) {'ground_type': 'multiple_distinct_fields', 'shading_geometry': 'not_applicable', 'field_texture': 'one_textured_material', 'enclosure': 'none', 'confidence': 'high', 'ambiguity_note': ''}
[586/1800] 3a6f0a6c84e0 332px ok 2.1s (2.6s/item avg, ~53 min left) {'ground_type': 'flat_field', 'shading_geometry': 'not_applicable', 'field_texture': 'smooth', 'enclosure': 'none', 'confidence': 'high', 'ambiguity_note': ''}
[587/1800] 9f1626f3b6d7 147px ok 1.9s (2.6s/item avg, ~53 min left) {'ground_type': 'flat_field', 'shading_geometry': 'not_applicable', 'field_texture': 'smooth', 'enclosure': 'none', 'confidence': 'high', 'ambiguity_note': ''}
[588/1800] 62b2338be36d 332px ok 2.1s (2.6s/item avg, ~52 min left) {'ground_type': 'multiple_distinct_fields', 'shading_geometry': 'not_applicable', 'field_texture': 'distinct_areas', 'enclosure': 'none', 'confidence': 'high', 'ambiguity_note': ''}
[589/1800] ec586e7d8bfe 1500px ok 8.3s (2.6s/item avg, ~53 min left) {'ground_type': 'shaded_field', 'shading_geometry': 'radial_or_vignette', 'field_texture': 'one_textured_material', 'enclosure': 'thin_border', 'confidence': 'high', 'ambiguity_note': ''}
[590/1800] 37379ec330d1 147px ok 2.1s (2.6s/item avg, ~53 min left) {'ground_type': 'full_scene', 'shading_geometry': 'not_applicable', 'field_texture': 'one_textured_material', 'enclosure': 'thick_frame_or_bars', 'confidence': 'high', 'ambiguity_note': ''}
[591/1800] 0175812f4b54 640px ok 2.7s (2.6s/item avg, ~53 min left) {'ground_type': 'flat_field', 'shading_geometry': 'not_applicable', 'field_texture': 'smooth', 'enclosure': 'thin_border', 'confidence': 'high', 'ambiguity_note': ''}
[592/1800] 8ce7c705e676 333px ok 2.1s (2.6s/item avg, ~52 min left) {'ground_type': 'shaded_field', 'shading_geometry': 'radial_or_vignette', 'field_texture': 'one_textured_material', 'enclosure': 'none', 'confidence': 'high', 'ambiguity_note': ''}
[593/1800] c9592efe4753 483px ok 2.3s (2.6s/item avg, ~52 min left) {'ground_type': 'flat_field', 'shading_geometry': 'not_applicable', 'field_texture': 'smooth', 'enclosure': 'none', 'confidence': 'high', 'ambiguity_note': ''}
[594/1800] e27cb8dc749f 147px ok 2.0s (2.6s/item avg, ~52 min left) {'ground_type': 'shaded_field', 'shading_geometry': 'radial_or_vignette', 'field_texture': 'smooth', 'enclosure': 'none', 'confidence': 'high', 'ambiguity_note': ''}
[595/1800] cc35f7f97c2c 368px ok 2.3s (2.6s/item avg, ~52 min left) {'ground_type': 'shaded_field', 'shading_geometry': 'radial_or_vignette', 'field_texture': 'smooth', 'enclosure': 'thick_frame_or_bars', 'confidence': 'high', 'ambiguity_note': ''}
[596/1800] c795040613ee 640px ok 2.8s (2.6s/item avg, ~52 min left) {'ground_type': 'full_scene', 'shading_geometry': 'not_applicable', 'field_texture': 'one_textured_material', 'enclosure': 'thick_frame_or_bars', 'confidence': 'high', 'ambiguity_note': ''}
[597/1800] 537c750189aa 147px ok 2.0s (2.6s/item avg, ~52 min left) {'ground_type': 'flat_field', 'shading_geometry': 'not_applicable', 'field_texture': 'one_textured_material', 'enclosure': 'none', 'confidence': 'high', 'ambiguity_note': ''}
[598/1800] b24ad50dce60 147px ok 1.9s (2.6s/item avg, ~52 min left) {'ground_type': 'flat_field', 'shading_geometry': 'not_applicable', 'field_texture': 'smooth', 'enclosure': 'none', 'confidence': 'high', 'ambiguity_note': ''}
[599/1800] 2a4ea1d0de4b 147px ok 1.9s (2.6s/item avg, ~52 min left) {'ground_type': 'flat_field', 'shading_geometry': 'not_applicable', 'field_texture': 'smooth', 'enclosure': 'none', 'confidence': 'high', 'ambiguity_note': ''}
[600/1800] 17aabbb1db7a 147px ok 1.9s (2.6s/item avg, ~52 min left) {'ground_type': 'flat_field', 'shading_geometry': 'not_applicable', 'field_texture': 'smooth', 'enclosure': 'none', 'confidence': 'high', 'ambiguity_note': ''}
[601/1800] a55ddfa429ba 332px ok 2.0s (2.6s/item avg, ~52 min left) {'ground_type': 'flat_field', 'shading_geometry': 'not_applicable', 'field_texture': 'smooth', 'enclosure': 'none', 'confidence': 'high', 'ambiguity_note': ''}
[602/1800] d39a1d638f61 147px ok 1.9s (2.6s/item avg, ~52 min left) {'ground_type': 'pattern_or_texture', 'shading_geometry': 'not_applicable', 'field_texture': 'smooth', 'enclosure': 'none', 'confidence': 'high', 'ambiguity_note': ''}
[603/1800] 8532a91d6134 487px ok 2.3s (2.6s/item avg, ~52 min left) {'ground_type': 'flat_field', 'shading_geometry': 'not_applicable', 'field_texture': 'smooth', 'enclosure': 'none', 'confidence': 'high', 'ambiguity_note': ''}
[604/1800] 54e0a421a2b4 700px ok 3.1s (2.6s/item avg, ~52 min left) {'ground_type': 'shaded_field', 'shading_geometry': 'radial_or_vignette', 'field_texture': 'one_textured_material', 'enclosure': 'thin_border', 'confidence': 'high', 'ambiguity_note': ''}
[605/1800] 244939ff948d 332px ok 2.1s (2.6s/item avg, ~52 min left) {'ground_type': 'flat_field', 'shading_geometry': 'not_applicable', 'field_texture': 'smooth', 'enclosure': 'thin_border', 'confidence': 'high', 'ambiguity_note': ''}
[606/1800] 131383048ec4 112px ok 1.9s (2.6s/item avg, ~52 min left) {'ground_type': 'flat_field', 'shading_geometry': 'not_applicable', 'field_texture': 'smooth', 'enclosure': 'none', 'confidence': 'high', 'ambiguity_note': ''}
[607/1800] 31e1be97feb6 700px ok 3.0s (2.6s/item avg, ~52 min left) {'ground_type': 'shaded_field', 'shading_geometry': 'radial_or_vignette', 'field_texture': 'one_textured_material', 'enclosure': 'none', 'confidence': 'high', 'ambiguity_note': ''}
[608/1800] 2972aaf2f91a 1000px ok 3.9s (2.6s/item avg, ~52 min left) {'ground_type': 'full_scene', 'shading_geometry': 'not_applicable', 'field_texture': 'smooth', 'enclosure': 'none', 'confidence': 'high', 'ambiguity_note': ''}
[609/1800] ea7e2ae9c5d5 333px ok 1.9s (2.6s/item avg, ~52 min left) {'ground_type': 'flat_field', 'shading_geometry': 'not_applicable', 'field_texture': 'smooth', 'enclosure': 'none', 'confidence': 'high', 'ambiguity_note': ''}
[610/1800] 20db369b046d 147px ok 1.8s (2.6s/item avg, ~52 min left) {'ground_type': 'flat_field', 'shading_geometry': 'not_applicable', 'field_texture': 'smooth', 'enclosure': 'none', 'confidence': 'high', 'ambiguity_note': ''}
[611/1800] d688397df701 147px ok 1.8s (2.6s/item avg, ~52 min left) {'ground_type': 'flat_field', 'shading_geometry': 'not_applicable', 'field_texture': 'smooth', 'enclosure': 'none', 'confidence': 'high', 'ambiguity_note': ''}
[612/1800] 785fd2cdf858 147px ok 1.9s (2.6s/item avg, ~51 min left) {'ground_type': 'multiple_distinct_fields', 'shading_geometry': 'not_applicable', 'field_texture': 'distinct_areas', 'enclosure': 'none', 'confidence': 'high', 'ambiguity_note': ''}
[613/1800] 116feaa9d4ed 700px ok 2.7s (2.6s/item avg, ~51 min left) {'ground_type': 'flat_field', 'shading_geometry': 'not_applicable', 'field_texture': 'smooth', 'enclosure': 'none', 'confidence': 'high', 'ambiguity_note': ''}
[614/1800] bd639210cfc7 482px ok 2.3s (2.6s/item avg, ~51 min left) {'ground_type': 'shaded_field', 'shading_geometry': 'radial_or_vignette', 'field_texture': 'smooth', 'enclosure': 'none', 'confidence': 'high', 'ambiguity_note': ''}
[615/1800] 0175812f4b54 368px ok 2.0s (2.6s/item avg, ~51 min left) {'ground_type': 'flat_field', 'shading_geometry': 'not_applicable', 'field_texture': 'smooth', 'enclosure': 'thin_border', 'confidence': 'high', 'ambiguity_note': ''}
[616/1800] b4a18636207b 333px ok 1.9s (2.6s/item avg, ~51 min left) {'ground_type': 'flat_field', 'shading_geometry': 'not_applicable', 'field_texture': 'smooth', 'enclosure': 'thin_border', 'confidence': 'high', 'ambiguity_note': ''}
[617/1800] c40760e8d37b 482px ok 2.4s (2.6s/item avg, ~51 min left) {'ground_type': 'pattern_or_texture', 'shading_geometry': 'not_applicable', 'field_texture': 'one_textured_material', 'enclosure': 'thick_frame_or_bars', 'confidence': 'high', 'ambiguity_note': ''}
[618/1800] c9e936c4cac2 640px ok 2.8s (2.6s/item avg, ~51 min left) {'ground_type': 'flat_field', 'shading_geometry': 'not_applicable', 'field_texture': 'smooth', 'enclosure': 'none', 'confidence': 'high', 'ambiguity_note': ''}
[619/1800] 1b823ac3b1fe 700px ok 3.0s (2.6s/item avg, ~51 min left) {'ground_type': 'full_scene', 'shading_geometry': 'not_applicable', 'field_texture': 'one_textured_material', 'enclosure': 'thin_border', 'confidence': 'high', 'ambiguity_note': ''}
[620/1800] 4520c2942916 147px ok 2.0s (2.6s/item avg, ~51 min left) {'ground_type': 'multiple_distinct_fields', 'shading_geometry': 'not_applicable', 'field_texture': 'distinct_areas', 'enclosure': 'none', 'confidence': 'high', 'ambiguity_note': ''}
[621/1800] 3c44f3e4c5dd 333px ok 2.0s (2.6s/item avg, ~51 min left) {'ground_type': 'flat_field', 'shading_geometry': 'not_applicable', 'field_texture': 'smooth', 'enclosure': 'none', 'confidence': 'high', 'ambiguity_note': ''}
[622/1800] f16b9facbba4 147px ok 2.1s (2.6s/item avg, ~51 min left) {'ground_type': 'full_scene', 'shading_geometry': 'not_applicable', 'field_texture': 'one_textured_material', 'enclosure': 'thick_frame_or_bars', 'confidence': 'high', 'ambiguity_note': ''}
[623/1800] 652b3d490acf 332px ok 2.1s (2.6s/item avg, ~51 min left) {'ground_type': 'shaded_field', 'shading_geometry': 'radial_or_vignette', 'field_texture': 'smooth', 'enclosure': 'none', 'confidence': 'high', 'ambiguity_note': ''}
[624/1800] 967eabe51cbe 483px ok 2.4s (2.6s/item avg, ~51 min left) {'ground_type': 'shaded_field', 'shading_geometry': 'radial_or_vignette', 'field_texture': 'one_textured_material', 'enclosure': 'none', 'confidence': 'high', 'ambiguity_note': ''}
[625/1800] 34b0f78d4048 333px ok 2.0s (2.6s/item avg, ~51 min left) {'ground_type': 'flat_field', 'shading_geometry': 'not_applicable', 'field_texture': 'smooth', 'enclosure': 'thin_border', 'confidence': 'high', 'ambiguity_note': ''}
[626/1800] 5d69fb1bfbb6 700px ok 2.8s (2.6s/item avg, ~51 min left) {'ground_type': 'full_scene', 'shading_geometry': 'not_applicable', 'field_texture': 'smooth', 'enclosure': 'none', 'confidence': 'high', 'ambiguity_note': ''}
[627/1800] 0175812f4b54 483px ok 2.3s (2.6s/item avg, ~51 min left) {'ground_type': 'flat_field', 'shading_geometry': 'not_applicable', 'field_texture': 'smooth', 'enclosure': 'thin_border', 'confidence': 'high', 'ambiguity_note': ''}
[628/1800] 2e903dbde9f7 700px ok 2.9s (2.6s/item avg, ~51 min left) {'ground_type': 'shaded_field', 'shading_geometry': 'not_applicable', 'field_texture': 'one_textured_material', 'enclosure': 'none', 'confidence': 'high', 'ambiguity_note': ''}
[629/1800] 6478e9b461c9 368px ok 2.1s (2.6s/item avg, ~51 min left) {'ground_type': 'shaded_field', 'shading_geometry': 'radial_or_vignette', 'field_texture': 'smooth', 'enclosure': 'none', 'confidence': 'high', 'ambiguity_note': ''}
[630/1800] dcac050fcc62 640px ok 2.6s (2.6s/item avg, ~51 min left) {'ground_type': 'flat_field', 'shading_geometry': 'not_applicable', 'field_texture': 'smooth', 'enclosure': 'none', 'confidence': 'high', 'ambiguity_note': ''}
[631/1800] b4dc81516c85 333px ok 2.0s (2.6s/item avg, ~50 min left) {'ground_type': 'full_scene', 'shading_geometry': 'not_applicable', 'field_texture': 'smooth', 'enclosure': 'none', 'confidence': 'high', 'ambiguity_note': ''}
[632/1800] 506e4c4521e0 332px ok 2.1s (2.6s/item avg, ~50 min left) {'ground_type': 'multiple_distinct_fields', 'shading_geometry': 'not_applicable', 'field_texture': 'distinct_areas', 'enclosure': 'none', 'confidence': 'high', 'ambiguity_note': ''}
[633/1800] 191505fb4e14 600px ok 2.6s (2.6s/item avg, ~50 min left) {'ground_type': 'full_scene', 'shading_geometry': 'not_applicable', 'field_texture': 'distinct_areas', 'enclosure': 'none', 'confidence': 'high', 'ambiguity_note': ''}
[634/1800] c1be47defc3c 147px ok 2.0s (2.6s/item avg, ~50 min left) {'ground_type': 'full_scene', 'shading_geometry': 'not_applicable', 'field_texture': 'one_textured_material', 'enclosure': 'none', 'confidence': 'high', 'ambiguity_note': ''}
[635/1800] 9f798b19af31 332px ok 2.1s (2.6s/item avg, ~50 min left) {'ground_type': 'shaded_field', 'shading_geometry': 'radial_or_vignette', 'field_texture': 'one_textured_material', 'enclosure': 'none', 'confidence': 'high', 'ambiguity_note': ''}
[636/1800] 04ca1fc38f07 482px ok 2.3s (2.6s/item avg, ~50 min left) {'ground_type': 'full_scene', 'shading_geometry': 'not_applicable', 'field_texture': 'one_textured_material', 'enclosure': 'none', 'confidence': 'high', 'ambiguity_note': ''}
[637/1800] cc35f7f97c2c 147px ok 1.9s (2.6s/item avg, ~50 min left) {'ground_type': 'flat_field', 'shading_geometry': 'not_applicable', 'field_texture': 'smooth', 'enclosure': 'thin_border', 'confidence': 'high', 'ambiguity_note': ''}
[638/1800] 2eef445a1846 483px ok 2.3s (2.6s/item avg, ~50 min left) {'ground_type': 'full_scene', 'shading_geometry': 'not_applicable', 'field_texture': 'one_textured_material', 'enclosure': 'thin_border', 'confidence': 'high', 'ambiguity_note': ''}
[639/1800] b5cefa1644ae 253px ok 2.0s (2.6s/item avg, ~50 min left) {'ground_type': 'multiple_distinct_fields', 'shading_geometry': 'not_applicable', 'field_texture': 'distinct_areas', 'enclosure': 'none', 'confidence': 'high', 'ambiguity_note': ''}
[640/1800] 2a89f5b9de8e 482px ok 2.4s (2.6s/item avg, ~50 min left) {'ground_type': 'shaded_field', 'shading_geometry': 'radial_or_vignette', 'field_texture': 'smooth', 'enclosure': 'none', 'confidence': 'high', 'ambiguity_note': ''}
[641/1800] 3d02fad025bb 700px ok 3.0s (2.6s/item avg, ~50 min left) {'ground_type': 'shaded_field', 'shading_geometry': 'radial_or_vignette', 'field_texture': 'one_textured_material', 'enclosure': 'none', 'confidence': 'high', 'ambiguity_note': ''}
[642/1800] 302e3e176b93 640px ok 2.8s (2.6s/item avg, ~50 min left) {'ground_type': 'shaded_field', 'shading_geometry': 'radial_or_vignette', 'field_texture': 'one_textured_material', 'enclosure': 'none', 'confidence': 'high', 'ambiguity_note': ''}
[643/1800] 2bde6e2fc12b 147px ok 1.9s (2.6s/item avg, ~50 min left) {'ground_type': 'flat_field', 'shading_geometry': 'not_applicable', 'field_texture': 'smooth', 'enclosure': 'none', 'confidence': 'high', 'ambiguity_note': ''}
[644/1800] f42864ed49f7 333px ok 2.0s (2.6s/item avg, ~50 min left) {'ground_type': 'flat_field', 'shading_geometry': 'not_applicable', 'field_texture': 'smooth', 'enclosure': 'none', 'confidence': 'high', 'ambiguity_note': ''}
[645/1800] b11a43bb56a7 147px ok 2.0s (2.6s/item avg, ~50 min left) {'ground_type': 'full_scene', 'shading_geometry': 'not_applicable', 'field_texture': 'one_textured_material', 'enclosure': 'none', 'confidence': 'high', 'ambiguity_note': ''}
[646/1800] 0d568904cdb4 332px ok 2.0s (2.6s/item avg, ~50 min left) {'ground_type': 'flat_field', 'shading_geometry': 'not_applicable', 'field_texture': 'smooth', 'enclosure': 'none', 'confidence': 'high', 'ambiguity_note': ''}
[647/1800] 7ac6bebcc9a9 300px ok 1.9s (2.6s/item avg, ~50 min left) {'ground_type': 'full_scene', 'shading_geometry': 'not_applicable', 'field_texture': 'smooth', 'enclosure': 'none', 'confidence': 'high', 'ambiguity_note': ''}
[648/1800] b11a43bb56a7 700px ok 2.9s (2.6s/item avg, ~50 min left) {'ground_type': 'flat_field', 'shading_geometry': 'not_applicable', 'field_texture': 'one_textured_material', 'enclosure': 'none', 'confidence': 'high', 'ambiguity_note': ''}
[649/1800] 31e1be97feb6 147px ok 2.0s (2.6s/item avg, ~50 min left) {'ground_type': 'shaded_field', 'shading_geometry': 'radial_or_vignette', 'field_texture': 'one_textured_material', 'enclosure': 'none', 'confidence': 'high', 'ambiguity_note': ''}
[650/1800] 8e6a432e77c0 368px ok 2.2s (2.6s/item avg, ~49 min left) {'ground_type': 'full_scene', 'shading_geometry': 'not_applicable', 'field_texture': 'one_textured_material', 'enclosure': 'thick_frame_or_bars', 'confidence': 'high', 'ambiguity_note': ''}
[651/1800] 857823f0b8ba 700px ok 2.8s (2.6s/item avg, ~49 min left) {'ground_type': 'flat_field', 'shading_geometry': 'not_applicable', 'field_texture': 'smooth', 'enclosure': 'none', 'confidence': 'high', 'ambiguity_note': ''}
[652/1800] 1f2b9976fcc1 147px ok 1.9s (2.6s/item avg, ~49 min left) {'ground_type': 'flat_field', 'shading_geometry': 'not_applicable', 'field_texture': 'smooth', 'enclosure': 'none', 'confidence': 'high', 'ambiguity_note': ''}
[653/1800] 1c73b3ebefa1 483px ok 2.2s (2.6s/item avg, ~49 min left) {'ground_type': 'full_scene', 'shading_geometry': 'not_applicable', 'field_texture': 'smooth', 'enclosure': 'none', 'confidence': 'high', 'ambiguity_note': ''}
[654/1800] a86012aeeab0 482px ok 2.3s (2.6s/item avg, ~49 min left) {'ground_type': 'pattern_or_texture', 'shading_geometry': 'not_applicable', 'field_texture': 'distinct_areas', 'enclosure': 'none', 'confidence': 'high', 'ambiguity_note': ''}
[655/1800] 0a7519374d68 333px ok 2.1s (2.6s/item avg, ~49 min left) {'ground_type': 'full_scene', 'shading_geometry': 'not_applicable', 'field_texture': 'one_textured_material', 'enclosure': 'none', 'confidence': 'high', 'ambiguity_note': ''}
[656/1800] 4a7578f0a976 640px ok 2.8s (2.6s/item avg, ~49 min left) {'ground_type': 'shaded_field', 'shading_geometry': 'radial_or_vignette', 'field_texture': 'one_textured_material', 'enclosure': 'thin_border', 'confidence': 'high', 'ambiguity_note': ''}
[657/1800] 131383048ec4 147px ok 1.9s (2.6s/item avg, ~49 min left) {'ground_type': 'flat_field', 'shading_geometry': 'not_applicable', 'field_texture': 'smooth', 'enclosure': 'none', 'confidence': 'high', 'ambiguity_note': ''}
[658/1800] 0037b9286872 147px ok 2.0s (2.6s/item avg, ~49 min left) {'ground_type': 'full_scene', 'shading_geometry': 'not_applicable', 'field_texture': 'one_textured_material', 'enclosure': 'none', 'confidence': 'high', 'ambiguity_note': ''}
[659/1800] 94c63c5fdd70 147px ok 1.9s (2.6s/item avg, ~49 min left) {'ground_type': 'flat_field', 'shading_geometry': 'not_applicable', 'field_texture': 'smooth', 'enclosure': 'thin_border', 'confidence': 'high', 'ambiguity_note': ''}
[660/1800] 785fd2cdf858 483px ok 2.4s (2.6s/item avg, ~49 min left) {'ground_type': 'multiple_distinct_fields', 'shading_geometry': 'not_applicable', 'field_texture': 'distinct_areas', 'enclosure': 'none', 'confidence': 'high', 'ambiguity_note': ''}
[661/1800] 2f6755220463 332px ok 2.0s (2.6s/item avg, ~49 min left) {'ground_type': 'flat_field', 'shading_geometry': 'not_applicable', 'field_texture': 'smooth', 'enclosure': 'none', 'confidence': 'high', 'ambiguity_note': ''}
[662/1800] f539c77a7bba 147px ok 1.9s (2.6s/item avg, ~49 min left) {'ground_type': 'full_scene', 'shading_geometry': 'not_applicable', 'field_texture': 'smooth', 'enclosure': 'none', 'confidence': 'high', 'ambiguity_note': ''}
[663/1800] 4e1818d741e1 482px ok 2.3s (2.6s/item avg, ~49 min left) {'ground_type': 'flat_field', 'shading_geometry': 'not_applicable', 'field_texture': 'smooth', 'enclosure': 'none', 'confidence': 'high', 'ambiguity_note': ''}
[664/1800] 4369fd3ce2ee 482px ok 2.3s (2.6s/item avg, ~49 min left) {'ground_type': 'flat_field', 'shading_geometry': 'not_applicable', 'field_texture': 'smooth', 'enclosure': 'none', 'confidence': 'high', 'ambiguity_note': ''}
[665/1800] 24f5b46cc830 147px ok 1.9s (2.6s/item avg, ~49 min left) {'ground_type': 'multiple_distinct_fields', 'shading_geometry': 'not_applicable', 'field_texture': 'distinct_areas', 'enclosure': 'none', 'confidence': 'high', 'ambiguity_note': ''}
[666/1800] d39a1d638f61 482px ok 2.3s (2.6s/item avg, ~49 min left) {'ground_type': 'pattern_or_texture', 'shading_geometry': 'not_applicable', 'field_texture': 'one_textured_material', 'enclosure': 'none', 'confidence': 'high', 'ambiguity_note': ''}
[667/1800] fda547c58900 640px ok 2.6s (2.6s/item avg, ~49 min left) {'ground_type': 'flat_field', 'shading_geometry': 'not_applicable', 'field_texture': 'smooth', 'enclosure': 'none', 'confidence': 'high', 'ambiguity_note': ''}
[668/1800] 183b749cc339 482px ok 2.4s (2.6s/item avg, ~48 min left) {'ground_type': 'full_scene', 'shading_geometry': 'not_applicable', 'field_texture': 'one_textured_material', 'enclosure': 'thin_border', 'confidence': 'high', 'ambiguity_note': ''}
[669/1800] 0037b9286872 332px ok 2.0s (2.6s/item avg, ~48 min left) {'ground_type': 'full_scene', 'shading_geometry': 'not_applicable', 'field_texture': 'one_textured_material', 'enclosure': 'none', 'confidence': 'high', 'ambiguity_note': ''}
[670/1800] a86012aeeab0 640px ok 2.6s (2.6s/item avg, ~48 min left) {'ground_type': 'full_scene', 'shading_geometry': 'not_applicable', 'field_texture': 'distinct_areas', 'enclosure': 'none', 'confidence': 'high', 'ambiguity_note': ''}
[671/1800] 2a4ea1d0de4b 333px ok 2.1s (2.6s/item avg, ~48 min left) {'ground_type': 'flat_field', 'shading_geometry': 'not_applicable', 'field_texture': 'one_textured_material', 'enclosure': 'thin_border', 'confidence': 'high', 'ambiguity_note': ''}
[672/1800] 6b9ddd24a097 333px ok 2.1s (2.6s/item avg, ~48 min left) {'ground_type': 'flat_field', 'shading_geometry': 'not_applicable', 'field_texture': 'smooth', 'enclosure': 'thick_frame_or_bars', 'confidence': 'high', 'ambiguity_note': ''}
[673/1800] 5d2d7dc2ba3a 333px ok 2.0s (2.6s/item avg, ~48 min left) {'ground_type': 'flat_field', 'shading_geometry': 'not_applicable', 'field_texture': 'smooth', 'enclosure': 'none', 'confidence': 'high', 'ambiguity_note': ''}
[674/1800] fcbe3c60804b 147px ok 1.9s (2.6s/item avg, ~48 min left) {'ground_type': 'flat_field', 'shading_geometry': 'not_applicable', 'field_texture': 'smooth', 'enclosure': 'none', 'confidence': 'high', 'ambiguity_note': ''}
[675/1800] 97556e0daafe 483px ok 2.4s (2.6s/item avg, ~48 min left) {'ground_type': 'shaded_field', 'shading_geometry': 'radial_or_vignette', 'field_texture': 'one_textured_material', 'enclosure': 'thin_border', 'confidence': 'high', 'ambiguity_note': ''}
[676/1800] c454f6062593 640px ok 2.8s (2.6s/item avg, ~48 min left) {'ground_type': 'full_scene', 'shading_geometry': 'not_applicable', 'field_texture': 'one_textured_material', 'enclosure': 'thick_frame_or_bars', 'confidence': 'high', 'ambiguity_note': ''}
[677/1800] 64644d3910da 700px ok 2.9s (2.6s/item avg, ~48 min left) {'ground_type': 'full_scene', 'shading_geometry': 'not_applicable', 'field_texture': 'distinct_areas', 'enclosure': 'none', 'confidence': 'high', 'ambiguity_note': ''}
[678/1800] 498d62d9ae77 332px ok 2.0s (2.6s/item avg, ~48 min left) {'ground_type': 'flat_field', 'shading_geometry': 'not_applicable', 'field_texture': 'smooth', 'enclosure': 'none', 'confidence': 'high', 'ambiguity_note': ''}
[679/1800] 5a83dcc7b550 333px ok 2.1s (2.6s/item avg, ~48 min left) {'ground_type': 'shaded_field', 'shading_geometry': 'radial_or_vignette', 'field_texture': 'one_textured_material', 'enclosure': 'none', 'confidence': 'high', 'ambiguity_note': ''}
[680/1800] 86482d6947b3 640px ok 2.7s (2.6s/item avg, ~48 min left) {'ground_type': 'flat_field', 'shading_geometry': 'not_applicable', 'field_texture': 'one_textured_material', 'enclosure': 'none', 'confidence': 'high', 'ambiguity_note': ''}
[681/1800] 8c3307405566 640px ok 2.8s (2.6s/item avg, ~48 min left) {'ground_type': 'shaded_field', 'shading_geometry': 'radial_or_vignette', 'field_texture': 'one_textured_material', 'enclosure': 'none', 'confidence': 'high', 'ambiguity_note': ''}
[682/1800] 2d7d30ae4927 147px ok 2.0s (2.6s/item avg, ~48 min left) {'ground_type': 'flat_field', 'shading_geometry': 'not_applicable', 'field_texture': 'one_textured_material', 'enclosure': 'none', 'confidence': 'high', 'ambiguity_note': ''}
[683/1800] 302e3e176b93 318px ok 2.0s (2.6s/item avg, ~48 min left) {'ground_type': 'flat_field', 'shading_geometry': 'not_applicable', 'field_texture': 'smooth', 'enclosure': 'none', 'confidence': 'high', 'ambiguity_note': ''}
[684/1800] f335f5acae12 147px ok 1.9s (2.6s/item avg, ~48 min left) {'ground_type': 'flat_field', 'shading_geometry': 'not_applicable', 'field_texture': 'smooth', 'enclosure': 'thin_border', 'confidence': 'high', 'ambiguity_note': ''}
[685/1800] 2f6755220463 147px ok 1.9s (2.6s/item avg, ~48 min left) {'ground_type': 'flat_field', 'shading_geometry': 'not_applicable', 'field_texture': 'smooth', 'enclosure': 'none', 'confidence': 'high', 'ambiguity_note': ''}
[686/1800] 2eac7e11f364 332px ok 2.0s (2.6s/item avg, ~48 min left) {'ground_type': 'full_scene', 'shading_geometry': 'not_applicable', 'field_texture': 'one_textured_material', 'enclosure': 'none', 'confidence': 'high', 'ambiguity_note': ''}
[687/1800] 49b33cfa0bdb 640px ok 2.7s (2.6s/item avg, ~48 min left) {'ground_type': 'shaded_field', 'shading_geometry': 'radial_or_vignette', 'field_texture': 'distinct_areas', 'enclosure': 'none', 'confidence': 'high', 'ambiguity_note': ''}
[688/1800] 20921ee1e1ee 700px ok 3.0s (2.6s/item avg, ~47 min left) {'ground_type': 'shaded_field', 'shading_geometry': 'radial_or_vignette', 'field_texture': 'one_textured_material', 'enclosure': 'none', 'confidence': 'high', 'ambiguity_note': ''}
[689/1800] 5a83dcc7b550 253px ok 2.0s (2.6s/item avg, ~47 min left) {'ground_type': 'shaded_field', 'shading_geometry': 'radial_or_vignette', 'field_texture': 'one_textured_material', 'enclosure': 'none', 'confidence': 'high', 'ambiguity_note': ''}
[690/1800] b5cefa1644ae 482px ok 2.3s (2.6s/item avg, ~47 min left) {'ground_type': 'multiple_distinct_fields', 'shading_geometry': 'not_applicable', 'field_texture': 'distinct_areas', 'enclosure': 'none', 'confidence': 'high', 'ambiguity_note': ''}
[691/1800] 2d88913489ef 332px ok 2.1s (2.6s/item avg, ~47 min left) {'ground_type': 'flat_field', 'shading_geometry': 'not_applicable', 'field_texture': 'smooth', 'enclosure': 'thick_frame_or_bars', 'confidence': 'high', 'ambiguity_note': ''}
[692/1800] abdd2df04922 368px ok 2.0s (2.6s/item avg, ~47 min left) {'ground_type': 'flat_field', 'shading_geometry': 'not_applicable', 'field_texture': 'smooth', 'enclosure': 'none', 'confidence': 'high', 'ambiguity_note': ''}
[693/1800] 3530fe30e288 112px ok 1.9s (2.6s/item avg, ~47 min left) {'ground_type': 'flat_field', 'shading_geometry': 'not_applicable', 'field_texture': 'smooth', 'enclosure': 'none', 'confidence': 'high', 'ambiguity_note': ''}
[694/1800] 847f8262fd47 333px ok 2.0s (2.6s/item avg, ~47 min left) {'ground_type': 'flat_field', 'shading_geometry': 'not_applicable', 'field_texture': 'smooth', 'enclosure': 'none', 'confidence': 'high', 'ambiguity_note': ''}
[695/1800] 701588c7a009 147px ok 1.9s (2.6s/item avg, ~47 min left) {'ground_type': 'flat_field', 'shading_geometry': 'not_applicable', 'field_texture': 'smooth', 'enclosure': 'none', 'confidence': 'high', 'ambiguity_note': ''}
[696/1800] 6df8d387afff 700px ok 3.0s (2.6s/item avg, ~47 min left) {'ground_type': 'shaded_field', 'shading_geometry': 'radial_or_vignette', 'field_texture': 'one_textured_material', 'enclosure': 'none', 'confidence': 'high', 'ambiguity_note': ''}
[697/1800] 8014841d4dfd 112px ok 2.0s (2.6s/item avg, ~47 min left) {'ground_type': 'full_scene', 'shading_geometry': 'not_applicable', 'field_texture': 'one_textured_material', 'enclosure': 'thin_border', 'confidence': 'high', 'ambiguity_note': ''}
[698/1800] d3ebf9909969 483px ok 2.3s (2.6s/item avg, ~47 min left) {'ground_type': 'pattern_or_texture', 'shading_geometry': 'not_applicable', 'field_texture': 'one_textured_material', 'enclosure': 'none', 'confidence': 'high', 'ambiguity_note': ''}
[699/1800] 6f001a7ab2fd 332px ok 2.1s (2.6s/item avg, ~47 min left) {'ground_type': 'flat_field', 'shading_geometry': 'not_applicable', 'field_texture': 'smooth', 'enclosure': 'thin_border', 'confidence': 'high', 'ambiguity_note': ''}
[700/1800] efc767dc333a 112px ok 2.0s (2.6s/item avg, ~47 min left) {'ground_type': 'shaded_field', 'shading_geometry': 'radial_or_vignette', 'field_texture': 'one_textured_material', 'enclosure': 'none', 'confidence': 'high', 'ambiguity_note': ''}
[701/1800] 1cf4d237bc8f 700px ok 2.9s (2.6s/item avg, ~47 min left) {'ground_type': 'shaded_field', 'shading_geometry': 'radial_or_vignette', 'field_texture': 'smooth', 'enclosure': 'none', 'confidence': 'high', 'ambiguity_note': ''}
[702/1800] 5f262d251207 147px ok 2.1s (2.6s/item avg, ~47 min left) {'ground_type': 'shaded_field', 'shading_geometry': 'radial_or_vignette', 'field_texture': 'one_textured_material', 'enclosure': 'none', 'confidence': 'high', 'ambiguity_note': ''}
[703/1800] e06504089d9b 147px ok 1.9s (2.6s/item avg, ~47 min left) {'ground_type': 'flat_field', 'shading_geometry': 'not_applicable', 'field_texture': 'smooth', 'enclosure': 'none', 'confidence': 'high', 'ambiguity_note': ''}
[704/1800] a940b2d8ff71 640px ok 2.6s (2.6s/item avg, ~47 min left) {'ground_type': 'flat_field', 'shading_geometry': 'not_applicable', 'field_texture': 'smooth', 'enclosure': 'none', 'confidence': 'high', 'ambiguity_note': ''}
[705/1800] a872b00760da 147px ok 2.0s (2.6s/item avg, ~47 min left) {'ground_type': 'flat_field', 'shading_geometry': 'not_applicable', 'field_texture': 'one_textured_material', 'enclosure': 'none', 'confidence': 'high', 'ambiguity_note': ''}
[706/1800] 01ee1cae30fe 147px ok 1.9s (2.6s/item avg, ~47 min left) {'ground_type': 'flat_field', 'shading_geometry': 'not_applicable', 'field_texture': 'smooth', 'enclosure': 'none', 'confidence': 'high', 'ambiguity_note': ''}
[707/1800] 72dd0edffff9 332px ok 2.0s (2.6s/item avg, ~47 min left) {'ground_type': 'multiple_distinct_fields', 'shading_geometry': 'not_applicable', 'field_texture': 'distinct_areas', 'enclosure': 'none', 'confidence': 'high', 'ambiguity_note': ''}
[708/1800] b806eaeb461a 483px ok 2.4s (2.6s/item avg, ~47 min left) {'ground_type': 'pattern_or_texture', 'shading_geometry': 'not_applicable', 'field_texture': 'one_textured_material', 'enclosure': 'thin_border', 'confidence': 'high', 'ambiguity_note': ''}
[709/1800] 04ad96254ca4 147px ok 2.1s (2.6s/item avg, ~46 min left) {'ground_type': 'shaded_field', 'shading_geometry': 'radial_or_vignette', 'field_texture': 'one_textured_material', 'enclosure': 'thin_border', 'confidence': 'high', 'ambiguity_note': ''}
[710/1800] b931c2eb5c70 700px ok 3.1s (2.6s/item avg, ~46 min left) {'ground_type': 'shaded_field', 'shading_geometry': 'radial_or_vignette', 'field_texture': 'one_textured_material', 'enclosure': 'none', 'confidence': 'high', 'ambiguity_note': ''}
[711/1800] 49b33cfa0bdb 640px ok 2.9s (2.6s/item avg, ~46 min left) {'ground_type': 'shaded_field', 'shading_geometry': 'radial_or_vignette', 'field_texture': 'distinct_areas', 'enclosure': 'none', 'confidence': 'high', 'ambiguity_note': ''}
[712/1800] d6ff23ac29d7 483px ok 2.2s (2.6s/item avg, ~46 min left) {'ground_type': 'pattern_or_texture', 'shading_geometry': 'not_applicable', 'field_texture': 'one_textured_material', 'enclosure': 'none', 'confidence': 'high', 'ambiguity_note': ''}
[713/1800] fe3ad629099e 640px ok 2.8s (2.6s/item avg, ~46 min left) {'ground_type': 'full_scene', 'shading_geometry': 'not_applicable', 'field_texture': 'one_textured_material', 'enclosure': 'none', 'confidence': 'high', 'ambiguity_note': ''}
[714/1800] 952266f24301 333px ok 2.0s (2.6s/item avg, ~46 min left) {'ground_type': 'full_scene', 'shading_geometry': 'not_applicable', 'field_texture': 'one_textured_material', 'enclosure': 'none', 'confidence': 'high', 'ambiguity_note': ''}
[715/1800] c431b1397526 482px ok 2.3s (2.6s/item avg, ~46 min left) {'ground_type': 'flat_field', 'shading_geometry': 'not_applicable', 'field_texture': 'smooth', 'enclosure': 'none', 'confidence': 'high', 'ambiguity_note': ''}
[716/1800] 0119c5e4b168 112px ok 2.0s (2.6s/item avg, ~46 min left) {'ground_type': 'shaded_field', 'shading_geometry': 'radial_or_vignette', 'field_texture': 'smooth', 'enclosure': 'none', 'confidence': 'high', 'ambiguity_note': ''}
[717/1800] a8fb297aceb5 1500px ok 8.2s (2.6s/item avg, ~46 min left) {'ground_type': 'full_scene', 'shading_geometry': 'not_applicable', 'field_texture': 'smooth', 'enclosure': 'none', 'confidence': 'high', 'ambiguity_note': ''}
[718/1800] ab6e02ea4200 112px ok 1.9s (2.6s/item avg, ~46 min left) {'ground_type': 'flat_field', 'shading_geometry': 'not_applicable', 'field_texture': 'smooth', 'enclosure': 'none', 'confidence': 'high', 'ambiguity_note': ''}
[719/1800] 4b8ff6f32df3 147px ok 2.0s (2.6s/item avg, ~46 min left) {'ground_type': 'full_scene', 'shading_geometry': 'not_applicable', 'field_texture': 'one_textured_material', 'enclosure': 'none', 'confidence': 'high', 'ambiguity_note': ''}
[720/1800] bd639210cfc7 700px ok 2.9s (2.6s/item avg, ~46 min left) {'ground_type': 'shaded_field', 'shading_geometry': 'radial_or_vignette', 'field_texture': 'smooth', 'enclosure': 'none', 'confidence': 'high', 'ambiguity_note': ''}
[721/1800] 4797127edffd 333px ok 2.0s (2.6s/item avg, ~46 min left) {'ground_type': 'full_scene', 'shading_geometry': 'not_applicable', 'field_texture': 'smooth', 'enclosure': 'none', 'confidence': 'high', 'ambiguity_note': ''}
[722/1800] 9a1efc2c33f8 640px ok 2.9s (2.6s/item avg, ~46 min left) {'ground_type': 'shaded_field', 'shading_geometry': 'radial_or_vignette', 'field_texture': 'one_textured_material', 'enclosure': 'thin_border', 'confidence': 'high', 'ambiguity_note': ''}
[723/1800] 5d22022bfd07 700px ok 3.0s (2.6s/item avg, ~46 min left) {'ground_type': 'shaded_field', 'shading_geometry': 'radial_or_vignette', 'field_texture': 'smooth', 'enclosure': 'none', 'confidence': 'high', 'ambiguity_note': ''}
[724/1800] 6f001a7ab2fd 333px ok 2.0s (2.6s/item avg, ~46 min left) {'ground_type': 'flat_field', 'shading_geometry': 'not_applicable', 'field_texture': 'smooth', 'enclosure': 'thin_border', 'confidence': 'high', 'ambiguity_note': ''}
[725/1800] 857823f0b8ba 700px ok 2.8s (2.6s/item avg, ~46 min left) {'ground_type': 'flat_field', 'shading_geometry': 'not_applicable', 'field_texture': 'smooth', 'enclosure': 'none', 'confidence': 'high', 'ambiguity_note': ''}
[726/1800] b11a43bb56a7 253px ok 2.0s (2.6s/item avg, ~46 min left) {'ground_type': 'flat_field', 'shading_geometry': 'not_applicable', 'field_texture': 'one_textured_material', 'enclosure': 'none', 'confidence': 'high', 'ambiguity_note': ''}
[727/1800] f42864ed49f7 332px ok 2.0s (2.6s/item avg, ~46 min left) {'ground_type': 'flat_field', 'shading_geometry': 'not_applicable', 'field_texture': 'smooth', 'enclosure': 'none', 'confidence': 'high', 'ambiguity_note': ''}
[728/1800] 1c163c99a50e 1082px ok 4.6s (2.6s/item avg, ~46 min left) {'ground_type': 'full_scene', 'shading_geometry': 'not_applicable', 'field_texture': 'smooth', 'enclosure': 'none', 'confidence': 'high', 'ambiguity_note': ''}
[729/1800] c9132d67fb5f 483px ok 2.3s (2.6s/item avg, ~46 min left) {'ground_type': 'full_scene', 'shading_geometry': 'not_applicable', 'field_texture': 'one_textured_material', 'enclosure': 'none', 'confidence': 'high', 'ambiguity_note': ''}
[730/1800] 238b10cc602e 147px ok 2.0s (2.6s/item avg, ~46 min left) {'ground_type': 'flat_field', 'shading_geometry': 'not_applicable', 'field_texture': 'one_textured_material', 'enclosure': 'none', 'confidence': 'high', 'ambiguity_note': ''}
[731/1800] d30c6fcca26f 700px ok 3.0s (2.6s/item avg, ~46 min left) {'ground_type': 'full_scene', 'shading_geometry': 'not_applicable', 'field_texture': 'one_textured_material', 'enclosure': 'none', 'confidence': 'high', 'ambiguity_note': ''}
[732/1800] 4e1818d741e1 147px ok 1.9s (2.6s/item avg, ~46 min left) {'ground_type': 'flat_field', 'shading_geometry': 'not_applicable', 'field_texture': 'smooth', 'enclosure': 'none', 'confidence': 'high', 'ambiguity_note': ''}
[733/1800] 3ce1b0a9e1a4 640px ok 2.7s (2.6s/item avg, ~46 min left) {'ground_type': 'flat_field', 'shading_geometry': 'not_applicable', 'field_texture': 'smooth', 'enclosure': 'none', 'confidence': 'high', 'ambiguity_note': ''}
[734/1800] 0d053af380d2 3000px ok 58.3s (2.6s/item avg, ~47 min left) {'ground_type': 'pattern_or_texture', 'shading_geometry': 'not_applicable', 'field_texture': 'one_textured_material', 'enclosure': 'thin_border', 'confidence': 'high', 'ambiguity_note': ''}
[735/1800] dcac050fcc62 147px ok 2.0s (2.6s/item avg, ~47 min left) {'ground_type': 'flat_field', 'shading_geometry': 'not_applicable', 'field_texture': 'smooth', 'enclosure': 'none', 'confidence': 'high', 'ambiguity_note': ''}
[736/1800] e8c360963590 333px ok 2.1s (2.6s/item avg, ~47 min left) {'ground_type': 'shaded_field', 'shading_geometry': 'radial_or_vignette', 'field_texture': 'smooth', 'enclosure': 'none', 'confidence': 'high', 'ambiguity_note': ''}
[737/1800] b090791e3f86 640px ok 2.8s (2.6s/item avg, ~47 min left) {'ground_type': 'shaded_field', 'shading_geometry': 'radial_or_vignette', 'field_texture': 'one_textured_material', 'enclosure': 'none', 'confidence': 'high', 'ambiguity_note': ''}
[738/1800] 862ae92add8a 253px ok 1.9s (2.6s/item avg, ~47 min left) {'ground_type': 'full_scene', 'shading_geometry': 'not_applicable', 'field_texture': 'smooth', 'enclosure': 'none', 'confidence': 'high', 'ambiguity_note': ''}
[739/1800] 49b33cfa0bdb 332px ok 2.1s (2.6s/item avg, ~47 min left) {'ground_type': 'shaded_field', 'shading_geometry': 'radial_or_vignette', 'field_texture': 'smooth', 'enclosure': 'none', 'confidence': 'high', 'ambiguity_note': ''}
[740/1800] 786a62e00979 200px ok 2.0s (2.6s/item avg, ~47 min left) {'ground_type': 'flat_field', 'shading_geometry': 'not_applicable', 'field_texture': 'smooth', 'enclosure': 'none', 'confidence': 'high', 'ambiguity_note': ''}
[741/1800] 3a6f0a6c84e0 700px ok 2.9s (2.6s/item avg, ~46 min left) {'ground_type': 'flat_field', 'shading_geometry': 'not_applicable', 'field_texture': 'smooth', 'enclosure': 'none', 'confidence': 'high', 'ambiguity_note': ''}
[742/1800] b090791e3f86 333px ok 2.1s (2.6s/item avg, ~46 min left) {'ground_type': 'shaded_field', 'shading_geometry': 'radial_or_vignette', 'field_texture': 'one_textured_material', 'enclosure': 'none', 'confidence': 'high', 'ambiguity_note': ''}
[743/1800] a872b00760da 332px ok 2.1s (2.6s/item avg, ~46 min left) {'ground_type': 'flat_field', 'shading_geometry': 'not_applicable', 'field_texture': 'one_textured_material', 'enclosure': 'none', 'confidence': 'high', 'ambiguity_note': ''}
[744/1800] 07b122ad5a8e 112px ok 2.1s (2.6s/item avg, ~46 min left) {'ground_type': 'shaded_field', 'shading_geometry': 'radial_or_vignette', 'field_texture': 'one_textured_material', 'enclosure': 'none', 'confidence': 'high', 'ambiguity_note': ''}
[745/1800] 4369fd3ce2ee 483px ok 2.3s (2.6s/item avg, ~46 min left) {'ground_type': 'flat_field', 'shading_geometry': 'not_applicable', 'field_texture': 'smooth', 'enclosure': 'none', 'confidence': 'high', 'ambiguity_note': ''}
[746/1800] ab3547eeb61a 700px ok 2.9s (2.6s/item avg, ~46 min left) {'ground_type': 'full_scene', 'shading_geometry': 'not_applicable', 'field_texture': 'smooth', 'enclosure': 'none', 'confidence': 'high', 'ambiguity_note': ''}
[747/1800] d39a1d638f61 640px ok 2.7s (2.6s/item avg, ~46 min left) {'ground_type': 'pattern_or_texture', 'shading_geometry': 'not_applicable', 'field_texture': 'one_textured_material', 'enclosure': 'none', 'confidence': 'high', 'ambiguity_note': ''}
[748/1800] 96a73f665b3b 700px ok 2.9s (2.6s/item avg, ~46 min left) {'ground_type': 'flat_field', 'shading_geometry': 'not_applicable', 'field_texture': 'smooth', 'enclosure': 'none', 'confidence': 'high', 'ambiguity_note': ''}
[749/1800] ad4a6a983e08 640px ok 2.7s (2.6s/item avg, ~46 min left) {'ground_type': 'pattern_or_texture', 'shading_geometry': 'not_applicable', 'field_texture': 'one_textured_material', 'enclosure': 'none', 'confidence': 'high', 'ambiguity_note': ''}
[750/1800] 6f001a7ab2fd 640px ok 2.8s (2.6s/item avg, ~46 min left) {'ground_type': 'flat_field', 'shading_geometry': 'not_applicable', 'field_texture': 'one_textured_material', 'enclosure': 'thick_frame_or_bars', 'confidence': 'high', 'ambiguity_note': ''}
[751/1800] 5e0944545e83 147px ok 2.3s (2.6s/item avg, ~46 min left) {'ground_type': 'full_scene', 'shading_geometry': 'not_applicable', 'field_texture': 'one_textured_material', 'enclosure': 'none', 'confidence': 'high', 'ambiguity_note': ''}
[752/1800] 9bd4c540518f 700px ok 3.0s (2.6s/item avg, ~46 min left) {'ground_type': 'shaded_field', 'shading_geometry': 'radial_or_vignette', 'field_texture': 'one_textured_material', 'enclosure': 'none', 'confidence': 'high', 'ambiguity_note': ''}
[753/1800] 8559fe9e6f57 147px ok 1.8s (2.6s/item avg, ~46 min left) {'ground_type': 'flat_field', 'shading_geometry': 'not_applicable', 'field_texture': 'smooth', 'enclosure': 'none', 'confidence': 'high', 'ambiguity_note': ''}
[754/1800] a2a0e2c51bc9 147px ok 2.2s (2.6s/item avg, ~46 min left) {'ground_type': 'multiple_distinct_fields', 'shading_geometry': 'not_applicable', 'field_texture': 'distinct_areas', 'enclosure': 'none', 'confidence': 'high', 'ambiguity_note': ''}
[755/1800] 281d6e82a2a6 700px ok 3.1s (2.6s/item avg, ~46 min left) {'ground_type': 'shaded_field', 'shading_geometry': 'radial_or_vignette', 'field_texture': 'smooth', 'enclosure': 'none', 'confidence': 'high', 'ambiguity_note': ''}
[756/1800] e64715abc934 147px ok 1.9s (2.6s/item avg, ~46 min left) {'ground_type': 'flat_field', 'shading_geometry': 'not_applicable', 'field_texture': 'smooth', 'enclosure': 'none', 'confidence': 'high', 'ambiguity_note': ''}
[757/1800] 0d568904cdb4 112px ok 1.9s (2.6s/item avg, ~46 min left) {'ground_type': 'flat_field', 'shading_geometry': 'not_applicable', 'field_texture': 'smooth', 'enclosure': 'none', 'confidence': 'high', 'ambiguity_note': ''}
[758/1800] 9f798b19af31 333px ok 2.1s (2.6s/item avg, ~46 min left) {'ground_type': 'shaded_field', 'shading_geometry': 'radial_or_vignette', 'field_texture': 'one_textured_material', 'enclosure': 'none', 'confidence': 'high', 'ambiguity_note': ''}
[759/1800] 81caae4301b7 640px ok 2.7s (2.6s/item avg, ~46 min left) {'ground_type': 'pattern_or_texture', 'shading_geometry': 'not_applicable', 'field_texture': 'one_textured_material', 'enclosure': 'none', 'confidence': 'high', 'ambiguity_note': ''}
[760/1800] fbeefb00be48 332px ok 2.0s (2.6s/item avg, ~46 min left) {'ground_type': 'full_scene', 'shading_geometry': 'not_applicable', 'field_texture': 'one_textured_material', 'enclosure': 'none', 'confidence': 'high', 'ambiguity_note': ''}
[761/1800] 9f798b19af31 482px ok 2.4s (2.6s/item avg, ~45 min left) {'ground_type': 'shaded_field', 'shading_geometry': 'radial_or_vignette', 'field_texture': 'one_textured_material', 'enclosure': 'none', 'confidence': 'high', 'ambiguity_note': ''}
[762/1800] ebb9e554d37a 333px ok 2.1s (2.6s/item avg, ~45 min left) {'ground_type': 'shaded_field', 'shading_geometry': 'radial_or_vignette', 'field_texture': 'one_textured_material', 'enclosure': 'none', 'confidence': 'high', 'ambiguity_note': ''}
[763/1800] 747bf7d9d82c 147px ok 1.9s (2.6s/item avg, ~45 min left) {'ground_type': 'flat_field', 'shading_geometry': 'not_applicable', 'field_texture': 'smooth', 'enclosure': 'thin_border', 'confidence': 'high', 'ambiguity_note': ''}
[764/1800] e4cb53c56818 700px ok 2.9s (2.6s/item avg, ~45 min left) {'ground_type': 'flat_field', 'shading_geometry': 'not_applicable', 'field_texture': 'smooth', 'enclosure': 'none', 'confidence': 'high', 'ambiguity_note': ''}
[765/1800] 0760e261f5a0 1030px ok 4.2s (2.6s/item avg, ~45 min left) {'ground_type': 'flat_field', 'shading_geometry': 'not_applicable', 'field_texture': 'smooth', 'enclosure': 'none', 'confidence': 'high', 'ambiguity_note': ''}
[766/1800] 6478e9b461c9 482px ok 2.3s (2.6s/item avg, ~45 min left) {'ground_type': 'shaded_field', 'shading_geometry': 'radial_or_vignette', 'field_texture': 'smooth', 'enclosure': 'none', 'confidence': 'high', 'ambiguity_note': ''}
[767/1800] 191505fb4e14 483px ok 2.3s (2.6s/item avg, ~45 min left) {'ground_type': 'full_scene', 'shading_geometry': 'not_applicable', 'field_texture': 'distinct_areas', 'enclosure': 'none', 'confidence': 'high', 'ambiguity_note': ''}
[768/1800] 1466ad8906e8 253px ok 1.9s (2.6s/item avg, ~45 min left) {'ground_type': 'flat_field', 'shading_geometry': 'not_applicable', 'field_texture': 'smooth', 'enclosure': 'none', 'confidence': 'high', 'ambiguity_note': ''}
[769/1800] 62b2338be36d 147px ok 2.0s (2.6s/item avg, ~45 min left) {'ground_type': 'shaded_field', 'shading_geometry': 'radial_or_vignette', 'field_texture': 'smooth', 'enclosure': 'none', 'confidence': 'high', 'ambiguity_note': ''}
[770/1800] f21ec68e7809 300px ok 2.0s (2.6s/item avg, ~45 min left) {'ground_type': 'flat_field', 'shading_geometry': 'not_applicable', 'field_texture': 'smooth', 'enclosure': 'thin_border', 'confidence': 'high', 'ambiguity_note': ''}
[771/1800] 20921ee1e1ee 147px ok 2.1s (2.6s/item avg, ~45 min left) {'ground_type': 'shaded_field', 'shading_geometry': 'radial_or_vignette', 'field_texture': 'one_textured_material', 'enclosure': 'none', 'confidence': 'high', 'ambiguity_note': ''}
[772/1800] 08ba5be85188 147px ok 1.9s (2.6s/item avg, ~45 min left) {'ground_type': 'flat_field', 'shading_geometry': 'not_applicable', 'field_texture': 'smooth', 'enclosure': 'none', 'confidence': 'high', 'ambiguity_note': ''}
[773/1800] 8c3307405566 333px ok 2.0s (2.6s/item avg, ~45 min left) {'ground_type': 'flat_field', 'shading_geometry': 'not_applicable', 'field_texture': 'smooth', 'enclosure': 'thin_border', 'confidence': 'high', 'ambiguity_note': ''}
[774/1800] 221675e27b7e 700px ok 2.8s (2.6s/item avg, ~45 min left) {'ground_type': 'full_scene', 'shading_geometry': 'not_applicable', 'field_texture': 'smooth', 'enclosure': 'none', 'confidence': 'high', 'ambiguity_note': ''}
[775/1800] d8fb1ce57495 147px ok 2.1s (2.6s/item avg, ~45 min left) {'ground_type': 'shaded_field', 'shading_geometry': 'radial_or_vignette', 'field_texture': 'one_textured_material', 'enclosure': 'none', 'confidence': 'high', 'ambiguity_note': ''}
[776/1800] 1c73b3ebefa1 147px ok 1.9s (2.6s/item avg, ~45 min left) {'ground_type': 'full_scene', 'shading_geometry': 'not_applicable', 'field_texture': 'smooth', 'enclosure': 'none', 'confidence': 'high', 'ambiguity_note': ''}
[777/1800] 1f2b9976fcc1 333px ok 2.1s (2.6s/item avg, ~45 min left) {'ground_type': 'flat_field', 'shading_geometry': 'not_applicable', 'field_texture': 'one_textured_material', 'enclosure': 'none', 'confidence': 'high', 'ambiguity_note': ''}
[778/1800] 6b9ddd24a097 147px ok 2.0s (2.6s/item avg, ~45 min left) {'ground_type': 'flat_field', 'shading_geometry': 'not_applicable', 'field_texture': 'smooth', 'enclosure': 'thick_frame_or_bars', 'confidence': 'high', 'ambiguity_note': ''}
[779/1800] b806eaeb461a 147px ok 2.0s (2.6s/item avg, ~45 min left) {'ground_type': 'pattern_or_texture', 'shading_geometry': 'not_applicable', 'field_texture': 'one_textured_material', 'enclosure': 'thin_border', 'confidence': 'high', 'ambiguity_note': ''}
[780/1800] 494259de1858 700px ok 3.0s (2.6s/item avg, ~45 min left) {'ground_type': 'flat_field', 'shading_geometry': 'not_applicable', 'field_texture': 'one_textured_material', 'enclosure': 'none', 'confidence': 'high', 'ambiguity_note': ''}
[781/1800] dc7b5d027e88 483px ok 2.4s (2.6s/item avg, ~44 min left) {'ground_type': 'full_scene', 'shading_geometry': 'not_applicable', 'field_texture': 'smooth', 'enclosure': 'none', 'confidence': 'high', 'ambiguity_note': ''}
[782/1800] 0d053af380d2 332px ok 2.0s (2.6s/item avg, ~44 min left) {'ground_type': 'flat_field', 'shading_geometry': 'not_applicable', 'field_texture': 'smooth', 'enclosure': 'none', 'confidence': 'high', 'ambiguity_note': ''}
[783/1800] 768a4cb45980 147px ok 2.0s (2.6s/item avg, ~44 min left) {'ground_type': 'flat_field', 'shading_geometry': 'not_applicable', 'field_texture': 'smooth', 'enclosure': 'none', 'confidence': 'high', 'ambiguity_note': ''}
[784/1800] 09cedae73223 147px ok 2.0s (2.6s/item avg, ~44 min left) {'ground_type': 'flat_field', 'shading_geometry': 'not_applicable', 'field_texture': 'smooth', 'enclosure': 'none', 'confidence': 'high', 'ambiguity_note': ''}
[785/1800] fa99d6a7af11 147px ok 2.0s (2.6s/item avg, ~44 min left) {'ground_type': 'flat_field', 'shading_geometry': 'not_applicable', 'field_texture': 'smooth', 'enclosure': 'thin_border', 'confidence': 'high', 'ambiguity_note': ''}
[786/1800] 5569d61c5e69 482px ok 2.4s (2.6s/item avg, ~44 min left) {'ground_type': 'flat_field', 'shading_geometry': 'not_applicable', 'field_texture': 'one_textured_material', 'enclosure': 'none', 'confidence': 'high', 'ambiguity_note': ''}
[787/1800] 1f99a6b00ed0 700px ok 3.8s (2.6s/item avg, ~44 min left) {'ground_type': 'shaded_field', 'shading_geometry': 'radial_or_vignette', 'field_texture': 'one_textured_material', 'enclosure': 'none', 'confidence': 'high', 'ambiguity_note': ''}
[788/1800] dcac050fcc62 253px ok 2.2s (2.6s/item avg, ~44 min left) {'ground_type': 'flat_field', 'shading_geometry': 'not_applicable', 'field_texture': 'smooth', 'enclosure': 'none', 'confidence': 'high', 'ambiguity_note': ''}
[789/1800] 291cb109743c 147px ok 2.1s (2.6s/item avg, ~44 min left) {'ground_type': 'full_scene', 'shading_geometry': 'not_applicable', 'field_texture': 'smooth', 'enclosure': 'none', 'confidence': 'high', 'ambiguity_note': ''}
[790/1800] cb51b7ee442f 700px ok 3.2s (2.6s/item avg, ~44 min left) {'ground_type': 'flat_field', 'shading_geometry': 'not_applicable', 'field_texture': 'smooth', 'enclosure': 'none', 'confidence': 'high', 'ambiguity_note': ''}
[791/1800] 08ba5be85188 700px ok 3.1s (2.6s/item avg, ~44 min left) {'ground_type': 'flat_field', 'shading_geometry': 'not_applicable', 'field_texture': 'smooth', 'enclosure': 'none', 'confidence': 'high', 'ambiguity_note': ''}
[792/1800] d6d018858720 700px ok 3.1s (2.6s/item avg, ~44 min left) {'ground_type': 'shaded_field', 'shading_geometry': 'radial_or_vignette', 'field_texture': 'smooth', 'enclosure': 'none', 'confidence': 'high', 'ambiguity_note': ''}
[793/1800] 7dfec6cccfa1 240px ok 2.2s (2.6s/item avg, ~44 min left) {'ground_type': 'flat_field', 'shading_geometry': 'not_applicable', 'field_texture': 'one_textured_material', 'enclosure': 'none', 'confidence': 'high', 'ambiguity_note': ''}
[794/1800] d3ebf9909969 640px ok 3.0s (2.6s/item avg, ~44 min left) {'ground_type': 'pattern_or_texture', 'shading_geometry': 'not_applicable', 'field_texture': 'one_textured_material', 'enclosure': 'none', 'confidence': 'high', 'ambiguity_note': ''}
[795/1800] 1cf4d237bc8f 332px ok 2.2s (2.6s/item avg, ~44 min left) {'ground_type': 'flat_field', 'shading_geometry': 'not_applicable', 'field_texture': 'smooth', 'enclosure': 'none', 'confidence': 'high', 'ambiguity_note': ''}
[796/1800] 9a1efc2c33f8 112px ok 2.1s (2.6s/item avg, ~44 min left) {'ground_type': 'flat_field', 'shading_geometry': 'not_applicable', 'field_texture': 'smooth', 'enclosure': 'thin_border', 'confidence': 'high', 'ambiguity_note': ''}
[797/1800] 786a62e00979 147px ok 2.1s (2.6s/item avg, ~44 min left) {'ground_type': 'flat_field', 'shading_geometry': 'not_applicable', 'field_texture': 'smooth', 'enclosure': 'none', 'confidence': 'high', 'ambiguity_note': ''}
[798/1800] 97556e0daafe 368px ok 2.5s (2.6s/item avg, ~44 min left) {'ground_type': 'shaded_field', 'shading_geometry': 'radial_or_vignette', 'field_texture': 'one_textured_material', 'enclosure': 'thin_border', 'confidence': 'high', 'ambiguity_note': ''}
[799/1800] 16db93f0cb9e 147px ok 2.2s (2.6s/item avg, ~44 min left) {'ground_type': 'full_scene', 'shading_geometry': 'not_applicable', 'field_texture': 'smooth', 'enclosure': 'none', 'confidence': 'high', 'ambiguity_note': ''}
[800/1800] 281d6e82a2a6 333px ok 2.3s (2.6s/item avg, ~44 min left) {'ground_type': 'flat_field', 'shading_geometry': 'not_applicable', 'field_texture': 'smooth', 'enclosure': 'none', 'confidence': 'high', 'ambiguity_note': ''}
[801/1800] c431b1397526 333px ok 2.4s (2.6s/item avg, ~44 min left) {'ground_type': 'flat_field', 'shading_geometry': 'not_applicable', 'field_texture': 'smooth', 'enclosure': 'none', 'confidence': 'high', 'ambiguity_note': ''}
[802/1800] c4f5e8637499 700px ok 3.4s (2.6s/item avg, ~44 min left) {'ground_type': 'pattern_or_texture', 'shading_geometry': 'not_applicable', 'field_texture': 'one_textured_material', 'enclosure': 'none', 'confidence': 'high', 'ambiguity_note': ''}
[803/1800] f6e43b68717b 483px ok 2.7s (2.6s/item avg, ~44 min left) {'ground_type': 'flat_field', 'shading_geometry': 'not_applicable', 'field_texture': 'smooth', 'enclosure': 'thin_border', 'confidence': 'high', 'ambiguity_note': ''}
[804/1800] 69b253a10904 332px ok 2.4s (2.6s/item avg, ~43 min left) {'ground_type': 'pattern_or_texture', 'shading_geometry': 'not_applicable', 'field_texture': 'one_textured_material', 'enclosure': 'none', 'confidence': 'high', 'ambiguity_note': ''}
[805/1800] 9f1626f3b6d7 333px ok 2.4s (2.6s/item avg, ~43 min left) {'ground_type': 'flat_field', 'shading_geometry': 'not_applicable', 'field_texture': 'smooth', 'enclosure': 'none', 'confidence': 'high', 'ambiguity_note': ''}
[806/1800] 4520c2942916 200px ok 2.4s (2.6s/item avg, ~43 min left) {'ground_type': 'multiple_distinct_fields', 'shading_geometry': 'not_applicable', 'field_texture': 'distinct_areas', 'enclosure': 'none', 'confidence': 'high', 'ambiguity_note': ''}
[807/1800] 3d2d0e28037f 640px ok 3.2s (2.6s/item avg, ~43 min left) {'ground_type': 'flat_field', 'shading_geometry': 'not_applicable', 'field_texture': 'smooth', 'enclosure': 'none', 'confidence': 'high', 'ambiguity_note': ''}
[808/1800] ca71c3c4224a 1000px ok 4.9s (2.6s/item avg, ~43 min left) {'ground_type': 'flat_field', 'shading_geometry': 'not_applicable', 'field_texture': 'smooth', 'enclosure': 'none', 'confidence': 'high', 'ambiguity_note': ''}
[809/1800] 3b899c9447c7 333px ok 2.6s (2.6s/item avg, ~43 min left) {'ground_type': 'full_scene', 'shading_geometry': 'not_applicable', 'field_texture': 'one_textured_material', 'enclosure': 'none', 'confidence': 'high', 'ambiguity_note': ''}
[810/1800] c9fbb83c728d 483px ok 2.9s (2.6s/item avg, ~43 min left) {'ground_type': 'full_scene', 'shading_geometry': 'not_applicable', 'field_texture': 'distinct_areas', 'enclosure': 'none', 'confidence': 'high', 'ambiguity_note': ''}
[811/1800] e7791800399b 332px ok 2.7s (2.6s/item avg, ~43 min left) {'ground_type': 'shaded_field', 'shading_geometry': 'radial_or_vignette', 'field_texture': 'smooth', 'enclosure': 'none', 'confidence': 'high', 'ambiguity_note': ''}
[812/1800] 3ce1b0a9e1a4 640px ok 3.3s (2.6s/item avg, ~43 min left) {'ground_type': 'flat_field', 'shading_geometry': 'not_applicable', 'field_texture': 'smooth', 'enclosure': 'none', 'confidence': 'high', 'ambiguity_note': ''}
[813/1800] 967eabe51cbe 640px ok 3.7s (2.6s/item avg, ~43 min left) {'ground_type': 'shaded_field', 'shading_geometry': 'radial_or_vignette', 'field_texture': 'one_textured_material', 'enclosure': 'none', 'confidence': 'high', 'ambiguity_note': ''}
[814/1800] ec8e773ef5f1 147px ok 2.5s (2.6s/item avg, ~43 min left) {'ground_type': 'flat_field', 'shading_geometry': 'not_applicable', 'field_texture': 'smooth', 'enclosure': 'none', 'confidence': 'high', 'ambiguity_note': ''}
[815/1800] b4a18636207b 332px ok 2.7s (2.6s/item avg, ~43 min left) {'ground_type': 'flat_field', 'shading_geometry': 'not_applicable', 'field_texture': 'smooth', 'enclosure': 'thin_border', 'confidence': 'high', 'ambiguity_note': ''}
[816/1800] c9fbb83c728d 368px ok 2.9s (2.6s/item avg, ~43 min left) {'ground_type': 'shaded_field', 'shading_geometry': 'radial_or_vignette', 'field_texture': 'smooth', 'enclosure': 'none', 'confidence': 'high', 'ambiguity_note': ''}
[817/1800] 24f5b46cc830 333px ok 3.1s (2.6s/item avg, ~43 min left) {'ground_type': 'multiple_distinct_fields', 'shading_geometry': 'not_applicable', 'field_texture': 'distinct_areas', 'enclosure': 'none', 'confidence': 'high', 'ambiguity_note': ''}
[818/1800] 97e0d3a98143 147px ok 3.0s (2.6s/item avg, ~43 min left) {'ground_type': 'full_scene', 'shading_geometry': 'not_applicable', 'field_texture': 'one_textured_material', 'enclosure': 'none', 'confidence': 'high', 'ambiguity_note': ''}
[819/1800] 38a2dd9e7da0 700px ok 4.0s (2.6s/item avg, ~43 min left) {'ground_type': 'flat_field', 'shading_geometry': 'not_applicable', 'field_texture': 'smooth', 'enclosure': 'none', 'confidence': 'high', 'ambiguity_note': ''}
[820/1800] 7c2d1d2d936b 368px ok 3.1s (2.6s/item avg, ~43 min left) {'ground_type': 'flat_field', 'shading_geometry': 'not_applicable', 'field_texture': 'one_textured_material', 'enclosure': 'thin_border', 'confidence': 'high', 'ambiguity_note': ''}
[821/1800] c9e936c4cac2 333px ok 3.1s (2.6s/item avg, ~43 min left) {'ground_type': 'flat_field', 'shading_geometry': 'not_applicable', 'field_texture': 'smooth', 'enclosure': 'none', 'confidence': 'high', 'ambiguity_note': ''}
[822/1800] d39a1d638f61 640px ok 4.2s (2.6s/item avg, ~43 min left) {'ground_type': 'pattern_or_texture', 'shading_geometry': 'not_applicable', 'field_texture': 'one_textured_material', 'enclosure': 'none', 'confidence': 'high', 'ambiguity_note': ''}
[823/1800] 967eabe51cbe 368px ok 3.3s (2.6s/item avg, ~43 min left) {'ground_type': 'shaded_field', 'shading_geometry': 'radial_or_vignette', 'field_texture': 'one_textured_material', 'enclosure': 'none', 'confidence': 'high', 'ambiguity_note': ''}
[824/1800] 24bdec022040 332px ok 3.0s (2.6s/item avg, ~43 min left) {'ground_type': 'full_scene', 'shading_geometry': 'not_applicable', 'field_texture': 'smooth', 'enclosure': 'thin_border', 'confidence': 'high', 'ambiguity_note': ''}
[825/1800] 1466ad8906e8 147px ok 2.9s (2.6s/item avg, ~43 min left) {'ground_type': 'flat_field', 'shading_geometry': 'not_applicable', 'field_texture': 'smooth', 'enclosure': 'none', 'confidence': 'high', 'ambiguity_note': ''}
[826/1800] ab05370a44cf 640px ok 4.6s (2.6s/item avg, ~43 min left) {'ground_type': 'full_scene', 'shading_geometry': 'not_applicable', 'field_texture': 'one_textured_material', 'enclosure': 'thin_border', 'confidence': 'high', 'ambiguity_note': ''}
[827/1800] 5569d61c5e69 640px ok 4.1s (2.6s/item avg, ~43 min left) {'ground_type': 'flat_field', 'shading_geometry': 'not_applicable', 'field_texture': 'one_textured_material', 'enclosure': 'none', 'confidence': 'high', 'ambiguity_note': ''}
[828/1800] fed2068f7002 483px ok 3.6s (2.6s/item avg, ~43 min left) {'ground_type': 'pattern_or_texture', 'shading_geometry': 'not_applicable', 'field_texture': 'one_textured_material', 'enclosure': 'none', 'confidence': 'high', 'ambiguity_note': ''}
[829/1800] e06504089d9b 482px ok 3.7s (2.6s/item avg, ~43 min left) {'ground_type': 'shaded_field', 'shading_geometry': 'radial_or_vignette', 'field_texture': 'one_textured_material', 'enclosure': 'none', 'confidence': 'high', 'ambiguity_note': ''}
[830/1800] b4dc81516c85 483px ok 3.6s (2.6s/item avg, ~43 min left) {'ground_type': 'shaded_field', 'shading_geometry': 'radial_or_vignette', 'field_texture': 'smooth', 'enclosure': 'none', 'confidence': 'high', 'ambiguity_note': ''}
[831/1800] 0ef2ef7fa08a 147px ok 3.0s (2.6s/item avg, ~43 min left) {'ground_type': 'flat_field', 'shading_geometry': 'not_applicable', 'field_texture': 'smooth', 'enclosure': 'none', 'confidence': 'high', 'ambiguity_note': ''}
[832/1800] 3c8a7ed0cccb 640px ok 4.2s (2.6s/item avg, ~43 min left) {'ground_type': 'multiple_distinct_fields', 'shading_geometry': 'not_applicable', 'field_texture': 'one_textured_material', 'enclosure': 'none', 'confidence': 'high', 'ambiguity_note': ''}
[833/1800] f539c77a7bba 700px ok 4.3s (2.6s/item avg, ~43 min left) {'ground_type': 'full_scene', 'shading_geometry': 'not_applicable', 'field_texture': 'smooth', 'enclosure': 'none', 'confidence': 'high', 'ambiguity_note': ''}
[834/1800] 16488e1cd1e6 332px ok 3.1s (2.6s/item avg, ~43 min left) {'ground_type': 'full_scene', 'shading_geometry': 'not_applicable', 'field_texture': 'smooth', 'enclosure': 'none', 'confidence': 'high', 'ambiguity_note': ''}
[835/1800] d8767320f854 333px ok 3.5s (2.6s/item avg, ~43 min left) {'ground_type': 'flat_field', 'shading_geometry': 'not_applicable', 'field_texture': 'smooth', 'enclosure': 'none', 'confidence': 'high', 'ambiguity_note': ''}
[836/1800] c4aed9dadecc 700px ok 4.5s (2.6s/item avg, ~43 min left) {'ground_type': 'full_scene', 'shading_geometry': 'not_applicable', 'field_texture': 'distinct_areas', 'enclosure': 'none', 'confidence': 'high', 'ambiguity_note': ''}
[837/1800] d8767320f854 332px ok 3.2s (2.6s/item avg, ~43 min left) {'ground_type': 'flat_field', 'shading_geometry': 'not_applicable', 'field_texture': 'smooth', 'enclosure': 'none', 'confidence': 'high', 'ambiguity_note': ''}
[838/1800] eb49c86d5b16 147px ok 3.5s (2.7s/item avg, ~42 min left) {'ground_type': 'multiple_distinct_fields', 'shading_geometry': 'not_applicable', 'field_texture': 'distinct_areas', 'enclosure': 'none', 'confidence': 'high', 'ambiguity_note': ''}
[839/1800] 3785cde62ee9 147px ok 3.6s (2.7s/item avg, ~42 min left) {'ground_type': 'flat_field', 'shading_geometry': 'not_applicable', 'field_texture': 'one_textured_material', 'enclosure': 'none', 'confidence': 'high', 'ambiguity_note': ''}
[840/1800] 20db369b046d 700px ok 4.5s (2.7s/item avg, ~42 min left) {'ground_type': 'flat_field', 'shading_geometry': 'not_applicable', 'field_texture': 'smooth', 'enclosure': 'none', 'confidence': 'high', 'ambiguity_note': ''}
[841/1800] 0a05f39989af 700px ok 4.7s (2.7s/item avg, ~42 min left) {'ground_type': 'shaded_field', 'shading_geometry': 'radial_or_vignette', 'field_texture': 'one_textured_material', 'enclosure': 'none', 'confidence': 'high', 'ambiguity_note': ''}
[842/1800] 747587e92f4e 147px ok 3.2s (2.7s/item avg, ~42 min left) {'ground_type': 'shaded_field', 'shading_geometry': 'radial_or_vignette', 'field_texture': 'smooth', 'enclosure': 'none', 'confidence': 'high', 'ambiguity_note': ''}
[843/1800] e08c97dab240 600px ok 4.0s (2.7s/item avg, ~42 min left) {'ground_type': 'full_scene', 'shading_geometry': 'not_applicable', 'field_texture': 'one_textured_material', 'enclosure': 'none', 'confidence': 'high', 'ambiguity_note': ''}
[844/1800] 5ec2144c9919 333px ok 3.2s (2.7s/item avg, ~42 min left) {'ground_type': 'shaded_field', 'shading_geometry': 'not_applicable', 'field_texture': 'one_textured_material', 'enclosure': 'none', 'confidence': 'high', 'ambiguity_note': ''}
[845/1800] 2eef445a1846 368px ok 3.6s (2.7s/item avg, ~42 min left) {'ground_type': 'full_scene', 'shading_geometry': 'not_applicable', 'field_texture': 'one_textured_material', 'enclosure': 'none', 'confidence': 'high', 'ambiguity_note': ''}
[846/1800] 652b3d490acf 147px ok 3.2s (2.7s/item avg, ~42 min left) {'ground_type': 'flat_field', 'shading_geometry': 'not_applicable', 'field_texture': 'smooth', 'enclosure': 'none', 'confidence': 'high', 'ambiguity_note': ''}
[847/1800] b2d5f19d4d18 332px ok 3.6s (2.7s/item avg, ~42 min left) {'ground_type': 'shaded_field', 'shading_geometry': 'radial_or_vignette', 'field_texture': 'one_textured_material', 'enclosure': 'none', 'confidence': 'high', 'ambiguity_note': ''}
[848/1800] 879ce3e0e75a 332px ok 3.4s (2.7s/item avg, ~42 min left) {'ground_type': 'shaded_field', 'shading_geometry': 'radial_or_vignette', 'field_texture': 'smooth', 'enclosure': 'none', 'confidence': 'high', 'ambiguity_note': ''}
[849/1800] 9f798b19af31 253px ok 3.3s (2.7s/item avg, ~42 min left) {'ground_type': 'shaded_field', 'shading_geometry': 'radial_or_vignette', 'field_texture': 'one_textured_material', 'enclosure': 'none', 'confidence': 'high', 'ambiguity_note': ''}
[850/1800] 8cca6ad26b00 147px ok 3.2s (2.7s/item avg, ~42 min left) {'ground_type': 'full_scene', 'shading_geometry': 'not_applicable', 'field_texture': 'smooth', 'enclosure': 'none', 'confidence': 'high', 'ambiguity_note': ''}
[851/1800] c795040613ee 640px ok 4.1s (2.7s/item avg, ~42 min left) {'ground_type': 'full_scene', 'shading_geometry': 'not_applicable', 'field_texture': 'one_textured_material', 'enclosure': 'thin_border', 'confidence': 'high', 'ambiguity_note': ''}
[852/1800] 0ef2ef7fa08a 483px ok 3.5s (2.7s/item avg, ~42 min left) {'ground_type': 'full_scene', 'shading_geometry': 'not_applicable', 'field_texture': 'smooth', 'enclosure': 'none', 'confidence': 'high', 'ambiguity_note': ''}
[853/1800] 41ad4095d032 253px ok 2.7s (2.7s/item avg, ~42 min left) {'ground_type': 'flat_field', 'shading_geometry': 'not_applicable', 'field_texture': 'smooth', 'enclosure': 'none', 'confidence': 'high', 'ambiguity_note': ''}
[854/1800] 0175812f4b54 482px ok 3.6s (2.7s/item avg, ~42 min left) {'ground_type': 'flat_field', 'shading_geometry': 'not_applicable', 'field_texture': 'smooth', 'enclosure': 'thin_border', 'confidence': 'high', 'ambiguity_note': ''}
[855/1800] e7d3018bf490 700px ok 4.5s (2.7s/item avg, ~42 min left) {'ground_type': 'pattern_or_texture', 'shading_geometry': 'not_applicable', 'field_texture': 'one_textured_material', 'enclosure': 'none', 'confidence': 'high', 'ambiguity_note': ''}
[856/1800] 568111bd9e34 147px ok 2.8s (2.7s/item avg, ~42 min left) {'ground_type': 'flat_field', 'shading_geometry': 'not_applicable', 'field_texture': 'smooth', 'enclosure': 'none', 'confidence': 'high', 'ambiguity_note': ''}
[857/1800] a86012aeeab0 147px ok 2.9s (2.7s/item avg, ~42 min left) {'ground_type': 'full_scene', 'shading_geometry': 'not_applicable', 'field_texture': 'one_textured_material', 'enclosure': 'none', 'confidence': 'high', 'ambiguity_note': ''}
[858/1800] ab5700cb7064 700px ok 4.4s (2.7s/item avg, ~42 min left) {'ground_type': 'pattern_or_texture', 'shading_geometry': 'not_applicable', 'field_texture': 'one_textured_material', 'enclosure': 'none', 'confidence': 'high', 'ambiguity_note': ''}
[859/1800] ab3547eeb61a 147px ok 2.8s (2.7s/item avg, ~42 min left) {'ground_type': 'full_scene', 'shading_geometry': 'not_applicable', 'field_texture': 'smooth', 'enclosure': 'none', 'confidence': 'high', 'ambiguity_note': ''}
[860/1800] 6e3ac541454e 333px ok 2.9s (2.7s/item avg, ~42 min left) {'ground_type': 'full_scene', 'shading_geometry': 'not_applicable', 'field_texture': 'one_textured_material', 'enclosure': 'none', 'confidence': 'high', 'ambiguity_note': ''}
[861/1800] cc35f7f97c2c 400px ok 2.9s (2.7s/item avg, ~42 min left) {'ground_type': 'flat_field', 'shading_geometry': 'not_applicable', 'field_texture': 'smooth', 'enclosure': 'thick_frame_or_bars', 'confidence': 'high', 'ambiguity_note': ''}
[862/1800] b11a43bb56a7 700px ok 3.8s (2.7s/item avg, ~42 min left) {'ground_type': 'flat_field', 'shading_geometry': 'not_applicable', 'field_texture': 'one_textured_material', 'enclosure': 'none', 'confidence': 'high', 'ambiguity_note': ''}
[863/1800] e8b71e9a6168 482px ok 3.4s (2.7s/item avg, ~42 min left) {'ground_type': 'shaded_field', 'shading_geometry': 'radial_or_vignette', 'field_texture': 'one_textured_material', 'enclosure': 'thick_frame_or_bars', 'confidence': 'high', 'ambiguity_note': ''}
[864/1800] 0119c5e4b168 320px ok 2.9s (2.7s/item avg, ~42 min left) {'ground_type': 'shaded_field', 'shading_geometry': 'radial_or_vignette', 'field_texture': 'smooth', 'enclosure': 'none', 'confidence': 'high', 'ambiguity_note': ''}
[865/1800] 5c81543674fd 333px ok 2.6s (2.7s/item avg, ~42 min left) {'ground_type': 'flat_field', 'shading_geometry': 'not_applicable', 'field_texture': 'smooth', 'enclosure': 'none', 'confidence': 'high', 'ambiguity_note': ''}
[866/1800] 768a4cb45980 483px ok 3.0s (2.7s/item avg, ~42 min left) {'ground_type': 'shaded_field', 'shading_geometry': 'radial_or_vignette', 'field_texture': 'smooth', 'enclosure': 'none', 'confidence': 'high', 'ambiguity_note': ''}
[867/1800] 9af062877f89 483px ok 2.9s (2.7s/item avg, ~42 min left) {'ground_type': 'full_scene', 'shading_geometry': 'not_applicable', 'field_texture': 'smooth', 'enclosure': 'none', 'confidence': 'high', 'ambiguity_note': ''}
[868/1800] f50f0a604f94 112px ok 2.6s (2.7s/item avg, ~42 min left) {'ground_type': 'multiple_distinct_fields', 'shading_geometry': 'not_applicable', 'field_texture': 'distinct_areas', 'enclosure': 'none', 'confidence': 'high', 'ambiguity_note': ''}
[869/1800] a4fc6b04df10 483px ok 2.9s (2.7s/item avg, ~42 min left) {'ground_type': 'flat_field', 'shading_geometry': 'not_applicable', 'field_texture': 'smooth', 'enclosure': 'thin_border', 'confidence': 'high', 'ambiguity_note': ''}
[870/1800] 4583a2effb86 640px ok 3.4s (2.7s/item avg, ~41 min left) {'ground_type': 'shaded_field', 'shading_geometry': 'radial_or_vignette', 'field_texture': 'smooth', 'enclosure': 'none', 'confidence': 'high', 'ambiguity_note': ''}
[871/1800] c90cb65ca84c 700px ok 3.5s (2.7s/item avg, ~41 min left) {'ground_type': 'flat_field', 'shading_geometry': 'not_applicable', 'field_texture': 'smooth', 'enclosure': 'none', 'confidence': 'high', 'ambiguity_note': ''}
[872/1800] 33c71bf3167a 483px ok 2.9s (2.7s/item avg, ~41 min left) {'ground_type': 'flat_field', 'shading_geometry': 'not_applicable', 'field_texture': 'one_textured_material', 'enclosure': 'none', 'confidence': 'high', 'ambiguity_note': ''}
[873/1800] fe3ad629099e 147px ok 2.5s (2.7s/item avg, ~41 min left) {'ground_type': 'full_scene', 'shading_geometry': 'not_applicable', 'field_texture': 'one_textured_material', 'enclosure': 'none', 'confidence': 'high', 'ambiguity_note': ''}
[874/1800] cdd4f96a94dd 318px ok 2.5s (2.7s/item avg, ~41 min left) {'ground_type': 'flat_field', 'shading_geometry': 'not_applicable', 'field_texture': 'smooth', 'enclosure': 'none', 'confidence': 'high', 'ambiguity_note': ''}
[875/1800] e64715abc934 300px ok 2.5s (2.7s/item avg, ~41 min left) {'ground_type': 'flat_field', 'shading_geometry': 'not_applicable', 'field_texture': 'smooth', 'enclosure': 'none', 'confidence': 'high', 'ambiguity_note': ''}
[876/1800] 52e8a735c516 700px ok 3.6s (2.7s/item avg, ~41 min left) {'ground_type': 'shaded_field', 'shading_geometry': 'radial_or_vignette', 'field_texture': 'smooth', 'enclosure': 'none', 'confidence': 'high', 'ambiguity_note': ''}
[877/1800] 6fb954fcface 147px ok 2.4s (2.7s/item avg, ~41 min left) {'ground_type': 'flat_field', 'shading_geometry': 'not_applicable', 'field_texture': 'smooth', 'enclosure': 'none', 'confidence': 'high', 'ambiguity_note': ''}
[878/1800] 10e1fd3b5f4e 147px ok 2.4s (2.7s/item avg, ~41 min left) {'ground_type': 'full_scene', 'shading_geometry': 'not_applicable', 'field_texture': 'smooth', 'enclosure': 'none', 'confidence': 'high', 'ambiguity_note': ''}
[879/1800] ac701a65f3a4 147px ok 2.6s (2.7s/item avg, ~41 min left) {'ground_type': 'flat_field', 'shading_geometry': 'not_applicable', 'field_texture': 'smooth', 'enclosure': 'none', 'confidence': 'high', 'ambiguity_note': ''}
[880/1800] 625469555439 333px ok 2.7s (2.7s/item avg, ~41 min left) {'ground_type': 'full_scene', 'shading_geometry': 'not_applicable', 'field_texture': 'smooth', 'enclosure': 'none', 'confidence': 'high', 'ambiguity_note': ''}
[881/1800] e64715abc934 300px ok 2.6s (2.7s/item avg, ~41 min left) {'ground_type': 'flat_field', 'shading_geometry': 'not_applicable', 'field_texture': 'smooth', 'enclosure': 'none', 'confidence': 'high', 'ambiguity_note': ''}
[882/1800] 1e29723f4786 147px ok 2.4s (2.7s/item avg, ~41 min left) {'ground_type': 'flat_field', 'shading_geometry': 'not_applicable', 'field_texture': 'smooth', 'enclosure': 'none', 'confidence': 'high', 'ambiguity_note': ''}
[883/1800] 2f873801e960 112px ok 2.5s (2.7s/item avg, ~41 min left) {'ground_type': 'flat_field', 'shading_geometry': 'not_applicable', 'field_texture': 'smooth', 'enclosure': 'none', 'confidence': 'high', 'ambiguity_note': ''}
[884/1800] c42eb59f3d64 700px ok 3.9s (2.7s/item avg, ~41 min left) {'ground_type': 'full_scene', 'shading_geometry': 'not_applicable', 'field_texture': 'one_textured_material', 'enclosure': 'none', 'confidence': 'high', 'ambiguity_note': ''}
[885/1800] 9c02231770b8 147px ok 2.5s (2.7s/item avg, ~41 min left) {'ground_type': 'flat_field', 'shading_geometry': 'not_applicable', 'field_texture': 'smooth', 'enclosure': 'none', 'confidence': 'high', 'ambiguity_note': ''}
[886/1800] a5551a1164ee 700px ok 3.6s (2.7s/item avg, ~41 min left) {'ground_type': 'multiple_distinct_fields', 'shading_geometry': 'not_applicable', 'field_texture': 'one_textured_material', 'enclosure': 'none', 'confidence': 'high', 'ambiguity_note': ''}
[887/1800] 4a7578f0a976 640px ok 3.6s (2.7s/item avg, ~41 min left) {'ground_type': 'shaded_field', 'shading_geometry': 'radial_or_vignette', 'field_texture': 'one_textured_material', 'enclosure': 'thin_border', 'confidence': 'high', 'ambiguity_note': ''}
[888/1800] 1e29723f4786 700px ok 3.6s (2.7s/item avg, ~41 min left) {'ground_type': 'flat_field', 'shading_geometry': 'not_applicable', 'field_texture': 'smooth', 'enclosure': 'none', 'confidence': 'high', 'ambiguity_note': ''}
[889/1800] c454f6062593 147px ok 2.5s (2.7s/item avg, ~41 min left) {'ground_type': 'flat_field', 'shading_geometry': 'not_applicable', 'field_texture': 'smooth', 'enclosure': 'thin_border', 'confidence': 'high', 'ambiguity_note': ''}
[890/1800] 3785cde62ee9 333px ok 2.5s (2.7s/item avg, ~41 min left) {'ground_type': 'flat_field', 'shading_geometry': 'not_applicable', 'field_texture': 'smooth', 'enclosure': 'none', 'confidence': 'high', 'ambiguity_note': ''}
[891/1800] 5e442b2b37b9 640px ok 3.3s (2.7s/item avg, ~41 min left) {'ground_type': 'shaded_field', 'shading_geometry': 'radial_or_vignette', 'field_texture': 'smooth', 'enclosure': 'none', 'confidence': 'high', 'ambiguity_note': ''}
[892/1800] d39a1d638f61 640px ok 3.4s (2.7s/item avg, ~41 min left) {'ground_type': 'pattern_or_texture', 'shading_geometry': 'not_applicable', 'field_texture': 'one_textured_material', 'enclosure': 'none', 'confidence': 'high', 'ambiguity_note': ''}
[893/1800] 9f1626f3b6d7 332px ok 2.5s (2.7s/item avg, ~41 min left) {'ground_type': 'flat_field', 'shading_geometry': 'not_applicable', 'field_texture': 'smooth', 'enclosure': 'none', 'confidence': 'high', 'ambiguity_note': ''}
[894/1800] 4b8ff6f32df3 700px ok 3.6s (2.7s/item avg, ~41 min left) {'ground_type': 'full_scene', 'shading_geometry': 'not_applicable', 'field_texture': 'one_textured_material', 'enclosure': 'none', 'confidence': 'high', 'ambiguity_note': ''}
[895/1800] 768a4cb45980 640px ok 3.3s (2.7s/item avg, ~40 min left) {'ground_type': 'shaded_field', 'shading_geometry': 'radial_or_vignette', 'field_texture': 'smooth', 'enclosure': 'none', 'confidence': 'high', 'ambiguity_note': ''}
[896/1800] e4c6f4ef4e9f 333px ok 2.5s (2.7s/item avg, ~40 min left) {'ground_type': 'shaded_field', 'shading_geometry': 'radial_or_vignette', 'field_texture': 'smooth', 'enclosure': 'none', 'confidence': 'high', 'ambiguity_note': ''}
[897/1800] ebea42d97d6c 147px ok 2.4s (2.7s/item avg, ~40 min left) {'ground_type': 'shaded_field', 'shading_geometry': 'radial_or_vignette', 'field_texture': 'one_textured_material', 'enclosure': 'none', 'confidence': 'high', 'ambiguity_note': ''}
[898/1800] efc767dc333a 147px ok 2.7s (2.7s/item avg, ~40 min left) {'ground_type': 'shaded_field', 'shading_geometry': 'radial_or_vignette', 'field_texture': 'one_textured_material', 'enclosure': 'none', 'confidence': 'high', 'ambiguity_note': ''}
[899/1800] 72dd0edffff9 333px ok 2.5s (2.7s/item avg, ~40 min left) {'ground_type': 'multiple_distinct_fields', 'shading_geometry': 'not_applicable', 'field_texture': 'distinct_areas', 'enclosure': 'none', 'confidence': 'high', 'ambiguity_note': ''}
[900/1800] 853322ae0fe1 147px ok 2.4s (2.7s/item avg, ~40 min left) {'ground_type': 'flat_field', 'shading_geometry': 'not_applicable', 'field_texture': 'smooth', 'enclosure': 'none', 'confidence': 'high', 'ambiguity_note': ''}
[901/1800] 5e56661336a9 700px ok 3.6s (2.7s/item avg, ~40 min left) {'ground_type': 'full_scene', 'shading_geometry': 'not_applicable', 'field_texture': 'one_textured_material', 'enclosure': 'none', 'confidence': 'high', 'ambiguity_note': ''}
[902/1800] d8767320f854 112px ok 2.3s (2.7s/item avg, ~40 min left) {'ground_type': 'flat_field', 'shading_geometry': 'not_applicable', 'field_texture': 'smooth', 'enclosure': 'none', 'confidence': 'high', 'ambiguity_note': ''}
[903/1800] 5d22022bfd07 147px ok 2.3s (2.7s/item avg, ~40 min left) {'ground_type': 'flat_field', 'shading_geometry': 'not_applicable', 'field_texture': 'smooth', 'enclosure': 'none', 'confidence': 'high', 'ambiguity_note': ''}
[904/1800] 6080f8ca35e3 147px ok 2.3s (2.7s/item avg, ~40 min left) {'ground_type': 'flat_field', 'shading_geometry': 'not_applicable', 'field_texture': 'smooth', 'enclosure': 'none', 'confidence': 'high', 'ambiguity_note': ''}
[905/1800] a377aeb35c90 333px ok 2.6s (2.7s/item avg, ~40 min left) {'ground_type': 'flat_field', 'shading_geometry': 'not_applicable', 'field_texture': 'smooth', 'enclosure': 'thick_frame_or_bars', 'confidence': 'high', 'ambiguity_note': ''}
[906/1800] b4dc81516c85 2160px ok 23.7s (2.7s/item avg, ~40 min left) {'ground_type': 'shaded_field', 'shading_geometry': 'radial_or_vignette', 'field_texture': 'smooth', 'enclosure': 'none', 'confidence': 'high', 'ambiguity_note': ''}
[907/1800] 2d7d30ae4927 482px ok 3.0s (2.7s/item avg, ~40 min left) {'ground_type': 'flat_field', 'shading_geometry': 'not_applicable', 'field_texture': 'one_textured_material', 'enclosure': 'none', 'confidence': 'high', 'ambiguity_note': ''}
[908/1800] 04ca1fc38f07 483px ok 2.8s (2.7s/item avg, ~40 min left) {'ground_type': 'full_scene', 'shading_geometry': 'not_applicable', 'field_texture': 'one_textured_material', 'enclosure': 'none', 'confidence': 'high', 'ambiguity_note': ''}
[909/1800] 41ad4095d032 112px ok 2.3s (2.7s/item avg, ~40 min left) {'ground_type': 'flat_field', 'shading_geometry': 'not_applicable', 'field_texture': 'smooth', 'enclosure': 'none', 'confidence': 'high', 'ambiguity_note': ''}
[910/1800] a55ddfa429ba 147px ok 2.4s (2.7s/item avg, ~40 min left) {'ground_type': 'flat_field', 'shading_geometry': 'not_applicable', 'field_texture': 'smooth', 'enclosure': 'none', 'confidence': 'high', 'ambiguity_note': ''}
[911/1800] dd93668f9584 333px ok 2.4s (2.7s/item avg, ~40 min left) {'ground_type': 'flat_field', 'shading_geometry': 'not_applicable', 'field_texture': 'smooth', 'enclosure': 'none', 'confidence': 'high', 'ambiguity_note': ''}
[912/1800] f16b9facbba4 253px ok 2.5s (2.7s/item avg, ~40 min left) {'ground_type': 'full_scene', 'shading_geometry': 'not_applicable', 'field_texture': 'one_textured_material', 'enclosure': 'thick_frame_or_bars', 'confidence': 'high', 'ambiguity_note': ''}
[913/1800] 3e7e55bd2a64 640px ok 3.4s (2.7s/item avg, ~40 min left) {'ground_type': 'shaded_field', 'shading_geometry': 'radial_or_vignette', 'field_texture': 'smooth', 'enclosure': 'none', 'confidence': 'high', 'ambiguity_note': ''}
[914/1800] 3d2d0e28037f 147px ok 2.4s (2.7s/item avg, ~40 min left) {'ground_type': 'flat_field', 'shading_geometry': 'not_applicable', 'field_texture': 'smooth', 'enclosure': 'none', 'confidence': 'high', 'ambiguity_note': ''}
[915/1800] 690170731ddc 253px ok 2.4s (2.7s/item avg, ~40 min left) {'ground_type': 'shaded_field', 'shading_geometry': 'radial_or_vignette', 'field_texture': 'smooth', 'enclosure': 'none', 'confidence': 'high', 'ambiguity_note': ''}
[916/1800] c0a2a4133e5b 700px ok 3.6s (2.7s/item avg, ~40 min left) {'ground_type': 'flat_field', 'shading_geometry': 'not_applicable', 'field_texture': 'smooth', 'enclosure': 'none', 'confidence': 'high', 'ambiguity_note': ''}
[917/1800] 20db369b046d 333px ok 2.4s (2.7s/item avg, ~40 min left) {'ground_type': 'flat_field', 'shading_geometry': 'not_applicable', 'field_texture': 'smooth', 'enclosure': 'none', 'confidence': 'high', 'ambiguity_note': ''}
[918/1800] bfc8fa5f53d6 483px ok 2.8s (2.7s/item avg, ~40 min left) {'ground_type': 'flat_field', 'shading_geometry': 'not_applicable', 'field_texture': 'smooth', 'enclosure': 'none', 'confidence': 'high', 'ambiguity_note': ''}
[919/1800] 6df8d387afff 147px ok 2.5s (2.7s/item avg, ~40 min left) {'ground_type': 'shaded_field', 'shading_geometry': 'radial_or_vignette', 'field_texture': 'one_textured_material', 'enclosure': 'none', 'confidence': 'high', 'ambiguity_note': ''}
[920/1800] ef5ae551f012 700px ok 3.7s (2.7s/item avg, ~40 min left) {'ground_type': 'multiple_distinct_fields', 'shading_geometry': 'not_applicable', 'field_texture': 'distinct_areas', 'enclosure': 'thick_frame_or_bars', 'confidence': 'high', 'ambiguity_note': ''}
[921/1800] 3d02fad025bb 147px ok 2.4s (2.7s/item avg, ~40 min left) {'ground_type': 'shaded_field', 'shading_geometry': 'radial_or_vignette', 'field_texture': 'one_textured_material', 'enclosure': 'none', 'confidence': 'high', 'ambiguity_note': ''}
[922/1800] 91e0cce7b61a 700px ok 3.3s (2.7s/item avg, ~40 min left) {'ground_type': 'flat_field', 'shading_geometry': 'not_applicable', 'field_texture': 'smooth', 'enclosure': 'none', 'confidence': 'high', 'ambiguity_note': ''}
[923/1800] 66324871cd44 332px ok 2.5s (2.7s/item avg, ~40 min left) {'ground_type': 'shaded_field', 'shading_geometry': 'radial_or_vignette', 'field_texture': 'one_textured_material', 'enclosure': 'none', 'confidence': 'high', 'ambiguity_note': ''}
[924/1800] 94c63c5fdd70 483px ok 2.8s (2.7s/item avg, ~40 min left) {'ground_type': 'flat_field', 'shading_geometry': 'not_applicable', 'field_texture': 'one_textured_material', 'enclosure': 'thin_border', 'confidence': 'high', 'ambiguity_note': ''}
[925/1800] 9dcba009d18e 700px ok 3.4s (2.7s/item avg, ~40 min left) {'ground_type': 'shaded_field', 'shading_geometry': 'radial_or_vignette', 'field_texture': 'smooth', 'enclosure': 'none', 'confidence': 'high', 'ambiguity_note': ''}
[926/1800] ced19c35e7b1 483px ok 2.7s (2.7s/item avg, ~40 min left) {'ground_type': 'flat_field', 'shading_geometry': 'not_applicable', 'field_texture': 'smooth', 'enclosure': 'none', 'confidence': 'high', 'ambiguity_note': ''}
[927/1800] b624180080fd 640px ok 3.0s (2.7s/item avg, ~39 min left) {'ground_type': 'flat_field', 'shading_geometry': 'not_applicable', 'field_texture': 'smooth', 'enclosure': 'none', 'confidence': 'high', 'ambiguity_note': ''}
[928/1800] 2a4ea1d0de4b 332px ok 2.4s (2.7s/item avg, ~39 min left) {'ground_type': 'flat_field', 'shading_geometry': 'not_applicable', 'field_texture': 'one_textured_material', 'enclosure': 'none', 'confidence': 'high', 'ambiguity_note': ''}
[929/1800] e8c360963590 147px ok 2.4s (2.7s/item avg, ~39 min left) {'ground_type': 'flat_field', 'shading_geometry': 'not_applicable', 'field_texture': 'smooth', 'enclosure': 'none', 'confidence': 'high', 'ambiguity_note': ''}
[930/1800] bfc8fa5f53d6 640px ok 3.0s (2.7s/item avg, ~39 min left) {'ground_type': 'flat_field', 'shading_geometry': 'not_applicable', 'field_texture': 'smooth', 'enclosure': 'none', 'confidence': 'high', 'ambiguity_note': ''}
[931/1800] 75a7c16a155c 2160px ok 21.5s (2.7s/item avg, ~40 min left) {'ground_type': 'full_scene', 'shading_geometry': 'not_applicable', 'field_texture': 'smooth', 'enclosure': 'none', 'confidence': 'high', 'ambiguity_note': ''}
[932/1800] dcac050fcc62 332px ok 2.3s (2.7s/item avg, ~40 min left) {'ground_type': 'flat_field', 'shading_geometry': 'not_applicable', 'field_texture': 'smooth', 'enclosure': 'none', 'confidence': 'high', 'ambiguity_note': ''}
[933/1800] 1d95907f37df 482px ok 2.8s (2.7s/item avg, ~39 min left) {'ground_type': 'full_scene', 'shading_geometry': 'not_applicable', 'field_texture': 'one_textured_material', 'enclosure': 'thick_frame_or_bars', 'confidence': 'high', 'ambiguity_note': ''}
[934/1800] e06504089d9b 640px ok 3.0s (2.7s/item avg, ~39 min left) {'ground_type': 'flat_field', 'shading_geometry': 'not_applicable', 'field_texture': 'smooth', 'enclosure': 'none', 'confidence': 'high', 'ambiguity_note': ''}
[935/1800] 5e56661336a9 483px ok 2.7s (2.7s/item avg, ~39 min left) {'ground_type': 'full_scene', 'shading_geometry': 'not_applicable', 'field_texture': 'one_textured_material', 'enclosure': 'none', 'confidence': 'high', 'ambiguity_note': ''}
[936/1800] 2463421cc312 147px ok 2.3s (2.7s/item avg, ~39 min left) {'ground_type': 'shaded_field', 'shading_geometry': 'radial_or_vignette', 'field_texture': 'smooth', 'enclosure': 'none', 'confidence': 'high', 'ambiguity_note': ''}
[937/1800] 51a50170f4bd 147px ok 2.2s (2.7s/item avg, ~39 min left) {'ground_type': 'flat_field', 'shading_geometry': 'not_applicable', 'field_texture': 'smooth', 'enclosure': 'none', 'confidence': 'high', 'ambiguity_note': ''}
[938/1800] 2463421cc312 640px ok 3.1s (2.7s/item avg, ~39 min left) {'ground_type': 'shaded_field', 'shading_geometry': 'radial_or_vignette', 'field_texture': 'smooth', 'enclosure': 'none', 'confidence': 'high', 'ambiguity_note': ''}
[939/1800] 3a6f0a6c84e0 333px ok 2.3s (2.7s/item avg, ~39 min left) {'ground_type': 'flat_field', 'shading_geometry': 'not_applicable', 'field_texture': 'smooth', 'enclosure': 'none', 'confidence': 'high', 'ambiguity_note': ''}
[940/1800] 79e7934bf1ac 147px ok 2.3s (2.7s/item avg, ~39 min left) {'ground_type': 'full_scene', 'shading_geometry': 'not_applicable', 'field_texture': 'smooth', 'enclosure': 'none', 'confidence': 'high', 'ambiguity_note': ''}
[941/1800] 241f28d5298e 250px ok 2.2s (2.7s/item avg, ~39 min left) {'ground_type': 'flat_field', 'shading_geometry': 'not_applicable', 'field_texture': 'smooth', 'enclosure': 'thin_border', 'confidence': 'high', 'ambiguity_note': ''}
[942/1800] f21ec68e7809 300px ok 2.3s (2.7s/item avg, ~39 min left) {'ground_type': 'flat_field', 'shading_geometry': 'not_applicable', 'field_texture': 'smooth', 'enclosure': 'thin_border', 'confidence': 'high', 'ambiguity_note': ''}
[943/1800] 2a89f5b9de8e 368px ok 2.4s (2.7s/item avg, ~39 min left) {'ground_type': 'flat_field', 'shading_geometry': 'not_applicable', 'field_texture': 'smooth', 'enclosure': 'none', 'confidence': 'high', 'ambiguity_note': ''}
[944/1800] b624180080fd 147px ok 2.2s (2.7s/item avg, ~39 min left) {'ground_type': 'flat_field', 'shading_geometry': 'not_applicable', 'field_texture': 'smooth', 'enclosure': 'none', 'confidence': 'high', 'ambiguity_note': ''}
[945/1800] d9290c57b7ff 147px ok 2.2s (2.7s/item avg, ~39 min left) {'ground_type': 'pattern_or_texture', 'shading_geometry': 'not_applicable', 'field_texture': 'distinct_areas', 'enclosure': 'none', 'confidence': 'high', 'ambiguity_note': ''}
[946/1800] 8ffc897ac60f 700px ok 3.3s (2.7s/item avg, ~39 min left) {'ground_type': 'flat_field', 'shading_geometry': 'not_applicable', 'field_texture': 'smooth', 'enclosure': 'none', 'confidence': 'high', 'ambiguity_note': ''}
[947/1800] 1a5bbbaa74b0 640px ok 3.1s (2.7s/item avg, ~39 min left) {'ground_type': 'shaded_field', 'shading_geometry': 'radial_or_vignette', 'field_texture': 'smooth', 'enclosure': 'none', 'confidence': 'high', 'ambiguity_note': ''}
[948/1800] d94dfeacb728 332px ok 2.5s (2.7s/item avg, ~39 min left) {'ground_type': 'shaded_field', 'shading_geometry': 'radial_or_vignette', 'field_texture': 'one_textured_material', 'enclosure': 'none', 'confidence': 'high', 'ambiguity_note': ''}
[949/1800] 785fd2cdf858 332px ok 2.4s (2.7s/item avg, ~39 min left) {'ground_type': 'multiple_distinct_fields', 'shading_geometry': 'not_applicable', 'field_texture': 'distinct_areas', 'enclosure': 'none', 'confidence': 'high', 'ambiguity_note': ''}
[950/1800] 0f2af71d76af 640px ok 3.1s (2.7s/item avg, ~39 min left) {'ground_type': 'pattern_or_texture', 'shading_geometry': 'not_applicable', 'field_texture': 'one_textured_material', 'enclosure': 'thin_border', 'confidence': 'high', 'ambiguity_note': ''}
[951/1800] 2035e93222ce 483px ok 2.7s (2.7s/item avg, ~39 min left) {'ground_type': 'flat_field', 'shading_geometry': 'not_applicable', 'field_texture': 'one_textured_material', 'enclosure': 'thin_border', 'confidence': 'high', 'ambiguity_note': ''}
[952/1800] 191505fb4e14 600px ok 3.0s (2.7s/item avg, ~39 min left) {'ground_type': 'full_scene', 'shading_geometry': 'not_applicable', 'field_texture': 'distinct_areas', 'enclosure': 'none', 'confidence': 'high', 'ambiguity_note': ''}
[953/1800] 6c54d6f683dd 482px ok 2.6s (2.7s/item avg, ~39 min left) {'ground_type': 'flat_field', 'shading_geometry': 'not_applicable', 'field_texture': 'smooth', 'enclosure': 'none', 'confidence': 'high', 'ambiguity_note': ''}
[954/1800] df868c6deccc 483px ok 2.7s (2.7s/item avg, ~38 min left) {'ground_type': 'flat_field', 'shading_geometry': 'not_applicable', 'field_texture': 'smooth', 'enclosure': 'thick_frame_or_bars', 'confidence': 'high', 'ambiguity_note': ''}
[955/1800] 5788818544b3 700px ok 3.3s (2.7s/item avg, ~38 min left) {'ground_type': 'flat_field', 'shading_geometry': 'not_applicable', 'field_texture': 'smooth', 'enclosure': 'none', 'confidence': 'high', 'ambiguity_note': ''}
[956/1800] e26a65cbe5e6 147px ok 2.2s (2.7s/item avg, ~38 min left) {'ground_type': 'flat_field', 'shading_geometry': 'not_applicable', 'field_texture': 'smooth', 'enclosure': 'none', 'confidence': 'high', 'ambiguity_note': ''}
[957/1800] d37067c46e2d 600px ok 3.1s (2.7s/item avg, ~38 min left) {'ground_type': 'multiple_distinct_fields', 'shading_geometry': 'not_applicable', 'field_texture': 'distinct_areas', 'enclosure': 'thin_border', 'confidence': 'high', 'ambiguity_note': ''}
[958/1800] c35fa1c5698b 147px ok 2.3s (2.7s/item avg, ~38 min left) {'ground_type': 'full_scene', 'shading_geometry': 'not_applicable', 'field_texture': 'one_textured_material', 'enclosure': 'none', 'confidence': 'high', 'ambiguity_note': ''}
[959/1800] 329f6fd3e3a4 147px ok 2.3s (2.7s/item avg, ~38 min left) {'ground_type': 'flat_field', 'shading_geometry': 'not_applicable', 'field_texture': 'smooth', 'enclosure': 'none', 'confidence': 'high', 'ambiguity_note': ''}
[960/1800] bb9b3113d7cf 112px ok 2.3s (2.7s/item avg, ~38 min left) {'ground_type': 'shaded_field', 'shading_geometry': 'radial_or_vignette', 'field_texture': 'smooth', 'enclosure': 'none', 'confidence': 'high', 'ambiguity_note': ''}
[961/1800] 8cca6ad26b00 640px ok 3.0s (2.7s/item avg, ~38 min left) {'ground_type': 'full_scene', 'shading_geometry': 'not_applicable', 'field_texture': 'smooth', 'enclosure': 'none', 'confidence': 'high', 'ambiguity_note': ''}
[962/1800] d30c6fcca26f 253px ok 2.3s (2.7s/item avg, ~38 min left) {'ground_type': 'full_scene', 'shading_geometry': 'not_applicable', 'field_texture': 'one_textured_material', 'enclosure': 'none', 'confidence': 'high', 'ambiguity_note': ''}
[963/1800] b5db101142d6 640px ok 3.2s (2.7s/item avg, ~38 min left) {'ground_type': 'pattern_or_texture', 'shading_geometry': 'not_applicable', 'field_texture': 'one_textured_material', 'enclosure': 'none', 'confidence': 'high', 'ambiguity_note': ''}
[964/1800] 6f001a7ab2fd 147px ok 2.3s (2.7s/item avg, ~38 min left) {'ground_type': 'flat_field', 'shading_geometry': 'not_applicable', 'field_texture': 'smooth', 'enclosure': 'thin_border', 'confidence': 'high', 'ambiguity_note': ''}
[965/1800] b5db101142d6 147px ok 2.4s (2.7s/item avg, ~38 min left) {'ground_type': 'pattern_or_texture', 'shading_geometry': 'not_applicable', 'field_texture': 'one_textured_material', 'enclosure': 'none', 'confidence': 'high', 'ambiguity_note': ''}
[966/1800] 1f99a6b00ed0 332px ok 2.6s (2.7s/item avg, ~38 min left) {'ground_type': 'shaded_field', 'shading_geometry': 'radial_or_vignette', 'field_texture': 'one_textured_material', 'enclosure': 'none', 'confidence': 'high', 'ambiguity_note': ''}
[967/1800] 1d95907f37df 112px ok 2.4s (2.7s/item avg, ~38 min left) {'ground_type': 'full_scene', 'shading_geometry': 'not_applicable', 'field_texture': 'one_textured_material', 'enclosure': 'thin_border', 'confidence': 'high', 'ambiguity_note': ''}
[968/1800] 8e6a432e77c0 482px ok 3.0s (2.7s/item avg, ~38 min left) {'ground_type': 'shaded_field', 'shading_geometry': 'radial_or_vignette', 'field_texture': 'one_textured_material', 'enclosure': 'thick_frame_or_bars', 'confidence': 'high', 'ambiguity_note': ''}
[969/1800] d39a1d638f61 640px ok 3.2s (2.7s/item avg, ~38 min left) {'ground_type': 'pattern_or_texture', 'shading_geometry': 'not_applicable', 'field_texture': 'one_textured_material', 'enclosure': 'none', 'confidence': 'high', 'ambiguity_note': ''}
[970/1800] 17aabbb1db7a 332px ok 2.4s (2.7s/item avg, ~38 min left) {'ground_type': 'flat_field', 'shading_geometry': 'not_applicable', 'field_texture': 'smooth', 'enclosure': 'none', 'confidence': 'high', 'ambiguity_note': ''}
[971/1800] 281c7c5baafe 640px ok 3.2s (2.7s/item avg, ~38 min left) {'ground_type': 'full_scene', 'shading_geometry': 'not_applicable', 'field_texture': 'one_textured_material', 'enclosure': 'none', 'confidence': 'high', 'ambiguity_note': ''}
[972/1800] 6df8d387afff 333px ok 2.6s (2.7s/item avg, ~38 min left) {'ground_type': 'shaded_field', 'shading_geometry': 'radial_or_vignette', 'field_texture': 'one_textured_material', 'enclosure': 'none', 'confidence': 'high', 'ambiguity_note': ''}
[973/1800] 5ec2144c9919 147px ok 2.4s (2.7s/item avg, ~38 min left) {'ground_type': 'flat_field', 'shading_geometry': 'not_applicable', 'field_texture': 'one_textured_material', 'enclosure': 'none', 'confidence': 'high', 'ambiguity_note': ''}
[974/1800] 8014841d4dfd 700px ok 3.5s (2.7s/item avg, ~38 min left) {'ground_type': 'full_scene', 'shading_geometry': 'not_applicable', 'field_texture': 'one_textured_material', 'enclosure': 'thin_border', 'confidence': 'high', 'ambiguity_note': ''}
[975/1800] 223404adc300 640px ok 3.4s (2.7s/item avg, ~38 min left) {'ground_type': 'full_scene', 'shading_geometry': 'not_applicable', 'field_texture': 'one_textured_material', 'enclosure': 'thick_frame_or_bars', 'confidence': 'high', 'ambiguity_note': ''}
[976/1800] dbfffd58b224 147px ok 2.4s (2.7s/item avg, ~37 min left) {'ground_type': 'full_scene', 'shading_geometry': 'not_applicable', 'field_texture': 'smooth', 'enclosure': 'none', 'confidence': 'high', 'ambiguity_note': ''}
[977/1800] 7f2b9091dba7 332px ok 2.4s (2.7s/item avg, ~37 min left) {'ground_type': 'full_scene', 'shading_geometry': 'not_applicable', 'field_texture': 'smooth', 'enclosure': 'none', 'confidence': 'high', 'ambiguity_note': ''}
[978/1800] 7f8688ad0434 147px ok 2.3s (2.7s/item avg, ~37 min left) {'ground_type': 'flat_field', 'shading_geometry': 'not_applicable', 'field_texture': 'smooth', 'enclosure': 'none', 'confidence': 'high', 'ambiguity_note': ''}
[979/1800] 5fc5bb0c9b88 147px ok 2.3s (2.7s/item avg, ~37 min left) {'ground_type': 'flat_field', 'shading_geometry': 'not_applicable', 'field_texture': 'smooth', 'enclosure': 'none', 'confidence': 'high', 'ambiguity_note': ''}
[980/1800] 72dd0edffff9 483px ok 2.8s (2.7s/item avg, ~37 min left) {'ground_type': 'multiple_distinct_fields', 'shading_geometry': 'not_applicable', 'field_texture': 'distinct_areas', 'enclosure': 'none', 'confidence': 'high', 'ambiguity_note': ''}
[981/1800] a8fb297aceb5 482px ok 2.9s (2.7s/item avg, ~37 min left) {'ground_type': 'shaded_field', 'shading_geometry': 'radial_or_vignette', 'field_texture': 'smooth', 'enclosure': 'none', 'confidence': 'high', 'ambiguity_note': ''}
[982/1800] 0d568904cdb4 333px ok 2.5s (2.7s/item avg, ~37 min left) {'ground_type': 'flat_field', 'shading_geometry': 'not_applicable', 'field_texture': 'smooth', 'enclosure': 'none', 'confidence': 'high', 'ambiguity_note': ''}
[983/1800] 9a1efc2c33f8 147px ok 2.4s (2.7s/item avg, ~37 min left) {'ground_type': 'flat_field', 'shading_geometry': 'not_applicable', 'field_texture': 'smooth', 'enclosure': 'thin_border', 'confidence': 'high', 'ambiguity_note': ''}
[984/1800] 9af062877f89 147px ok 2.4s (2.7s/item avg, ~37 min left) {'ground_type': 'flat_field', 'shading_geometry': 'not_applicable', 'field_texture': 'smooth', 'enclosure': 'none', 'confidence': 'high', 'ambiguity_note': ''}
[985/1800] bcf968c83115 700px ok 3.7s (2.7s/item avg, ~37 min left) {'ground_type': 'shaded_field', 'shading_geometry': 'radial_or_vignette', 'field_texture': 'smooth', 'enclosure': 'none', 'confidence': 'high', 'ambiguity_note': ''}
[986/1800] 1c73b3ebefa1 333px ok 2.4s (2.7s/item avg, ~37 min left) {'ground_type': 'full_scene', 'shading_geometry': 'not_applicable', 'field_texture': 'smooth', 'enclosure': 'none', 'confidence': 'high', 'ambiguity_note': ''}
[987/1800] 80bc63f9ccd2 640px ok 3.4s (2.7s/item avg, ~37 min left) {'ground_type': 'pattern_or_texture', 'shading_geometry': 'not_applicable', 'field_texture': 'one_textured_material', 'enclosure': 'thin_border', 'confidence': 'high', 'ambiguity_note': ''}
[988/1800] 1466ad8906e8 700px ok 3.6s (2.7s/item avg, ~37 min left) {'ground_type': 'flat_field', 'shading_geometry': 'not_applicable', 'field_texture': 'smooth', 'enclosure': 'none', 'confidence': 'high', 'ambiguity_note': ''}
[989/1800] 5cd52bc838f4 700px ok 3.6s (2.7s/item avg, ~37 min left) {'ground_type': 'full_scene', 'shading_geometry': 'not_applicable', 'field_texture': 'one_textured_material', 'enclosure': 'none', 'confidence': 'high', 'ambiguity_note': ''}
[990/1800] e0fd26830dec 332px ok 2.7s (2.7s/item avg, ~37 min left) {'ground_type': 'shaded_field', 'shading_geometry': 'radial_or_vignette', 'field_texture': 'one_textured_material', 'enclosure': 'none', 'confidence': 'high', 'ambiguity_note': ''}
[991/1800] 04ca1fc38f07 332px ok 2.7s (2.7s/item avg, ~37 min left) {'ground_type': 'full_scene', 'shading_geometry': 'not_applicable', 'field_texture': 'one_textured_material', 'enclosure': 'none', 'confidence': 'high', 'ambiguity_note': ''}
[992/1800] f473c90240c6 700px ok 3.8s (2.7s/item avg, ~37 min left) {'ground_type': 'flat_field', 'shading_geometry': 'not_applicable', 'field_texture': 'one_textured_material', 'enclosure': 'thin_border', 'confidence': 'high', 'ambiguity_note': ''}
[993/1800] 22d1a9c6a2e2 147px ok 2.5s (2.7s/item avg, ~37 min left) {'ground_type': 'flat_field', 'shading_geometry': 'not_applicable', 'field_texture': 'smooth', 'enclosure': 'none', 'confidence': 'high', 'ambiguity_note': ''}
[994/1800] 2f6755220463 700px ok 3.6s (2.7s/item avg, ~37 min left) {'ground_type': 'flat_field', 'shading_geometry': 'not_applicable', 'field_texture': 'smooth', 'enclosure': 'none', 'confidence': 'high', 'ambiguity_note': ''}
[995/1800] 494259de1858 332px ok 2.7s (2.7s/item avg, ~37 min left) {'ground_type': 'flat_field', 'shading_geometry': 'not_applicable', 'field_texture': 'smooth', 'enclosure': 'none', 'confidence': 'high', 'ambiguity_note': ''}
[996/1800] 24bdec022040 333px ok 2.6s (2.7s/item avg, ~37 min left) {'ground_type': 'full_scene', 'shading_geometry': 'not_applicable', 'field_texture': 'smooth', 'enclosure': 'thin_border', 'confidence': 'high', 'ambiguity_note': ''}
[997/1800] dcac050fcc62 333px ok 2.6s (2.7s/item avg, ~37 min left) {'ground_type': 'flat_field', 'shading_geometry': 'not_applicable', 'field_texture': 'smooth', 'enclosure': 'none', 'confidence': 'high', 'ambiguity_note': ''}
[998/1800] 9e60177eb7fd 147px ok 2.5s (2.7s/item avg, ~37 min left) {'ground_type': 'full_scene', 'shading_geometry': 'not_applicable', 'field_texture': 'smooth', 'enclosure': 'none', 'confidence': 'high', 'ambiguity_note': ''}
[999/1800] fda547c58900 483px ok 2.9s (2.7s/item avg, ~36 min left) {'ground_type': 'flat_field', 'shading_geometry': 'not_applicable', 'field_texture': 'smooth', 'enclosure': 'none', 'confidence': 'high', 'ambiguity_note': ''}
[1000/1800] 2d7d30ae4927 483px ok 3.4s (2.7s/item avg, ~36 min left) {'ground_type': 'shaded_field', 'shading_geometry': 'radial_or_vignette', 'field_texture': 'one_textured_material', 'enclosure': 'thick_frame_or_bars', 'confidence': 'high', 'ambiguity_note': ''}
[1001/1800] c1be47defc3c 640px ok 3.5s (2.7s/item avg, ~36 min left) {'ground_type': 'full_scene', 'shading_geometry': 'not_applicable', 'field_texture': 'one_textured_material', 'enclosure': 'none', 'confidence': 'high', 'ambiguity_note': ''}
[1002/1800] b931c2eb5c70 333px ok 2.9s (2.7s/item avg, ~36 min left) {'ground_type': 'shaded_field', 'shading_geometry': 'radial_or_vignette', 'field_texture': 'one_textured_material', 'enclosure': 'none', 'confidence': 'high', 'ambiguity_note': ''}
[1003/1800] ab05370a44cf 482px ok 3.1s (2.7s/item avg, ~36 min left) {'ground_type': 'full_scene', 'shading_geometry': 'not_applicable', 'field_texture': 'one_textured_material', 'enclosure': 'thin_border', 'confidence': 'high', 'ambiguity_note': ''}
[1004/1800] 862ae92add8a 332px ok 2.8s (2.7s/item avg, ~36 min left) {'ground_type': 'full_scene', 'shading_geometry': 'not_applicable', 'field_texture': 'smooth', 'enclosure': 'none', 'confidence': 'high', 'ambiguity_note': ''}
[1005/1800] a8fb297aceb5 483px ok 3.1s (2.7s/item avg, ~36 min left) {'ground_type': 'shaded_field', 'shading_geometry': 'radial_or_vignette', 'field_texture': 'smooth', 'enclosure': 'none', 'confidence': 'high', 'ambiguity_note': ''}
[1006/1800] 0740e26cf605 147px ok 2.8s (2.7s/item avg, ~36 min left) {'ground_type': 'shaded_field', 'shading_geometry': 'radial_or_vignette', 'field_texture': 'one_textured_material', 'enclosure': 'thin_border', 'confidence': 'high', 'ambiguity_note': ''}
[1007/1800] 54e0a421a2b4 700px ok 3.9s (2.7s/item avg, ~36 min left) {'ground_type': 'shaded_field', 'shading_geometry': 'radial_or_vignette', 'field_texture': 'one_textured_material', 'enclosure': 'thin_border', 'confidence': 'high', 'ambiguity_note': ''}
[1008/1800] 97e0d3a98143 640px ok 3.5s (2.7s/item avg, ~36 min left) {'ground_type': 'full_scene', 'shading_geometry': 'not_applicable', 'field_texture': 'one_textured_material', 'enclosure': 'none', 'confidence': 'high', 'ambiguity_note': ''}
[1009/1800] 862ae92add8a 333px ok 2.6s (2.7s/item avg, ~36 min left) {'ground_type': 'full_scene', 'shading_geometry': 'not_applicable', 'field_texture': 'smooth', 'enclosure': 'none', 'confidence': 'high', 'ambiguity_note': ''}
[1010/1800] d37067c46e2d 333px ok 2.8s (2.7s/item avg, ~36 min left) {'ground_type': 'multiple_distinct_fields', 'shading_geometry': 'not_applicable', 'field_texture': 'distinct_areas', 'enclosure': 'none', 'confidence': 'high', 'ambiguity_note': ''}
[1011/1800] b6269d4f8e95 147px ok 2.5s (2.7s/item avg, ~36 min left) {'ground_type': 'flat_field', 'shading_geometry': 'not_applicable', 'field_texture': 'smooth', 'enclosure': 'none', 'confidence': 'high', 'ambiguity_note': ''}
[1012/1800] 5569d61c5e69 640px ok 3.5s (2.7s/item avg, ~36 min left) {'ground_type': 'flat_field', 'shading_geometry': 'not_applicable', 'field_texture': 'one_textured_material', 'enclosure': 'none', 'confidence': 'high', 'ambiguity_note': ''}
[1013/1800] 2a4ea1d0de4b 640px ok 3.5s (2.7s/item avg, ~36 min left) {'ground_type': 'flat_field', 'shading_geometry': 'not_applicable', 'field_texture': 'one_textured_material', 'enclosure': 'none', 'confidence': 'high', 'ambiguity_note': ''}
[1014/1800] 9e60177eb7fd 333px ok 2.7s (2.7s/item avg, ~36 min left) {'ground_type': 'full_scene', 'shading_geometry': 'not_applicable', 'field_texture': 'smooth', 'enclosure': 'none', 'confidence': 'high', 'ambiguity_note': ''}
[1015/1800] 3f9ecb4a1097 483px ok 3.2s (2.7s/item avg, ~36 min left) {'ground_type': 'multiple_distinct_fields', 'shading_geometry': 'not_applicable', 'field_texture': 'distinct_areas', 'enclosure': 'none', 'confidence': 'high', 'ambiguity_note': ''}
[1016/1800] 94c63c5fdd70 482px ok 3.1s (2.7s/item avg, ~36 min left) {'ground_type': 'flat_field', 'shading_geometry': 'not_applicable', 'field_texture': 'one_textured_material', 'enclosure': 'thin_border', 'confidence': 'high', 'ambiguity_note': ''}
[1017/1800] 2cfc003addf1 147px ok 2.5s (2.7s/item avg, ~36 min left) {'ground_type': 'flat_field', 'shading_geometry': 'not_applicable', 'field_texture': 'smooth', 'enclosure': 'none', 'confidence': 'high', 'ambiguity_note': ''}
[1018/1800] 4797127edffd 147px ok 2.8s (2.7s/item avg, ~36 min left) {'ground_type': 'full_scene', 'shading_geometry': 'not_applicable', 'field_texture': 'smooth', 'enclosure': 'none', 'confidence': 'high', 'ambiguity_note': ''}
[1019/1800] 594bff88468c 333px ok 2.7s (2.7s/item avg, ~36 min left) {'ground_type': 'shaded_field', 'shading_geometry': 'radial_or_vignette', 'field_texture': 'smooth', 'enclosure': 'none', 'confidence': 'high', 'ambiguity_note': ''}
[1020/1800] 857823f0b8ba 332px ok 2.8s (2.7s/item avg, ~36 min left) {'ground_type': 'flat_field', 'shading_geometry': 'not_applicable', 'field_texture': 'smooth', 'enclosure': 'none', 'confidence': 'high', 'ambiguity_note': ''}
[1021/1800] 2d88913489ef 640px ok 3.8s (2.7s/item avg, ~36 min left) {'ground_type': 'full_scene', 'shading_geometry': 'not_applicable', 'field_texture': 'smooth', 'enclosure': 'thick_frame_or_bars', 'confidence': 'high', 'ambiguity_note': ''}
[1022/1800] e9dfd732a0da 147px ok 2.7s (2.7s/item avg, ~36 min left) {'ground_type': 'flat_field', 'shading_geometry': 'not_applicable', 'field_texture': 'smooth', 'enclosure': 'none', 'confidence': 'high', 'ambiguity_note': ''}
[1023/1800] 701588c7a009 333px ok 2.8s (2.7s/item avg, ~36 min left) {'ground_type': 'flat_field', 'shading_geometry': 'not_applicable', 'field_texture': 'smooth', 'enclosure': 'none', 'confidence': 'high', 'ambiguity_note': ''}
[1024/1800] 1e5bbb09a8c8 399px ok 3.0s (2.7s/item avg, ~35 min left) {'ground_type': 'shaded_field', 'shading_geometry': 'radial_or_vignette', 'field_texture': 'one_textured_material', 'enclosure': 'none', 'confidence': 'high', 'ambiguity_note': ''}
[1025/1800] c431b1397526 332px ok 2.8s (2.7s/item avg, ~35 min left) {'ground_type': 'flat_field', 'shading_geometry': 'not_applicable', 'field_texture': 'smooth', 'enclosure': 'none', 'confidence': 'high', 'ambiguity_note': ''}
[1026/1800] 5a83dcc7b550 112px ok 2.6s (2.7s/item avg, ~35 min left) {'ground_type': 'flat_field', 'shading_geometry': 'not_applicable', 'field_texture': 'smooth', 'enclosure': 'none', 'confidence': 'high', 'ambiguity_note': ''}
[1027/1800] bcf968c83115 332px ok 2.7s (2.7s/item avg, ~35 min left) {'ground_type': 'shaded_field', 'shading_geometry': 'radial_or_vignette', 'field_texture': 'smooth', 'enclosure': 'none', 'confidence': 'high', 'ambiguity_note': ''}
[1028/1800] 8e6a432e77c0 483px ok 3.5s (2.7s/item avg, ~35 min left) {'ground_type': 'shaded_field', 'shading_geometry': 'radial_or_vignette', 'field_texture': 'one_textured_material', 'enclosure': 'thick_frame_or_bars', 'confidence': 'high', 'ambiguity_note': ''}
[1029/1800] 5a83dcc7b550 700px ok 3.8s (2.7s/item avg, ~35 min left) {'ground_type': 'shaded_field', 'shading_geometry': 'radial_or_vignette', 'field_texture': 'one_textured_material', 'enclosure': 'none', 'confidence': 'high', 'ambiguity_note': ''}
[1030/1800] 690170731ddc 112px ok 2.6s (2.7s/item avg, ~35 min left) {'ground_type': 'shaded_field', 'shading_geometry': 'radial_or_vignette', 'field_texture': 'one_textured_material', 'enclosure': 'none', 'confidence': 'high', 'ambiguity_note': ''}
[1031/1800] 6b9ddd24a097 332px ok 2.8s (2.7s/item avg, ~35 min left) {'ground_type': 'flat_field', 'shading_geometry': 'not_applicable', 'field_texture': 'smooth', 'enclosure': 'thick_frame_or_bars', 'confidence': 'high', 'ambiguity_note': ''}
[1032/1800] fe628d3ec244 900px ok 4.6s (2.7s/item avg, ~35 min left) {'ground_type': 'full_scene', 'shading_geometry': 'not_applicable', 'field_texture': 'smooth', 'enclosure': 'none', 'confidence': 'high', 'ambiguity_note': ''}
[1033/1800] 3785cde62ee9 700px ok 4.0s (2.7s/item avg, ~35 min left) {'ground_type': 'shaded_field', 'shading_geometry': 'radial_or_vignette', 'field_texture': 'one_textured_material', 'enclosure': 'none', 'confidence': 'high', 'ambiguity_note': ''}
[1034/1800] c43e7c8cfbd6 300px ok 2.9s (2.7s/item avg, ~35 min left) {'ground_type': 'shaded_field', 'shading_geometry': 'radial_or_vignette', 'field_texture': 'one_textured_material', 'enclosure': 'none', 'confidence': 'high', 'ambiguity_note': ''}
[1035/1800] 9305628bddee 640px ok 3.5s (2.7s/item avg, ~35 min left) {'ground_type': 'flat_field', 'shading_geometry': 'not_applicable', 'field_texture': 'smooth', 'enclosure': 'none', 'confidence': 'high', 'ambiguity_note': ''}
[1036/1800] 0037b9286872 700px ok 3.7s (2.7s/item avg, ~35 min left) {'ground_type': 'full_scene', 'shading_geometry': 'not_applicable', 'field_texture': 'one_textured_material', 'enclosure': 'none', 'confidence': 'high', 'ambiguity_note': ''}
[1037/1800] fda547c58900 640px ok 3.5s (2.8s/item avg, ~35 min left) {'ground_type': 'flat_field', 'shading_geometry': 'not_applicable', 'field_texture': 'smooth', 'enclosure': 'none', 'confidence': 'high', 'ambiguity_note': ''}
[1038/1800] 498d62d9ae77 147px ok 2.5s (2.7s/item avg, ~35 min left) {'ground_type': 'flat_field', 'shading_geometry': 'not_applicable', 'field_texture': 'smooth', 'enclosure': 'none', 'confidence': 'high', 'ambiguity_note': ''}
[1039/1800] d0e43b8fa079 640px ok 3.4s (2.8s/item avg, ~35 min left) {'ground_type': 'multiple_distinct_fields', 'shading_geometry': 'not_applicable', 'field_texture': 'smooth', 'enclosure': 'thin_border', 'confidence': 'high', 'ambiguity_note': ''}
[1040/1800] 291cb109743c 333px ok 2.8s (2.8s/item avg, ~35 min left) {'ground_type': 'full_scene', 'shading_geometry': 'not_applicable', 'field_texture': 'one_textured_material', 'enclosure': 'none', 'confidence': 'high', 'ambiguity_note': ''}
[1041/1800] 4797127edffd 332px ok 2.5s (2.8s/item avg, ~35 min left) {'ground_type': 'full_scene', 'shading_geometry': 'not_applicable', 'field_texture': 'smooth', 'enclosure': 'none', 'confidence': 'high', 'ambiguity_note': ''}
[1042/1800] 2a89f5b9de8e 483px ok 3.1s (2.8s/item avg, ~35 min left) {'ground_type': 'shaded_field', 'shading_geometry': 'radial_or_vignette', 'field_texture': 'smooth', 'enclosure': 'none', 'confidence': 'high', 'ambiguity_note': ''}
[1043/1800] e6be76262660 147px ok 2.7s (2.8s/item avg, ~35 min left) {'ground_type': 'shaded_field', 'shading_geometry': 'radial_or_vignette', 'field_texture': 'one_textured_material', 'enclosure': 'none', 'confidence': 'high', 'ambiguity_note': ''}
[1044/1800] 28f5d6fccf84 147px ok 2.6s (2.8s/item avg, ~35 min left) {'ground_type': 'full_scene', 'shading_geometry': 'not_applicable', 'field_texture': 'one_textured_material', 'enclosure': 'thin_border', 'confidence': 'high', 'ambiguity_note': ''}
[1045/1800] 6478e9b461c9 483px ok 3.0s (2.8s/item avg, ~35 min left) {'ground_type': 'shaded_field', 'shading_geometry': 'radial_or_vignette', 'field_texture': 'smooth', 'enclosure': 'none', 'confidence': 'high', 'ambiguity_note': ''}
[1046/1800] d5c5ca3c64fd 332px ok 2.6s (2.8s/item avg, ~35 min left) {'ground_type': 'flat_field', 'shading_geometry': 'not_applicable', 'field_texture': 'smooth', 'enclosure': 'none', 'confidence': 'high', 'ambiguity_note': ''}
[1047/1800] c42eb59f3d64 333px ok 2.6s (2.8s/item avg, ~35 min left) {'ground_type': 'full_scene', 'shading_geometry': 'not_applicable', 'field_texture': 'one_textured_material', 'enclosure': 'none', 'confidence': 'high', 'ambiguity_note': ''}
[1048/1800] c9a91e7d9288 700px ok 3.6s (2.8s/item avg, ~34 min left) {'ground_type': 'flat_field', 'shading_geometry': 'not_applicable', 'field_texture': 'smooth', 'enclosure': 'none', 'confidence': 'high', 'ambiguity_note': ''}
[1049/1800] d37067c46e2d 112px ok 2.5s (2.8s/item avg, ~34 min left) {'ground_type': 'multiple_distinct_fields', 'shading_geometry': 'not_applicable', 'field_texture': 'distinct_areas', 'enclosure': 'thin_border', 'confidence': 'high', 'ambiguity_note': ''}
[1050/1800] cb51b7ee442f 147px ok 2.4s (2.8s/item avg, ~34 min left) {'ground_type': 'flat_field', 'shading_geometry': 'not_applicable', 'field_texture': 'smooth', 'enclosure': 'none', 'confidence': 'high', 'ambiguity_note': ''}
[1051/1800] 57ea0d32636c 700px ok 3.5s (2.8s/item avg, ~34 min left) {'ground_type': 'flat_field', 'shading_geometry': 'not_applicable', 'field_texture': 'smooth', 'enclosure': 'none', 'confidence': 'high', 'ambiguity_note': ''}
[1052/1800] 5d2d7dc2ba3a 700px ok 3.7s (2.8s/item avg, ~34 min left) {'ground_type': 'flat_field', 'shading_geometry': 'not_applicable', 'field_texture': 'smooth', 'enclosure': 'none', 'confidence': 'high', 'ambiguity_note': ''}
[1053/1800] c251cd0825af 147px ok 2.5s (2.8s/item avg, ~34 min left) {'ground_type': 'full_scene', 'shading_geometry': 'not_applicable', 'field_texture': 'smooth', 'enclosure': 'none', 'confidence': 'high', 'ambiguity_note': ''}
[1054/1800] 785fd2cdf858 640px ok 3.4s (2.8s/item avg, ~34 min left) {'ground_type': 'multiple_distinct_fields', 'shading_geometry': 'not_applicable', 'field_texture': 'distinct_areas', 'enclosure': 'none', 'confidence': 'high', 'ambiguity_note': ''}
[1055/1800] 537c750189aa 483px ok 2.9s (2.8s/item avg, ~34 min left) {'ground_type': 'flat_field', 'shading_geometry': 'not_applicable', 'field_texture': 'one_textured_material', 'enclosure': 'none', 'confidence': 'high', 'ambiguity_note': ''}
[1056/1800] 967eabe51cbe 318px ok 2.7s (2.8s/item avg, ~34 min left) {'ground_type': 'shaded_field', 'shading_geometry': 'radial_or_vignette', 'field_texture': 'one_textured_material', 'enclosure': 'none', 'confidence': 'high', 'ambiguity_note': ''}
[1057/1800] 3530fe30e288 640px ok 3.4s (2.8s/item avg, ~34 min left) {'ground_type': 'shaded_field', 'shading_geometry': 'radial_or_vignette', 'field_texture': 'smooth', 'enclosure': 'none', 'confidence': 'high', 'ambiguity_note': ''}
[1058/1800] 7dfec6cccfa1 240px ok 2.6s (2.8s/item avg, ~34 min left) {'ground_type': 'flat_field', 'shading_geometry': 'not_applicable', 'field_texture': 'one_textured_material', 'enclosure': 'none', 'confidence': 'high', 'ambiguity_note': ''}
[1059/1800] 4e1818d741e1 332px ok 2.6s (2.8s/item avg, ~34 min left) {'ground_type': 'flat_field', 'shading_geometry': 'not_applicable', 'field_texture': 'smooth', 'enclosure': 'none', 'confidence': 'high', 'ambiguity_note': ''}
[1060/1800] b931c2eb5c70 112px ok 2.6s (2.8s/item avg, ~34 min left) {'ground_type': 'shaded_field', 'shading_geometry': 'radial_or_vignette', 'field_texture': 'one_textured_material', 'enclosure': 'none', 'confidence': 'high', 'ambiguity_note': ''}
[1061/1800] 8c3307405566 147px ok 2.5s (2.8s/item avg, ~34 min left) {'ground_type': 'flat_field', 'shading_geometry': 'not_applicable', 'field_texture': 'smooth', 'enclosure': 'thin_border', 'confidence': 'high', 'ambiguity_note': ''}
[1062/1800] d8fb1ce57495 482px ok 3.0s (2.8s/item avg, ~34 min left) {'ground_type': 'shaded_field', 'shading_geometry': 'radial_or_vignette', 'field_texture': 'one_textured_material', 'enclosure': 'none', 'confidence': 'high', 'ambiguity_note': ''}
[1063/1800] 0d568904cdb4 147px ok 2.5s (2.8s/item avg, ~34 min left) {'ground_type': 'flat_field', 'shading_geometry': 'not_applicable', 'field_texture': 'smooth', 'enclosure': 'none', 'confidence': 'high', 'ambiguity_note': ''}
[1064/1800] 8a68065903e9 1425px ok 9.3s (2.8s/item avg, ~34 min left) {'ground_type': 'flat_field', 'shading_geometry': 'not_applicable', 'field_texture': 'smooth', 'enclosure': 'thick_frame_or_bars', 'confidence': 'high', 'ambiguity_note': ''}
[1065/1800] 05fd11332b1e 147px ok 2.6s (2.8s/item avg, ~34 min left) {'ground_type': 'flat_field', 'shading_geometry': 'not_applicable', 'field_texture': 'smooth', 'enclosure': 'thick_frame_or_bars', 'confidence': 'high', 'ambiguity_note': ''}
[1066/1800] d8fb1ce57495 640px ok 3.5s (2.8s/item avg, ~34 min left) {'ground_type': 'shaded_field', 'shading_geometry': 'radial_or_vignette', 'field_texture': 'one_textured_material', 'enclosure': 'none', 'confidence': 'high', 'ambiguity_note': ''}
[1067/1800] 9c02231770b8 640px ok 3.2s (2.8s/item avg, ~34 min left) {'ground_type': 'flat_field', 'shading_geometry': 'not_applicable', 'field_texture': 'smooth', 'enclosure': 'none', 'confidence': 'high', 'ambiguity_note': ''}
[1068/1800] 345246b727bd 147px ok 2.6s (2.8s/item avg, ~34 min left) {'ground_type': 'shaded_field', 'shading_geometry': 'radial_or_vignette', 'field_texture': 'one_textured_material', 'enclosure': 'none', 'confidence': 'high', 'ambiguity_note': ''}
[1069/1800] efc767dc333a 640px ok 3.4s (2.8s/item avg, ~34 min left) {'ground_type': 'shaded_field', 'shading_geometry': 'radial_or_vignette', 'field_texture': 'one_textured_material', 'enclosure': 'none', 'confidence': 'high', 'ambiguity_note': ''}
[1070/1800] efc767dc333a 482px ok 2.9s (2.8s/item avg, ~34 min left) {'ground_type': 'shaded_field', 'shading_geometry': 'radial_or_vignette', 'field_texture': 'one_textured_material', 'enclosure': 'none', 'confidence': 'high', 'ambiguity_note': ''}
[1071/1800] 54e9a351c912 482px ok 2.9s (2.8s/item avg, ~34 min left) {'ground_type': 'shaded_field', 'shading_geometry': 'radial_or_vignette', 'field_texture': 'one_textured_material', 'enclosure': 'none', 'confidence': 'high', 'ambiguity_note': ''}
[1072/1800] 7a569591f640 147px ok 2.4s (2.8s/item avg, ~33 min left) {'ground_type': 'flat_field', 'shading_geometry': 'not_applicable', 'field_texture': 'smooth', 'enclosure': 'none', 'confidence': 'high', 'ambiguity_note': ''}
[1073/1800] 7a9f709bb449 700px ok 3.6s (2.8s/item avg, ~33 min left) {'ground_type': 'shaded_field', 'shading_geometry': 'radial_or_vignette', 'field_texture': 'smooth', 'enclosure': 'none', 'confidence': 'high', 'ambiguity_note': ''}
[1074/1800] e7d3018bf490 700px ok 3.6s (2.8s/item avg, ~33 min left) {'ground_type': 'pattern_or_texture', 'shading_geometry': 'not_applicable', 'field_texture': 'one_textured_material', 'enclosure': 'none', 'confidence': 'high', 'ambiguity_note': ''}
[1075/1800] 652b3d490acf 333px ok 2.7s (2.8s/item avg, ~33 min left) {'ground_type': 'shaded_field', 'shading_geometry': 'radial_or_vignette', 'field_texture': 'smooth', 'enclosure': 'none', 'confidence': 'high', 'ambiguity_note': ''}
[1076/1800] 701588c7a009 332px ok 2.6s (2.8s/item avg, ~33 min left) {'ground_type': 'flat_field', 'shading_geometry': 'not_applicable', 'field_texture': 'smooth', 'enclosure': 'none', 'confidence': 'high', 'ambiguity_note': ''}
[1077/1800] 3c44f3e4c5dd 112px ok 2.5s (2.8s/item avg, ~33 min left) {'ground_type': 'flat_field', 'shading_geometry': 'not_applicable', 'field_texture': 'smooth', 'enclosure': 'none', 'confidence': 'high', 'ambiguity_note': ''}
[1078/1800] b5db101142d6 483px ok 2.9s (2.8s/item avg, ~33 min left) {'ground_type': 'pattern_or_texture', 'shading_geometry': 'not_applicable', 'field_texture': 'one_textured_material', 'enclosure': 'none', 'confidence': 'high', 'ambiguity_note': ''}
[1079/1800] a881b66f8786 1200px ok 7.0s (2.8s/item avg, ~33 min left) {'ground_type': 'multiple_distinct_fields', 'shading_geometry': 'not_applicable', 'field_texture': 'distinct_areas', 'enclosure': 'none', 'confidence': 'high', 'ambiguity_note': ''}
[1080/1800] d94dfeacb728 147px ok 2.7s (2.8s/item avg, ~33 min left) {'ground_type': 'shaded_field', 'shading_geometry': 'radial_or_vignette', 'field_texture': 'one_textured_material', 'enclosure': 'none', 'confidence': 'high', 'ambiguity_note': ''}
[1081/1800] c35fa1c5698b 500px ok 3.0s (2.8s/item avg, ~33 min left) {'ground_type': 'full_scene', 'shading_geometry': 'not_applicable', 'field_texture': 'one_textured_material', 'enclosure': 'none', 'confidence': 'high', 'ambiguity_note': ''}
[1082/1800] fbeefb00be48 333px ok 2.5s (2.8s/item avg, ~33 min left) {'ground_type': 'full_scene', 'shading_geometry': 'not_applicable', 'field_texture': 'one_textured_material', 'enclosure': 'none', 'confidence': 'high', 'ambiguity_note': ''}
[1083/1800] 10e1fd3b5f4e 333px ok 2.5s (2.8s/item avg, ~33 min left) {'ground_type': 'full_scene', 'shading_geometry': 'not_applicable', 'field_texture': 'smooth', 'enclosure': 'none', 'confidence': 'high', 'ambiguity_note': ''}
[1084/1800] 652b3d490acf 112px ok 2.4s (2.8s/item avg, ~33 min left) {'ground_type': 'flat_field', 'shading_geometry': 'not_applicable', 'field_texture': 'smooth', 'enclosure': 'none', 'confidence': 'high', 'ambiguity_note': ''}
[1085/1800] ab6e02ea4200 332px ok 2.5s (2.8s/item avg, ~33 min left) {'ground_type': 'flat_field', 'shading_geometry': 'not_applicable', 'field_texture': 'smooth', 'enclosure': 'thin_border', 'confidence': 'high', 'ambiguity_note': ''}
[1086/1800] 116feaa9d4ed 147px ok 2.3s (2.8s/item avg, ~33 min left) {'ground_type': 'flat_field', 'shading_geometry': 'not_applicable', 'field_texture': 'smooth', 'enclosure': 'none', 'confidence': 'high', 'ambiguity_note': ''}
[1087/1800] 79e7934bf1ac 112px ok 2.5s (2.8s/item avg, ~33 min left) {'ground_type': 'full_scene', 'shading_geometry': 'not_applicable', 'field_texture': 'one_textured_material', 'enclosure': 'none', 'confidence': 'high', 'ambiguity_note': ''}
[1088/1800] b4dc81516c85 482px ok 3.0s (2.8s/item avg, ~33 min left) {'ground_type': 'shaded_field', 'shading_geometry': 'radial_or_vignette', 'field_texture': 'smooth', 'enclosure': 'none', 'confidence': 'high', 'ambiguity_note': ''}
[1089/1800] 9305628bddee 483px ok 3.0s (2.8s/item avg, ~33 min left) {'ground_type': 'flat_field', 'shading_geometry': 'not_applicable', 'field_texture': 'smooth', 'enclosure': 'none', 'confidence': 'high', 'ambiguity_note': ''}
[1090/1800] 191505fb4e14 368px ok 2.7s (2.8s/item avg, ~33 min left) {'ground_type': 'full_scene', 'shading_geometry': 'not_applicable', 'field_texture': 'distinct_areas', 'enclosure': 'none', 'confidence': 'high', 'ambiguity_note': ''}
[1091/1800] 01ee1cae30fe 640px ok 3.5s (2.8s/item avg, ~33 min left) {'ground_type': 'shaded_field', 'shading_geometry': 'radial_or_vignette', 'field_texture': 'one_textured_material', 'enclosure': 'none', 'confidence': 'high', 'ambiguity_note': ''}
[1092/1800] 506e4c4521e0 147px ok 2.5s (2.8s/item avg, ~33 min left) {'ground_type': 'multiple_distinct_fields', 'shading_geometry': 'not_applicable', 'field_texture': 'distinct_areas', 'enclosure': 'none', 'confidence': 'high', 'ambiguity_note': ''}
[1093/1800] 924cd37ecb88 333px ok 2.5s (2.8s/item avg, ~33 min left) {'ground_type': 'flat_field', 'shading_geometry': 'not_applicable', 'field_texture': 'smooth', 'enclosure': 'none', 'confidence': 'high', 'ambiguity_note': ''}
[1094/1800] 879ce3e0e75a 147px ok 2.6s (2.8s/item avg, ~33 min left) {'ground_type': 'shaded_field', 'shading_geometry': 'radial_or_vignette', 'field_texture': 'smooth', 'enclosure': 'none', 'confidence': 'high', 'ambiguity_note': ''}
[1095/1800] 47b420288547 332px ok 2.8s (2.8s/item avg, ~32 min left) {'ground_type': 'shaded_field', 'shading_geometry': 'radial_or_vignette', 'field_texture': 'one_textured_material', 'enclosure': 'none', 'confidence': 'high', 'ambiguity_note': ''}
[1096/1800] 09cedae73223 483px ok 3.1s (2.8s/item avg, ~32 min left) {'ground_type': 'shaded_field', 'shading_geometry': 'radial_or_vignette', 'field_texture': 'smooth', 'enclosure': 'none', 'confidence': 'high', 'ambiguity_note': ''}
[1097/1800] 43f72e231192 700px ok 3.5s (2.8s/item avg, ~32 min left) {'ground_type': 'flat_field', 'shading_geometry': 'not_applicable', 'field_texture': 'smooth', 'enclosure': 'none', 'confidence': 'high', 'ambiguity_note': ''}
[1098/1800] 0032ccefda14 112px ok 2.4s (2.8s/item avg, ~32 min left) {'ground_type': 'flat_field', 'shading_geometry': 'not_applicable', 'field_texture': 'smooth', 'enclosure': 'none', 'confidence': 'high', 'ambiguity_note': ''}
[1099/1800] 5c81543674fd 700px ok 3.4s (2.8s/item avg, ~32 min left) {'ground_type': 'flat_field', 'shading_geometry': 'not_applicable', 'field_texture': 'smooth', 'enclosure': 'none', 'confidence': 'high', 'ambiguity_note': ''}
[1100/1800] 6478e9b461c9 640px ok 3.3s (2.8s/item avg, ~32 min left) {'ground_type': 'shaded_field', 'shading_geometry': 'radial_or_vignette', 'field_texture': 'smooth', 'enclosure': 'none', 'confidence': 'high', 'ambiguity_note': ''}
[1101/1800] f6e43b68717b 482px ok 2.9s (2.8s/item avg, ~32 min left) {'ground_type': 'flat_field', 'shading_geometry': 'not_applicable', 'field_texture': 'smooth', 'enclosure': 'thin_border', 'confidence': 'high', 'ambiguity_note': ''}
[1102/1800] 853322ae0fe1 640px ok 3.3s (2.8s/item avg, ~32 min left) {'ground_type': 'flat_field', 'shading_geometry': 'not_applicable', 'field_texture': 'smooth', 'enclosure': 'none', 'confidence': 'high', 'ambiguity_note': ''}
[1103/1800] 8ce7c705e676 700px ok 3.7s (2.8s/item avg, ~32 min left) {'ground_type': 'shaded_field', 'shading_geometry': 'radial_or_vignette', 'field_texture': 'distinct_areas', 'enclosure': 'none', 'confidence': 'high', 'ambiguity_note': ''}
[1104/1800] c94aa7c13637 700px ok 3.9s (2.8s/item avg, ~32 min left) {'ground_type': 'full_scene', 'shading_geometry': 'not_applicable', 'field_texture': 'one_textured_material', 'enclosure': 'thick_frame_or_bars', 'confidence': 'high', 'ambiguity_note': ''}
[1105/1800] d9290c57b7ff 332px ok 2.6s (2.8s/item avg, ~32 min left) {'ground_type': 'pattern_or_texture', 'shading_geometry': 'not_applicable', 'field_texture': 'distinct_areas', 'enclosure': 'none', 'confidence': 'high', 'ambiguity_note': ''}
[1106/1800] 768a4cb45980 482px ok 3.0s (2.8s/item avg, ~32 min left) {'ground_type': 'shaded_field', 'shading_geometry': 'radial_or_vignette', 'field_texture': 'smooth', 'enclosure': 'none', 'confidence': 'high', 'ambiguity_note': ''}
[1107/1800] 1f2b9976fcc1 332px ok 2.5s (2.8s/item avg, ~32 min left) {'ground_type': 'flat_field', 'shading_geometry': 'not_applicable', 'field_texture': 'smooth', 'enclosure': 'none', 'confidence': 'high', 'ambiguity_note': ''}
[1108/1800] 221675e27b7e 333px ok 2.6s (2.8s/item avg, ~32 min left) {'ground_type': 'full_scene', 'shading_geometry': 'not_applicable', 'field_texture': 'smooth', 'enclosure': 'none', 'confidence': 'high', 'ambiguity_note': ''}
[1109/1800] 43f72e231192 333px ok 2.5s (2.8s/item avg, ~32 min left) {'ground_type': 'flat_field', 'shading_geometry': 'not_applicable', 'field_texture': 'smooth', 'enclosure': 'none', 'confidence': 'high', 'ambiguity_note': ''}
[1110/1800] 5008f4f9890d 700px ok 3.5s (2.8s/item avg, ~32 min left) {'ground_type': 'full_scene', 'shading_geometry': 'not_applicable', 'field_texture': 'one_textured_material', 'enclosure': 'none', 'confidence': 'high', 'ambiguity_note': ''}
[1111/1800] 51a50170f4bd 300px ok 2.4s (2.8s/item avg, ~32 min left) {'ground_type': 'flat_field', 'shading_geometry': 'not_applicable', 'field_texture': 'smooth', 'enclosure': 'none', 'confidence': 'high', 'ambiguity_note': ''}
[1112/1800] 7a9f709bb449 700px ok 3.7s (2.8s/item avg, ~32 min left) {'ground_type': 'shaded_field', 'shading_geometry': 'radial_or_vignette', 'field_texture': 'smooth', 'enclosure': 'none', 'confidence': 'high', 'ambiguity_note': ''}
[1113/1800] bb2c6d36183d 482px ok 3.0s (2.8s/item avg, ~32 min left) {'ground_type': 'multiple_distinct_fields', 'shading_geometry': 'not_applicable', 'field_texture': 'smooth', 'enclosure': 'thin_border', 'confidence': 'high', 'ambiguity_note': ''}
[1114/1800] 967eabe51cbe 147px ok 2.6s (2.8s/item avg, ~32 min left) {'ground_type': 'shaded_field', 'shading_geometry': 'radial_or_vignette', 'field_texture': 'one_textured_material', 'enclosure': 'thin_border', 'confidence': 'high', 'ambiguity_note': ''}
[1115/1800] df057020df1f 332px ok 2.6s (2.8s/item avg, ~32 min left) {'ground_type': 'flat_field', 'shading_geometry': 'not_applicable', 'field_texture': 'smooth', 'enclosure': 'none', 'confidence': 'high', 'ambiguity_note': ''}
[1116/1800] 8559fe9e6f57 700px ok 3.7s (2.8s/item avg, ~32 min left) {'ground_type': 'shaded_field', 'shading_geometry': 'radial_or_vignette', 'field_texture': 'smooth', 'enclosure': 'none', 'confidence': 'high', 'ambiguity_note': ''}
[1117/1800] 33577313db38 147px ok 2.5s (2.8s/item avg, ~32 min left) {'ground_type': 'flat_field', 'shading_geometry': 'not_applicable', 'field_texture': 'smooth', 'enclosure': 'none', 'confidence': 'high', 'ambiguity_note': ''}
[1118/1800] d76d845e33b9 482px ok 3.1s (2.8s/item avg, ~32 min left) {'ground_type': 'shaded_field', 'shading_geometry': 'linear', 'field_texture': 'one_textured_material', 'enclosure': 'none', 'confidence': 'high', 'ambiguity_note': ''}
[1119/1800] cdd4f96a94dd 482px ok 2.9s (2.8s/item avg, ~31 min left) {'ground_type': 'full_scene', 'shading_geometry': 'not_applicable', 'field_texture': 'smooth', 'enclosure': 'none', 'confidence': 'high', 'ambiguity_note': ''}
[1120/1800] 31a2865223ad 147px ok 2.4s (2.8s/item avg, ~31 min left) {'ground_type': 'flat_field', 'shading_geometry': 'not_applicable', 'field_texture': 'smooth', 'enclosure': 'thin_border', 'confidence': 'high', 'ambiguity_note': ''}
[1121/1800] 48c2e209baf5 640px ok 3.3s (2.8s/item avg, ~31 min left) {'ground_type': 'full_scene', 'shading_geometry': 'not_applicable', 'field_texture': 'one_textured_material', 'enclosure': 'none', 'confidence': 'high', 'ambiguity_note': ''}
[1122/1800] 8cca6ad26b00 332px ok 2.7s (2.8s/item avg, ~31 min left) {'ground_type': 'full_scene', 'shading_geometry': 'not_applicable', 'field_texture': 'one_textured_material', 'enclosure': 'none', 'confidence': 'high', 'ambiguity_note': ''}
[1123/1800] bfdd01d451b2 147px ok 2.5s (2.8s/item avg, ~31 min left) {'ground_type': 'flat_field', 'shading_geometry': 'not_applicable', 'field_texture': 'smooth', 'enclosure': 'none', 'confidence': 'high', 'ambiguity_note': ''}
[1124/1800] c9592efe4753 368px ok 2.7s (2.8s/item avg, ~31 min left) {'ground_type': 'flat_field', 'shading_geometry': 'not_applicable', 'field_texture': 'smooth', 'enclosure': 'none', 'confidence': 'high', 'ambiguity_note': ''}
[1125/1800] 088a0cbc332b 332px ok 2.5s (2.8s/item avg, ~31 min left) {'ground_type': 'flat_field', 'shading_geometry': 'not_applicable', 'field_texture': 'smooth', 'enclosure': 'none', 'confidence': 'high', 'ambiguity_note': ''}
[1126/1800] ecd147cfb04d 350px ok 2.8s (2.8s/item avg, ~31 min left) {'ground_type': 'flat_field', 'shading_geometry': 'not_applicable', 'field_texture': 'one_textured_material', 'enclosure': 'none', 'confidence': 'high', 'ambiguity_note': ''}
[1127/1800] 41ad4095d032 700px ok 3.7s (2.8s/item avg, ~31 min left) {'ground_type': 'flat_field', 'shading_geometry': 'not_applicable', 'field_texture': 'smooth', 'enclosure': 'none', 'confidence': 'high', 'ambiguity_note': ''}
[1128/1800] d94dfeacb728 482px ok 3.2s (2.8s/item avg, ~31 min left) {'ground_type': 'shaded_field', 'shading_geometry': 'radial_or_vignette', 'field_texture': 'one_textured_material', 'enclosure': 'none', 'confidence': 'high', 'ambiguity_note': ''}
[1129/1800] 879ce3e0e75a 333px ok 2.7s (2.8s/item avg, ~31 min left) {'ground_type': 'shaded_field', 'shading_geometry': 'radial_or_vignette', 'field_texture': 'smooth', 'enclosure': 'none', 'confidence': 'high', 'ambiguity_note': ''}
[1130/1800] fbeefb00be48 700px ok 3.9s (2.8s/item avg, ~31 min left) {'ground_type': 'pattern_or_texture', 'shading_geometry': 'not_applicable', 'field_texture': 'one_textured_material', 'enclosure': 'none', 'confidence': 'high', 'ambiguity_note': ''}
[1131/1800] a377aeb35c90 332px ok 2.6s (2.8s/item avg, ~31 min left) {'ground_type': 'flat_field', 'shading_geometry': 'not_applicable', 'field_texture': 'smooth', 'enclosure': 'thick_frame_or_bars', 'confidence': 'high', 'ambiguity_note': ''}
[1132/1800] 48c2e209baf5 318px ok 2.5s (2.8s/item avg, ~31 min left) {'ground_type': 'flat_field', 'shading_geometry': 'not_applicable', 'field_texture': 'smooth', 'enclosure': 'none', 'confidence': 'high', 'ambiguity_note': ''}
[1133/1800] 52e8a735c516 147px ok 2.5s (2.8s/item avg, ~31 min left) {'ground_type': 'full_scene', 'shading_geometry': 'not_applicable', 'field_texture': 'one_textured_material', 'enclosure': 'none', 'confidence': 'high', 'ambiguity_note': ''}
[1134/1800] c42eb59f3d64 332px ok 2.6s (2.8s/item avg, ~31 min left) {'ground_type': 'full_scene', 'shading_geometry': 'not_applicable', 'field_texture': 'one_textured_material', 'enclosure': 'none', 'confidence': 'high', 'ambiguity_note': ''}
[1135/1800] 4b50cf0c0ac5 147px ok 2.4s (2.8s/item avg, ~31 min left) {'ground_type': 'flat_field', 'shading_geometry': 'not_applicable', 'field_texture': 'smooth', 'enclosure': 'none', 'confidence': 'high', 'ambiguity_note': ''}
[1136/1800] c9e936c4cac2 368px ok 2.7s (2.8s/item avg, ~31 min left) {'ground_type': 'flat_field', 'shading_geometry': 'not_applicable', 'field_texture': 'smooth', 'enclosure': 'none', 'confidence': 'high', 'ambiguity_note': ''}
[1137/1800] 37379ec330d1 640px ok 3.6s (2.8s/item avg, ~31 min left) {'ground_type': 'pattern_or_texture', 'shading_geometry': 'not_applicable', 'field_texture': 'one_textured_material', 'enclosure': 'thick_frame_or_bars', 'confidence': 'high', 'ambiguity_note': ''}
[1138/1800] 2e903dbde9f7 333px ok 2.5s (2.8s/item avg, ~31 min left) {'ground_type': 'flat_field', 'shading_geometry': 'not_applicable', 'field_texture': 'smooth', 'enclosure': 'none', 'confidence': 'high', 'ambiguity_note': ''}
[1139/1800] 2bde6e2fc12b 333px ok 2.7s (2.8s/item avg, ~31 min left) {'ground_type': 'flat_field', 'shading_geometry': 'not_applicable', 'field_texture': 'smooth', 'enclosure': 'none', 'confidence': 'high', 'ambiguity_note': ''}
[1140/1800] 34b0f78d4048 147px ok 2.4s (2.8s/item avg, ~31 min left) {'ground_type': 'flat_field', 'shading_geometry': 'not_applicable', 'field_texture': 'smooth', 'enclosure': 'none', 'confidence': 'high', 'ambiguity_note': ''}
[1141/1800] 862ae92add8a 700px ok 4.1s (2.8s/item avg, ~30 min left) {'ground_type': 'full_scene', 'shading_geometry': 'not_applicable', 'field_texture': 'one_textured_material', 'enclosure': 'none', 'confidence': 'high', 'ambiguity_note': ''}
[1142/1800] 302e3e176b93 368px ok 2.6s (2.8s/item avg, ~30 min left) {'ground_type': 'flat_field', 'shading_geometry': 'not_applicable', 'field_texture': 'smooth', 'enclosure': 'none', 'confidence': 'high', 'ambiguity_note': ''}
[1143/1800] d7c7e2b2b9bc 147px ok 2.5s (2.8s/item avg, ~30 min left) {'ground_type': 'multiple_distinct_fields', 'shading_geometry': 'not_applicable', 'field_texture': 'distinct_areas', 'enclosure': 'none', 'confidence': 'high', 'ambiguity_note': ''}
[1144/1800] 291cb109743c 332px ok 2.6s (2.8s/item avg, ~30 min left) {'ground_type': 'full_scene', 'shading_geometry': 'not_applicable', 'field_texture': 'one_textured_material', 'enclosure': 'none', 'confidence': 'high', 'ambiguity_note': ''}
[1145/1800] f16b9facbba4 332px ok 2.7s (2.8s/item avg, ~30 min left) {'ground_type': 'full_scene', 'shading_geometry': 'not_applicable', 'field_texture': 'one_textured_material', 'enclosure': 'thick_frame_or_bars', 'confidence': 'high', 'ambiguity_note': ''}
[1146/1800] 31232794819b 332px ok 2.4s (2.8s/item avg, ~30 min left) {'ground_type': 'flat_field', 'shading_geometry': 'not_applicable', 'field_texture': 'smooth', 'enclosure': 'none', 'confidence': 'high', 'ambiguity_note': ''}
[1147/1800] c9fbb83c728d 640px ok 3.3s (2.8s/item avg, ~30 min left) {'ground_type': 'full_scene', 'shading_geometry': 'not_applicable', 'field_texture': 'smooth', 'enclosure': 'none', 'confidence': 'high', 'ambiguity_note': ''}
[1148/1800] e7791800399b 483px ok 3.0s (2.8s/item avg, ~30 min left) {'ground_type': 'shaded_field', 'shading_geometry': 'radial_or_vignette', 'field_texture': 'smooth', 'enclosure': 'none', 'confidence': 'high', 'ambiguity_note': ''}
[1149/1800] 281c7c5baafe 332px ok 2.5s (2.8s/item avg, ~30 min left) {'ground_type': 'full_scene', 'shading_geometry': 'not_applicable', 'field_texture': 'one_textured_material', 'enclosure': 'none', 'confidence': 'high', 'ambiguity_note': ''}
[1150/1800] 94c63c5fdd70 333px ok 2.6s (2.8s/item avg, ~30 min left) {'ground_type': 'flat_field', 'shading_geometry': 'not_applicable', 'field_texture': 'one_textured_material', 'enclosure': 'thin_border', 'confidence': 'high', 'ambiguity_note': ''}
[1151/1800] 329f6fd3e3a4 700px ok 3.5s (2.8s/item avg, ~30 min left) {'ground_type': 'flat_field', 'shading_geometry': 'not_applicable', 'field_texture': 'smooth', 'enclosure': 'none', 'confidence': 'high', 'ambiguity_note': ''}
[1152/1800] 79e7934bf1ac 332px ok 2.7s (2.8s/item avg, ~30 min left) {'ground_type': 'full_scene', 'shading_geometry': 'not_applicable', 'field_texture': 'smooth', 'enclosure': 'none', 'confidence': 'high', 'ambiguity_note': ''}
[1153/1800] 506e4c4521e0 640px ok 3.4s (2.8s/item avg, ~30 min left) {'ground_type': 'full_scene', 'shading_geometry': 'not_applicable', 'field_texture': 'distinct_areas', 'enclosure': 'none', 'confidence': 'high', 'ambiguity_note': ''}
[1154/1800] d6ec7fb5752a 147px ok 2.6s (2.8s/item avg, ~30 min left) {'ground_type': 'shaded_field', 'shading_geometry': 'radial_or_vignette', 'field_texture': 'one_textured_material', 'enclosure': 'thin_border', 'confidence': 'high', 'ambiguity_note': ''}
[1155/1800] 786a62e00979 200px ok 2.5s (2.8s/item avg, ~30 min left) {'ground_type': 'flat_field', 'shading_geometry': 'not_applicable', 'field_texture': 'smooth', 'enclosure': 'none', 'confidence': 'high', 'ambiguity_note': ''}
[1156/1800] d6d018858720 147px ok 2.4s (2.8s/item avg, ~30 min left) {'ground_type': 'full_scene', 'shading_geometry': 'not_applicable', 'field_texture': 'smooth', 'enclosure': 'none', 'confidence': 'high', 'ambiguity_note': ''}
[1157/1800] cdd4f96a94dd 640px ok 3.6s (2.8s/item avg, ~30 min left) {'ground_type': 'full_scene', 'shading_geometry': 'not_applicable', 'field_texture': 'smooth', 'enclosure': 'none', 'confidence': 'high', 'ambiguity_note': ''}
[1158/1800] 48c2e209baf5 482px ok 3.2s (2.8s/item avg, ~30 min left) {'ground_type': 'shaded_field', 'shading_geometry': 'radial_or_vignette', 'field_texture': 'one_textured_material', 'enclosure': 'none', 'confidence': 'high', 'ambiguity_note': ''}
[1159/1800] c43e7c8cfbd6 147px ok 2.7s (2.8s/item avg, ~30 min left) {'ground_type': 'shaded_field', 'shading_geometry': 'radial_or_vignette', 'field_texture': 'one_textured_material', 'enclosure': 'none', 'confidence': 'high', 'ambiguity_note': ''}
[1160/1800] 5f5af7675505 1425px ok 9.1s (2.8s/item avg, ~30 min left) {'ground_type': 'shaded_field', 'shading_geometry': 'radial_or_vignette', 'field_texture': 'distinct_areas', 'enclosure': 'none', 'confidence': 'high', 'ambiguity_note': ''}
[1161/1800] 241f28d5298e 147px ok 2.4s (2.8s/item avg, ~30 min left) {'ground_type': 'flat_field', 'shading_geometry': 'not_applicable', 'field_texture': 'smooth', 'enclosure': 'thin_border', 'confidence': 'high', 'ambiguity_note': ''}
[1162/1800] 63b2bb8fb64a 333px ok 2.7s (2.8s/item avg, ~30 min left) {'ground_type': 'shaded_field', 'shading_geometry': 'radial_or_vignette', 'field_texture': 'one_textured_material', 'enclosure': 'none', 'confidence': 'high', 'ambiguity_note': ''}
[1163/1800] 49b33cfa0bdb 147px ok 2.5s (2.8s/item avg, ~30 min left) {'ground_type': 'shaded_field', 'shading_geometry': 'radial_or_vignette', 'field_texture': 'smooth', 'enclosure': 'none', 'confidence': 'high', 'ambiguity_note': ''}
[1164/1800] f6e43b68717b 147px ok 2.5s (2.8s/item avg, ~29 min left) {'ground_type': 'flat_field', 'shading_geometry': 'not_applicable', 'field_texture': 'smooth', 'enclosure': 'thin_border', 'confidence': 'high', 'ambiguity_note': ''}
[1165/1800] d8767320f854 482px ok 2.8s (2.8s/item avg, ~29 min left) {'ground_type': 'flat_field', 'shading_geometry': 'not_applicable', 'field_texture': 'smooth', 'enclosure': 'none', 'confidence': 'high', 'ambiguity_note': ''}
[1166/1800] d0e43b8fa079 147px ok 2.4s (2.8s/item avg, ~29 min left) {'ground_type': 'multiple_distinct_fields', 'shading_geometry': 'not_applicable', 'field_texture': 'smooth', 'enclosure': 'thin_border', 'confidence': 'high', 'ambiguity_note': ''}
[1167/1800] 16db93f0cb9e 700px ok 3.5s (2.8s/item avg, ~29 min left) {'ground_type': 'full_scene', 'shading_geometry': 'not_applicable', 'field_texture': 'smooth', 'enclosure': 'none', 'confidence': 'high', 'ambiguity_note': ''}
[1168/1800] abdd2df04922 482px ok 2.8s (2.8s/item avg, ~29 min left) {'ground_type': 'flat_field', 'shading_geometry': 'not_applicable', 'field_texture': 'smooth', 'enclosure': 'none', 'confidence': 'high', 'ambiguity_note': ''}
[1169/1800] 21a09023fd64 482px ok 3.0s (2.8s/item avg, ~29 min left) {'ground_type': 'flat_field', 'shading_geometry': 'not_applicable', 'field_texture': 'smooth', 'enclosure': 'none', 'confidence': 'high', 'ambiguity_note': ''}
[1170/1800] 244939ff948d 483px ok 3.1s (2.8s/item avg, ~29 min left) {'ground_type': 'flat_field', 'shading_geometry': 'not_applicable', 'field_texture': 'smooth', 'enclosure': 'thin_border', 'confidence': 'high', 'ambiguity_note': ''}
[1171/1800] bb120f2d7813 482px ok 3.0s (2.8s/item avg, ~29 min left) {'ground_type': 'flat_field', 'shading_geometry': 'not_applicable', 'field_texture': 'smooth', 'enclosure': 'none', 'confidence': 'high', 'ambiguity_note': ''}
[1172/1800] fcbe3c60804b 333px ok 2.4s (2.8s/item avg, ~29 min left) {'ground_type': 'flat_field', 'shading_geometry': 'not_applicable', 'field_texture': 'smooth', 'enclosure': 'none', 'confidence': 'high', 'ambiguity_note': ''}
[1173/1800] f0d8719de8e7 333px ok 2.5s (2.8s/item avg, ~29 min left) {'ground_type': 'flat_field', 'shading_geometry': 'not_applicable', 'field_texture': 'smooth', 'enclosure': 'none', 'confidence': 'high', 'ambiguity_note': ''}
[1174/1800] 08ba5be85188 332px ok 2.5s (2.8s/item avg, ~29 min left) {'ground_type': 'flat_field', 'shading_geometry': 'not_applicable', 'field_texture': 'smooth', 'enclosure': 'none', 'confidence': 'high', 'ambiguity_note': ''}
[1175/1800] 48c2e209baf5 483px ok 2.9s (2.8s/item avg, ~29 min left) {'ground_type': 'shaded_field', 'shading_geometry': 'radial_or_vignette', 'field_texture': 'one_textured_material', 'enclosure': 'none', 'confidence': 'high', 'ambiguity_note': ''}
[1176/1800] ea7e2ae9c5d5 147px ok 2.3s (2.8s/item avg, ~29 min left) {'ground_type': 'flat_field', 'shading_geometry': 'not_applicable', 'field_texture': 'smooth', 'enclosure': 'none', 'confidence': 'high', 'ambiguity_note': ''}
[1177/1800] 47b420288547 700px ok 3.6s (2.8s/item avg, ~29 min left) {'ground_type': 'shaded_field', 'shading_geometry': 'radial_or_vignette', 'field_texture': 'smooth', 'enclosure': 'none', 'confidence': 'high', 'ambiguity_note': ''}
[1178/1800] c9132d67fb5f 640px ok 3.3s (2.8s/item avg, ~29 min left) {'ground_type': 'full_scene', 'shading_geometry': 'not_applicable', 'field_texture': 'one_textured_material', 'enclosure': 'none', 'confidence': 'high', 'ambiguity_note': ''}
[1179/1800] 1f99a6b00ed0 147px ok 2.4s (2.8s/item avg, ~29 min left) {'ground_type': 'flat_field', 'shading_geometry': 'not_applicable', 'field_texture': 'smooth', 'enclosure': 'none', 'confidence': 'high', 'ambiguity_note': ''}
[1180/1800] dbfffd58b224 112px ok 2.4s (2.8s/item avg, ~29 min left) {'ground_type': 'full_scene', 'shading_geometry': 'not_applicable', 'field_texture': 'smooth', 'enclosure': 'none', 'confidence': 'high', 'ambiguity_note': ''}
[1181/1800] 75a7c16a155c 1082px ok 5.6s (2.8s/item avg, ~29 min left) {'ground_type': 'full_scene', 'shading_geometry': 'not_applicable', 'field_texture': 'smooth', 'enclosure': 'none', 'confidence': 'high', 'ambiguity_note': ''}
[1182/1800] c431b1397526 640px ok 3.2s (2.8s/item avg, ~29 min left) {'ground_type': 'flat_field', 'shading_geometry': 'not_applicable', 'field_texture': 'smooth', 'enclosure': 'none', 'confidence': 'high', 'ambiguity_note': ''}
[1183/1800] d36a9e61e776 700px ok 3.7s (2.8s/item avg, ~29 min left) {'ground_type': 'shaded_field', 'shading_geometry': 'radial_or_vignette', 'field_texture': 'one_textured_material', 'enclosure': 'none', 'confidence': 'high', 'ambiguity_note': ''}
[1184/1800] 99fdced08fd5 640px ok 3.3s (2.8s/item avg, ~29 min left) {'ground_type': 'full_scene', 'shading_geometry': 'not_applicable', 'field_texture': 'one_textured_material', 'enclosure': 'none', 'confidence': 'high', 'ambiguity_note': ''}
[1185/1800] 506e4c4521e0 640px ok 3.3s (2.8s/item avg, ~29 min left) {'ground_type': 'pattern_or_texture', 'shading_geometry': 'not_applicable', 'field_texture': 'distinct_areas', 'enclosure': 'none', 'confidence': 'high', 'ambiguity_note': ''}
[1186/1800] 1f2b9976fcc1 483px ok 2.9s (2.8s/item avg, ~29 min left) {'ground_type': 'flat_field', 'shading_geometry': 'not_applicable', 'field_texture': 'one_textured_material', 'enclosure': 'none', 'confidence': 'high', 'ambiguity_note': ''}
[1187/1800] 2a4ea1d0de4b 483px ok 2.9s (2.8s/item avg, ~28 min left) {'ground_type': 'flat_field', 'shading_geometry': 'not_applicable', 'field_texture': 'one_textured_material', 'enclosure': 'none', 'confidence': 'high', 'ambiguity_note': ''}
[1188/1800] 8a68065903e9 1082px ok 5.7s (2.8s/item avg, ~28 min left) {'ground_type': 'flat_field', 'shading_geometry': 'not_applicable', 'field_texture': 'smooth', 'enclosure': 'thick_frame_or_bars', 'confidence': 'high', 'ambiguity_note': ''}
[1189/1800] f942f26e8d58 483px ok 2.9s (2.8s/item avg, ~28 min left) {'ground_type': 'flat_field', 'shading_geometry': 'not_applicable', 'field_texture': 'smooth', 'enclosure': 'none', 'confidence': 'high', 'ambiguity_note': ''}
[1190/1800] 0d8aac2e49fa 112px ok 2.7s (2.8s/item avg, ~28 min left) {'ground_type': 'shaded_field', 'shading_geometry': 'radial_or_vignette', 'field_texture': 'one_textured_material', 'enclosure': 'thin_border', 'confidence': 'high', 'ambiguity_note': ''}
[1191/1800] d39a1d638f61 368px ok 2.6s (2.8s/item avg, ~28 min left) {'ground_type': 'pattern_or_texture', 'shading_geometry': 'not_applicable', 'field_texture': 'smooth', 'enclosure': 'none', 'confidence': 'high', 'ambiguity_note': ''}
[1192/1800] 652b3d490acf 700px ok 4.2s (2.8s/item avg, ~28 min left) {'ground_type': 'shaded_field', 'shading_geometry': 'radial_or_vignette', 'field_texture': 'smooth', 'enclosure': 'none', 'confidence': 'high', 'ambiguity_note': ''}
[1193/1800] d7c7e2b2b9bc 640px ok 3.8s (2.8s/item avg, ~28 min left) {'ground_type': 'multiple_distinct_fields', 'shading_geometry': 'not_applicable', 'field_texture': 'one_textured_material', 'enclosure': 'none', 'confidence': 'high', 'ambiguity_note': ''}
[1194/1800] 62b2338be36d 333px ok 2.7s (2.8s/item avg, ~28 min left) {'ground_type': 'multiple_distinct_fields', 'shading_geometry': 'not_applicable', 'field_texture': 'distinct_areas', 'enclosure': 'none', 'confidence': 'high', 'ambiguity_note': ''}
[1195/1800] a4fc6b04df10 1082px ok 5.8s (2.8s/item avg, ~28 min left) {'ground_type': 'flat_field', 'shading_geometry': 'not_applicable', 'field_texture': 'smooth', 'enclosure': 'thin_border', 'confidence': 'high', 'ambiguity_note': ''}
[1196/1800] 0a7519374d68 483px ok 3.7s (2.8s/item avg, ~28 min left) {'ground_type': 'full_scene', 'shading_geometry': 'not_applicable', 'field_texture': 'one_textured_material', 'enclosure': 'none', 'confidence': 'high', 'ambiguity_note': ''}
[1197/1800] 42849450cd21 147px ok 3.3s (2.8s/item avg, ~28 min left) {'ground_type': 'multiple_distinct_fields', 'shading_geometry': 'not_applicable', 'field_texture': 'distinct_areas', 'enclosure': 'none', 'confidence': 'high', 'ambiguity_note': ''}
[1198/1800] 924cd37ecb88 332px ok 2.5s (2.8s/item avg, ~28 min left) {'ground_type': 'flat_field', 'shading_geometry': 'not_applicable', 'field_texture': 'smooth', 'enclosure': 'none', 'confidence': 'high', 'ambiguity_note': ''}
[1199/1800] f335f5acae12 700px ok 3.8s (2.8s/item avg, ~28 min left) {'ground_type': 'shaded_field', 'shading_geometry': 'radial_or_vignette', 'field_texture': 'one_textured_material', 'enclosure': 'thin_border', 'confidence': 'high', 'ambiguity_note': ''}
[1200/1800] 16488e1cd1e6 147px ok 2.4s (2.8s/item avg, ~28 min left) {'ground_type': 'full_scene', 'shading_geometry': 'not_applicable', 'field_texture': 'smooth', 'enclosure': 'none', 'confidence': 'high', 'ambiguity_note': ''}
[1201/1800] bb9b3113d7cf 700px ok 3.9s (2.8s/item avg, ~28 min left) {'ground_type': 'shaded_field', 'shading_geometry': 'radial_or_vignette', 'field_texture': 'one_textured_material', 'enclosure': 'none', 'confidence': 'high', 'ambiguity_note': ''}
[1202/1800] c795040613ee 483px ok 3.0s (2.8s/item avg, ~28 min left) {'ground_type': 'full_scene', 'shading_geometry': 'not_applicable', 'field_texture': 'one_textured_material', 'enclosure': 'thin_border', 'confidence': 'high', 'ambiguity_note': ''}
[1203/1800] 4023fbec1f24 483px ok 3.0s (2.8s/item avg, ~28 min left) {'ground_type': 'multiple_distinct_fields', 'shading_geometry': 'not_applicable', 'field_texture': 'distinct_areas', 'enclosure': 'none', 'confidence': 'high', 'ambiguity_note': ''}
[1204/1800] 16488e1cd1e6 700px ok 3.6s (2.8s/item avg, ~28 min left) {'ground_type': 'full_scene', 'shading_geometry': 'not_applicable', 'field_texture': 'smooth', 'enclosure': 'none', 'confidence': 'high', 'ambiguity_note': ''}
[1205/1800] 2ab00e5fcb74 483px ok 3.1s (2.8s/item avg, ~28 min left) {'ground_type': 'flat_field', 'shading_geometry': 'not_applicable', 'field_texture': 'smooth', 'enclosure': 'thick_frame_or_bars', 'confidence': 'high', 'ambiguity_note': ''}
[1206/1800] bfc8fa5f53d6 112px ok 2.4s (2.8s/item avg, ~28 min left) {'ground_type': 'flat_field', 'shading_geometry': 'not_applicable', 'field_texture': 'smooth', 'enclosure': 'thin_border', 'confidence': 'high', 'ambiguity_note': ''}
[1207/1800] ab3547eeb61a 332px ok 2.6s (2.8s/item avg, ~28 min left) {'ground_type': 'full_scene', 'shading_geometry': 'not_applicable', 'field_texture': 'smooth', 'enclosure': 'none', 'confidence': 'high', 'ambiguity_note': ''}
[1208/1800] 6e3ac541454e 368px ok 2.7s (2.8s/item avg, ~28 min left) {'ground_type': 'full_scene', 'shading_geometry': 'not_applicable', 'field_texture': 'one_textured_material', 'enclosure': 'none', 'confidence': 'high', 'ambiguity_note': ''}
[1209/1800] 785fd2cdf858 333px ok 2.6s (2.8s/item avg, ~28 min left) {'ground_type': 'multiple_distinct_fields', 'shading_geometry': 'not_applicable', 'field_texture': 'distinct_areas', 'enclosure': 'none', 'confidence': 'high', 'ambiguity_note': ''}
[1210/1800] 785fd2cdf858 640px ok 3.4s (2.8s/item avg, ~28 min left) {'ground_type': 'multiple_distinct_fields', 'shading_geometry': 'not_applicable', 'field_texture': 'distinct_areas', 'enclosure': 'none', 'confidence': 'high', 'ambiguity_note': ''}
[1211/1800] a881b66f8786 147px ok 2.6s (2.8s/item avg, ~27 min left) {'ground_type': 'multiple_distinct_fields', 'shading_geometry': 'not_applicable', 'field_texture': 'distinct_areas', 'enclosure': 'none', 'confidence': 'high', 'ambiguity_note': ''}
[1212/1800] b24ad50dce60 333px ok 2.6s (2.8s/item avg, ~27 min left) {'ground_type': 'flat_field', 'shading_geometry': 'not_applicable', 'field_texture': 'smooth', 'enclosure': 'none', 'confidence': 'high', 'ambiguity_note': ''}
[1213/1800] ec8e773ef5f1 700px ok 3.7s (2.8s/item avg, ~27 min left) {'ground_type': 'flat_field', 'shading_geometry': 'not_applicable', 'field_texture': 'smooth', 'enclosure': 'none', 'confidence': 'high', 'ambiguity_note': ''}
[1214/1800] 017b500942de 147px ok 2.5s (2.8s/item avg, ~27 min left) {'ground_type': 'shaded_field', 'shading_geometry': 'radial_or_vignette', 'field_texture': 'smooth', 'enclosure': 'none', 'confidence': 'high', 'ambiguity_note': ''}
[1215/1800] 9c02231770b8 483px ok 2.9s (2.8s/item avg, ~27 min left) {'ground_type': 'flat_field', 'shading_geometry': 'not_applicable', 'field_texture': 'smooth', 'enclosure': 'none', 'confidence': 'high', 'ambiguity_note': ''}
[1216/1800] 3c44f3e4c5dd 700px ok 4.0s (2.8s/item avg, ~27 min left) {'ground_type': 'flat_field', 'shading_geometry': 'not_applicable', 'field_texture': 'smooth', 'enclosure': 'none', 'confidence': 'high', 'ambiguity_note': ''}
[1217/1800] 0ef2ef7fa08a 318px ok 2.5s (2.8s/item avg, ~27 min left) {'ground_type': 'full_scene', 'shading_geometry': 'not_applicable', 'field_texture': 'smooth', 'enclosure': 'none', 'confidence': 'high', 'ambiguity_note': ''}
[1218/1800] 38a2dd9e7da0 253px ok 2.5s (2.8s/item avg, ~27 min left) {'ground_type': 'flat_field', 'shading_geometry': 'not_applicable', 'field_texture': 'smooth', 'enclosure': 'none', 'confidence': 'high', 'ambiguity_note': ''}
[1219/1800] 9af062877f89 700px ok 3.5s (2.8s/item avg, ~27 min left) {'ground_type': 'full_scene', 'shading_geometry': 'not_applicable', 'field_texture': 'smooth', 'enclosure': 'none', 'confidence': 'high', 'ambiguity_note': ''}
[1220/1800] ebb9e554d37a 700px ok 3.7s (2.8s/item avg, ~27 min left) {'ground_type': 'shaded_field', 'shading_geometry': 'radial_or_vignette', 'field_texture': 'one_textured_material', 'enclosure': 'none', 'confidence': 'high', 'ambiguity_note': ''}
[1221/1800] ced19c35e7b1 147px ok 2.4s (2.8s/item avg, ~27 min left) {'ground_type': 'flat_field', 'shading_geometry': 'not_applicable', 'field_texture': 'smooth', 'enclosure': 'none', 'confidence': 'high', 'ambiguity_note': ''}
[1222/1800] 9a1efc2c33f8 332px ok 2.8s (2.8s/item avg, ~27 min left) {'ground_type': 'shaded_field', 'shading_geometry': 'radial_or_vignette', 'field_texture': 'one_textured_material', 'enclosure': 'thin_border', 'confidence': 'high', 'ambiguity_note': ''}
[1223/1800] 952266f24301 332px ok 2.6s (2.8s/item avg, ~27 min left) {'ground_type': 'full_scene', 'shading_geometry': 'not_applicable', 'field_texture': 'one_textured_material', 'enclosure': 'none', 'confidence': 'high', 'ambiguity_note': ''}
[1224/1800] 0d452cbfe724 160px ok 2.6s (2.8s/item avg, ~27 min left) {'ground_type': 'shaded_field', 'shading_geometry': 'radial_or_vignette', 'field_texture': 'one_textured_material', 'enclosure': 'thin_border', 'confidence': 'high', 'ambiguity_note': ''}
[1225/1800] 2ab00e5fcb74 318px ok 2.5s (2.8s/item avg, ~27 min left) {'ground_type': 'flat_field', 'shading_geometry': 'not_applicable', 'field_texture': 'smooth', 'enclosure': 'none', 'confidence': 'high', 'ambiguity_note': ''}
[1226/1800] 96b381397b78 640px ok 3.6s (2.8s/item avg, ~27 min left) {'ground_type': 'shaded_field', 'shading_geometry': 'radial_or_vignette', 'field_texture': 'smooth', 'enclosure': 'none', 'confidence': 'high', 'ambiguity_note': ''}
[1227/1800] 238b10cc602e 1440px ok 9.7s (2.8s/item avg, ~27 min left) {'ground_type': 'pattern_or_texture', 'shading_geometry': 'not_applicable', 'field_texture': 'one_textured_material', 'enclosure': 'none', 'confidence': 'high', 'ambiguity_note': ''}
[1228/1800] d76d845e33b9 332px ok 2.5s (2.8s/item avg, ~27 min left) {'ground_type': 'shaded_field', 'shading_geometry': 'linear', 'field_texture': 'smooth', 'enclosure': 'none', 'confidence': 'high', 'ambiguity_note': ''}
[1229/1800] 5d2d7dc2ba3a 332px ok 2.5s (2.8s/item avg, ~27 min left) {'ground_type': 'flat_field', 'shading_geometry': 'not_applicable', 'field_texture': 'smooth', 'enclosure': 'none', 'confidence': 'high', 'ambiguity_note': ''}
[1230/1800] 2035e93222ce 700px ok 3.6s (2.8s/item avg, ~27 min left) {'ground_type': 'flat_field', 'shading_geometry': 'not_applicable', 'field_texture': 'one_textured_material', 'enclosure': 'thin_border', 'confidence': 'high', 'ambiguity_note': ''}
[1231/1800] 0ef2ef7fa08a 368px ok 2.6s (2.8s/item avg, ~27 min left) {'ground_type': 'full_scene', 'shading_geometry': 'not_applicable', 'field_texture': 'smooth', 'enclosure': 'none', 'confidence': 'high', 'ambiguity_note': ''}
[1232/1800] dcd6b254205f 333px ok 2.5s (2.8s/item avg, ~27 min left) {'ground_type': 'flat_field', 'shading_geometry': 'not_applicable', 'field_texture': 'smooth', 'enclosure': 'none', 'confidence': 'high', 'ambiguity_note': ''}
[1233/1800] 96b381397b78 333px ok 2.6s (2.8s/item avg, ~27 min left) {'ground_type': 'shaded_field', 'shading_geometry': 'radial_or_vignette', 'field_texture': 'smooth', 'enclosure': 'none', 'confidence': 'high', 'ambiguity_note': ''}
[1234/1800] 08ba5be85188 333px ok 2.5s (2.8s/item avg, ~26 min left) {'ground_type': 'flat_field', 'shading_geometry': 'not_applicable', 'field_texture': 'smooth', 'enclosure': 'none', 'confidence': 'high', 'ambiguity_note': ''}
[1235/1800] b43b501342b0 147px ok 2.4s (2.8s/item avg, ~26 min left) {'ground_type': 'flat_field', 'shading_geometry': 'not_applicable', 'field_texture': 'smooth', 'enclosure': 'none', 'confidence': 'high', 'ambiguity_note': ''}
[1236/1800] 6df8d387afff 332px ok 2.7s (2.8s/item avg, ~26 min left) {'ground_type': 'shaded_field', 'shading_geometry': 'radial_or_vignette', 'field_texture': 'one_textured_material', 'enclosure': 'none', 'confidence': 'high', 'ambiguity_note': ''}
[1237/1800] 4a7578f0a976 112px ok 2.7s (2.8s/item avg, ~26 min left) {'ground_type': 'shaded_field', 'shading_geometry': 'radial_or_vignette', 'field_texture': 'one_textured_material', 'enclosure': 'thin_border', 'confidence': 'high', 'ambiguity_note': ''}
[1238/1800] e27cb8dc749f 2160px ok 24.8s (2.8s/item avg, ~26 min left) {'ground_type': 'shaded_field', 'shading_geometry': 'radial_or_vignette', 'field_texture': 'smooth', 'enclosure': 'none', 'confidence': 'high', 'ambiguity_note': ''}
[1239/1800] 05fd11332b1e 180px ok 2.6s (2.8s/item avg, ~26 min left) {'ground_type': 'flat_field', 'shading_geometry': 'not_applicable', 'field_texture': 'smooth', 'enclosure': 'thick_frame_or_bars', 'confidence': 'high', 'ambiguity_note': ''}
[1240/1800] 86482d6947b3 333px ok 2.7s (2.8s/item avg, ~26 min left) {'ground_type': 'flat_field', 'shading_geometry': 'not_applicable', 'field_texture': 'smooth', 'enclosure': 'none', 'confidence': 'high', 'ambiguity_note': ''}
[1241/1800] ea7e2ae9c5d5 700px ok 3.8s (2.8s/item avg, ~26 min left) {'ground_type': 'shaded_field', 'shading_geometry': 'radial_or_vignette', 'field_texture': 'smooth', 'enclosure': 'none', 'confidence': 'high', 'ambiguity_note': ''}
[1242/1800] 4a7578f0a976 318px ok 2.8s (2.8s/item avg, ~26 min left) {'ground_type': 'shaded_field', 'shading_geometry': 'radial_or_vignette', 'field_texture': 'one_textured_material', 'enclosure': 'thin_border', 'confidence': 'high', 'ambiguity_note': ''}
[1243/1800] 158a1915ee79 700px ok 3.6s (2.8s/item avg, ~26 min left) {'ground_type': 'flat_field', 'shading_geometry': 'not_applicable', 'field_texture': 'smooth', 'enclosure': 'none', 'confidence': 'high', 'ambiguity_note': ''}
[1244/1800] f21ec68e7809 147px ok 2.6s (2.8s/item avg, ~26 min left) {'ground_type': 'flat_field', 'shading_geometry': 'not_applicable', 'field_texture': 'smooth', 'enclosure': 'thin_border', 'confidence': 'high', 'ambiguity_note': ''}
[1245/1800] 38a2dd9e7da0 147px ok 2.4s (2.8s/item avg, ~26 min left) {'ground_type': 'flat_field', 'shading_geometry': 'not_applicable', 'field_texture': 'smooth', 'enclosure': 'none', 'confidence': 'high', 'ambiguity_note': ''}
[1246/1800] 862ae92add8a 147px ok 2.7s (2.8s/item avg, ~26 min left) {'ground_type': 'full_scene', 'shading_geometry': 'not_applicable', 'field_texture': 'smooth', 'enclosure': 'none', 'confidence': 'high', 'ambiguity_note': ''}
[1247/1800] 221675e27b7e 112px ok 2.6s (2.8s/item avg, ~26 min left) {'ground_type': 'full_scene', 'shading_geometry': 'not_applicable', 'field_texture': 'smooth', 'enclosure': 'none', 'confidence': 'high', 'ambiguity_note': ''}
[1248/1800] 31a2865223ad 640px ok 3.7s (2.8s/item avg, ~26 min left) {'ground_type': 'flat_field', 'shading_geometry': 'not_applicable', 'field_texture': 'smooth', 'enclosure': 'thick_frame_or_bars', 'confidence': 'high', 'ambiguity_note': ''}
[1249/1800] 257b37d24108 333px ok 2.6s (2.8s/item avg, ~26 min left) {'ground_type': 'full_scene', 'shading_geometry': 'not_applicable', 'field_texture': 'smooth', 'enclosure': 'none', 'confidence': 'high', 'ambiguity_note': ''}
[1250/1800] b6269d4f8e95 333px ok 2.6s (2.8s/item avg, ~26 min left) {'ground_type': 'flat_field', 'shading_geometry': 'not_applicable', 'field_texture': 'smooth', 'enclosure': 'none', 'confidence': 'high', 'ambiguity_note': ''}
[1251/1800] d76d845e33b9 483px ok 3.0s (2.8s/item avg, ~26 min left) {'ground_type': 'shaded_field', 'shading_geometry': 'linear', 'field_texture': 'one_textured_material', 'enclosure': 'none', 'confidence': 'high', 'ambiguity_note': ''}
[1252/1800] 97556e0daafe 640px ok 3.6s (2.8s/item avg, ~26 min left) {'ground_type': 'shaded_field', 'shading_geometry': 'radial_or_vignette', 'field_texture': 'one_textured_material', 'enclosure': 'thin_border', 'confidence': 'high', 'ambiguity_note': ''}
[1253/1800] c90cb65ca84c 333px ok 2.6s (2.8s/item avg, ~26 min left) {'ground_type': 'flat_field', 'shading_geometry': 'not_applicable', 'field_texture': 'smooth', 'enclosure': 'none', 'confidence': 'high', 'ambiguity_note': ''}
[1254/1800] 221675e27b7e 700px ok 3.7s (2.8s/item avg, ~26 min left) {'ground_type': 'full_scene', 'shading_geometry': 'not_applicable', 'field_texture': 'smooth', 'enclosure': 'none', 'confidence': 'high', 'ambiguity_note': ''}
[1255/1800] 3e7e55bd2a64 640px ok 3.4s (2.8s/item avg, ~26 min left) {'ground_type': 'shaded_field', 'shading_geometry': 'radial_or_vignette', 'field_texture': 'smooth', 'enclosure': 'none', 'confidence': 'high', 'ambiguity_note': ''}
[1256/1800] e9dfd732a0da 280px ok 2.5s (2.8s/item avg, ~26 min left) {'ground_type': 'flat_field', 'shading_geometry': 'not_applicable', 'field_texture': 'smooth', 'enclosure': 'none', 'confidence': 'high', 'ambiguity_note': ''}
[1257/1800] 8559fe9e6f57 332px ok 2.5s (2.8s/item avg, ~26 min left) {'ground_type': 'flat_field', 'shading_geometry': 'not_applicable', 'field_texture': 'smooth', 'enclosure': 'none', 'confidence': 'high', 'ambiguity_note': ''}
[1258/1800] 34824231fd2c 640px ok 3.3s (2.8s/item avg, ~26 min left) {'ground_type': 'flat_field', 'shading_geometry': 'not_applicable', 'field_texture': 'smooth', 'enclosure': 'none', 'confidence': 'high', 'ambiguity_note': ''}
[1259/1800] 383dbb474478 147px ok 2.5s (2.8s/item avg, ~25 min left) {'ground_type': 'full_scene', 'shading_geometry': 'not_applicable', 'field_texture': 'one_textured_material', 'enclosure': 'none', 'confidence': 'high', 'ambiguity_note': ''}
[1260/1800] d37067c46e2d 600px ok 3.3s (2.8s/item avg, ~25 min left) {'ground_type': 'multiple_distinct_fields', 'shading_geometry': 'not_applicable', 'field_texture': 'distinct_areas', 'enclosure': 'thin_border', 'confidence': 'high', 'ambiguity_note': ''}
[1261/1800] 0d8aac2e49fa 483px ok 3.2s (2.8s/item avg, ~25 min left) {'ground_type': 'shaded_field', 'shading_geometry': 'radial_or_vignette', 'field_texture': 'one_textured_material', 'enclosure': 'thin_border', 'confidence': 'high', 'ambiguity_note': ''}
[1262/1800] 6fb954fcface 483px ok 2.9s (2.8s/item avg, ~25 min left) {'ground_type': 'flat_field', 'shading_geometry': 'not_applicable', 'field_texture': 'smooth', 'enclosure': 'none', 'confidence': 'high', 'ambiguity_note': ''}
[1263/1800] ab6e02ea4200 700px ok 3.6s (2.8s/item avg, ~25 min left) {'ground_type': 'flat_field', 'shading_geometry': 'not_applicable', 'field_texture': 'smooth', 'enclosure': 'none', 'confidence': 'high', 'ambiguity_note': ''}
[1264/1800] 8e313854672a 482px ok 3.1s (2.8s/item avg, ~25 min left) {'ground_type': 'shaded_field', 'shading_geometry': 'radial_or_vignette', 'field_texture': 'one_textured_material', 'enclosure': 'none', 'confidence': 'high', 'ambiguity_note': ''}
[1265/1800] 017b500942de 300px ok 2.6s (2.8s/item avg, ~25 min left) {'ground_type': 'shaded_field', 'shading_geometry': 'radial_or_vignette', 'field_texture': 'smooth', 'enclosure': 'thin_border', 'confidence': 'high', 'ambiguity_note': ''}
[1266/1800] c251cd0825af 640px ok 3.4s (2.8s/item avg, ~25 min left) {'ground_type': 'full_scene', 'shading_geometry': 'not_applicable', 'field_texture': 'one_textured_material', 'enclosure': 'none', 'confidence': 'high', 'ambiguity_note': ''}
[1267/1800] f16b9facbba4 640px ok 3.6s (2.8s/item avg, ~25 min left) {'ground_type': 'full_scene', 'shading_geometry': 'not_applicable', 'field_texture': 'one_textured_material', 'enclosure': 'thick_frame_or_bars', 'confidence': 'high', 'ambiguity_note': ''}
[1268/1800] 191505fb4e14 253px ok 2.4s (2.8s/item avg, ~25 min left) {'ground_type': 'multiple_distinct_fields', 'shading_geometry': 'not_applicable', 'field_texture': 'distinct_areas', 'enclosure': 'none', 'confidence': 'high', 'ambiguity_note': ''}
[1269/1800] 85c31a52a86f 700px ok 3.7s (2.8s/item avg, ~25 min left) {'ground_type': 'flat_field', 'shading_geometry': 'not_applicable', 'field_texture': 'one_textured_material', 'enclosure': 'none', 'confidence': 'high', 'ambiguity_note': ''}
[1270/1800] 223404adc300 483px ok 3.0s (2.8s/item avg, ~25 min left) {'ground_type': 'multiple_distinct_fields', 'shading_geometry': 'not_applicable', 'field_texture': 'one_textured_material', 'enclosure': 'thin_border', 'confidence': 'high', 'ambiguity_note': ''}
[1271/1800] 8bf81338a085 700px ok 3.5s (2.8s/item avg, ~25 min left) {'ground_type': 'flat_field', 'shading_geometry': 'not_applicable', 'field_texture': 'smooth', 'enclosure': 'none', 'confidence': 'high', 'ambiguity_note': ''}
[1272/1800] 9ff0db7c5964 332px ok 2.6s (2.8s/item avg, ~25 min left) {'ground_type': 'flat_field', 'shading_geometry': 'not_applicable', 'field_texture': 'smooth', 'enclosure': 'thin_border', 'confidence': 'high', 'ambiguity_note': ''}
[1273/1800] df057020df1f 333px ok 2.5s (2.8s/item avg, ~25 min left) {'ground_type': 'flat_field', 'shading_geometry': 'not_applicable', 'field_texture': 'smooth', 'enclosure': 'none', 'confidence': 'high', 'ambiguity_note': ''}
[1274/1800] 307a9f001210 1444px ok 9.3s (2.8s/item avg, ~25 min left) {'ground_type': 'shaded_field', 'shading_geometry': 'radial_or_vignette', 'field_texture': 'one_textured_material', 'enclosure': 'none', 'confidence': 'high', 'ambiguity_note': ''}
[1275/1800] 3530fe30e288 483px ok 2.9s (2.8s/item avg, ~25 min left) {'ground_type': 'shaded_field', 'shading_geometry': 'radial_or_vignette', 'field_texture': 'smooth', 'enclosure': 'none', 'confidence': 'high', 'ambiguity_note': ''}
[1276/1800] 6e3ac541454e 332px ok 2.6s (2.8s/item avg, ~25 min left) {'ground_type': 'full_scene', 'shading_geometry': 'not_applicable', 'field_texture': 'one_textured_material', 'enclosure': 'none', 'confidence': 'high', 'ambiguity_note': ''}
[1277/1800] 133cc45381e0 332px ok 2.7s (2.8s/item avg, ~25 min left) {'ground_type': 'shaded_field', 'shading_geometry': 'radial_or_vignette', 'field_texture': 'one_textured_material', 'enclosure': 'none', 'confidence': 'high', 'ambiguity_note': ''}
[1278/1800] b624180080fd 483px ok 3.2s (2.8s/item avg, ~25 min left) {'ground_type': 'flat_field', 'shading_geometry': 'not_applicable', 'field_texture': 'smooth', 'enclosure': 'none', 'confidence': 'high', 'ambiguity_note': ''}
[1279/1800] 51a50170f4bd 300px ok 2.4s (2.8s/item avg, ~25 min left) {'ground_type': 'flat_field', 'shading_geometry': 'not_applicable', 'field_texture': 'smooth', 'enclosure': 'none', 'confidence': 'high', 'ambiguity_note': ''}
[1280/1800] 0d568904cdb4 483px ok 3.2s (2.8s/item avg, ~25 min left) {'ground_type': 'flat_field', 'shading_geometry': 'not_applicable', 'field_texture': 'smooth', 'enclosure': 'none', 'confidence': 'high', 'ambiguity_note': ''}
[1281/1800] 75efdc8312cc 332px ok 3.0s (2.8s/item avg, ~25 min left) {'ground_type': 'shaded_field', 'shading_geometry': 'radial_or_vignette', 'field_texture': 'one_textured_material', 'enclosure': 'thick_frame_or_bars', 'confidence': 'high', 'ambiguity_note': ''}
[1282/1800] 7c2d1d2d936b 483px ok 3.2s (2.8s/item avg, ~24 min left) {'ground_type': 'flat_field', 'shading_geometry': 'not_applicable', 'field_texture': 'one_textured_material', 'enclosure': 'none', 'confidence': 'high', 'ambiguity_note': ''}
[1283/1800] 31232794819b 112px ok 2.2s (2.8s/item avg, ~24 min left) {'ground_type': 'flat_field', 'shading_geometry': 'not_applicable', 'field_texture': 'smooth', 'enclosure': 'none', 'confidence': 'high', 'ambiguity_note': ''}
[1284/1800] 96a73f665b3b 147px ok 2.7s (2.8s/item avg, ~24 min left) {'ground_type': 'flat_field', 'shading_geometry': 'not_applicable', 'field_texture': 'smooth', 'enclosure': 'none', 'confidence': 'high', 'ambiguity_note': ''}
[1285/1800] 9dcba009d18e 700px ok 3.8s (2.8s/item avg, ~24 min left) {'ground_type': 'shaded_field', 'shading_geometry': 'radial_or_vignette', 'field_texture': 'smooth', 'enclosure': 'none', 'confidence': 'high', 'ambiguity_note': ''}
[1286/1800] ce42be3bb72a 332px ok 2.5s (2.8s/item avg, ~24 min left) {'ground_type': 'flat_field', 'shading_geometry': 'not_applicable', 'field_texture': 'smooth', 'enclosure': 'none', 'confidence': 'high', 'ambiguity_note': ''}
[1287/1800] 99fdced08fd5 147px ok 2.3s (2.8s/item avg, ~24 min left) {'ground_type': 'flat_field', 'shading_geometry': 'not_applicable', 'field_texture': 'one_textured_material', 'enclosure': 'none', 'confidence': 'high', 'ambiguity_note': ''}
[1288/1800] 952266f24301 112px ok 2.5s (2.8s/item avg, ~24 min left) {'ground_type': 'full_scene', 'shading_geometry': 'not_applicable', 'field_texture': 'one_textured_material', 'enclosure': 'none', 'confidence': 'high', 'ambiguity_note': ''}
[1289/1800] 967eabe51cbe 482px ok 3.3s (2.8s/item avg, ~24 min left) {'ground_type': 'shaded_field', 'shading_geometry': 'radial_or_vignette', 'field_texture': 'one_textured_material', 'enclosure': 'none', 'confidence': 'high', 'ambiguity_note': ''}
[1290/1800] 690170731ddc 333px ok 2.5s (2.8s/item avg, ~24 min left) {'ground_type': 'shaded_field', 'shading_geometry': 'radial_or_vignette', 'field_texture': 'smooth', 'enclosure': 'none', 'confidence': 'high', 'ambiguity_note': ''}
[1291/1800] 34b0f78d4048 483px ok 2.7s (2.8s/item avg, ~24 min left) {'ground_type': 'flat_field', 'shading_geometry': 'not_applicable', 'field_texture': 'smooth', 'enclosure': 'thin_border', 'confidence': 'high', 'ambiguity_note': ''}
[1292/1800] a940b2d8ff71 640px ok 3.2s (2.8s/item avg, ~24 min left) {'ground_type': 'flat_field', 'shading_geometry': 'not_applicable', 'field_texture': 'smooth', 'enclosure': 'none', 'confidence': 'high', 'ambiguity_note': ''}
[1293/1800] a377aeb35c90 500px ok 3.1s (2.8s/item avg, ~24 min left) {'ground_type': 'flat_field', 'shading_geometry': 'not_applicable', 'field_texture': 'smooth', 'enclosure': 'thick_frame_or_bars', 'confidence': 'high', 'ambiguity_note': ''}
[1294/1800] 0175812f4b54 147px ok 2.6s (2.8s/item avg, ~24 min left) {'ground_type': 'flat_field', 'shading_geometry': 'not_applicable', 'field_texture': 'smooth', 'enclosure': 'none', 'confidence': 'high', 'ambiguity_note': ''}
[1295/1800] b02750a2fdf6 483px ok 3.1s (2.8s/item avg, ~24 min left) {'ground_type': 'flat_field', 'shading_geometry': 'not_applicable', 'field_texture': 'smooth', 'enclosure': 'none', 'confidence': 'high', 'ambiguity_note': ''}
[1296/1800] 9f1626f3b6d7 700px ok 3.7s (2.8s/item avg, ~24 min left) {'ground_type': 'flat_field', 'shading_geometry': 'not_applicable', 'field_texture': 'smooth', 'enclosure': 'none', 'confidence': 'high', 'ambiguity_note': ''}
[1297/1800] 8e313854672a 147px ok 2.6s (2.8s/item avg, ~24 min left) {'ground_type': 'shaded_field', 'shading_geometry': 'radial_or_vignette', 'field_texture': 'one_textured_material', 'enclosure': 'none', 'confidence': 'high', 'ambiguity_note': ''}
[1298/1800] 7dfec6cccfa1 240px ok 2.5s (2.8s/item avg, ~24 min left) {'ground_type': 'flat_field', 'shading_geometry': 'not_applicable', 'field_texture': 'one_textured_material', 'enclosure': 'none', 'confidence': 'high', 'ambiguity_note': ''}
[1299/1800] 847f8262fd47 147px ok 2.3s (2.8s/item avg, ~24 min left) {'ground_type': 'flat_field', 'shading_geometry': 'not_applicable', 'field_texture': 'smooth', 'enclosure': 'none', 'confidence': 'high', 'ambiguity_note': ''}
[1300/1800] b11a43bb56a7 333px ok 2.4s (2.8s/item avg, ~24 min left) {'ground_type': 'full_scene', 'shading_geometry': 'not_applicable', 'field_texture': 'one_textured_material', 'enclosure': 'none', 'confidence': 'high', 'ambiguity_note': ''}
[1301/1800] 652b3d490acf 220px ok 3.2s (2.8s/item avg, ~24 min left) {'ground_type': 'flat_field', 'shading_geometry': 'not_applicable', 'field_texture': 'smooth', 'enclosure': 'none', 'confidence': 'high', 'ambiguity_note': ''}
[1302/1800] 2463421cc312 318px ok 2.9s (2.8s/item avg, ~24 min left) {'ground_type': 'shaded_field', 'shading_geometry': 'radial_or_vignette', 'field_texture': 'smooth', 'enclosure': 'none', 'confidence': 'high', 'ambiguity_note': ''}
[1303/1800] cdd4f96a94dd 640px ok 3.3s (2.8s/item avg, ~23 min left) {'ground_type': 'full_scene', 'shading_geometry': 'not_applicable', 'field_texture': 'smooth', 'enclosure': 'none', 'confidence': 'high', 'ambiguity_note': ''}
[1304/1800] 108135dfc671 332px ok 2.8s (2.8s/item avg, ~23 min left) {'ground_type': 'shaded_field', 'shading_geometry': 'radial_or_vignette', 'field_texture': 'one_textured_material', 'enclosure': 'thin_border', 'confidence': 'high', 'ambiguity_note': ''}
[1305/1800] f9b41cf998fb 333px ok 2.6s (2.8s/item avg, ~23 min left) {'ground_type': 'shaded_field', 'shading_geometry': 'radial_or_vignette', 'field_texture': 'one_textured_material', 'enclosure': 'none', 'confidence': 'high', 'ambiguity_note': ''}
[1306/1800] 268eeff49507 147px ok 2.3s (2.8s/item avg, ~23 min left) {'ground_type': 'flat_field', 'shading_geometry': 'not_applicable', 'field_texture': 'one_textured_material', 'enclosure': 'thick_frame_or_bars', 'confidence': 'high', 'ambiguity_note': ''}
[1307/1800] a86012aeeab0 640px ok 3.2s (2.8s/item avg, ~23 min left) {'ground_type': 'pattern_or_texture', 'shading_geometry': 'not_applicable', 'field_texture': 'one_textured_material', 'enclosure': 'none', 'confidence': 'high', 'ambiguity_note': ''}
[1308/1800] 2035e93222ce 147px ok 2.3s (2.8s/item avg, ~23 min left) {'ground_type': 'flat_field', 'shading_geometry': 'not_applicable', 'field_texture': 'one_textured_material', 'enclosure': 'none', 'confidence': 'high', 'ambiguity_note': ''}
[1309/1800] abdd2df04922 318px ok 2.4s (2.8s/item avg, ~23 min left) {'ground_type': 'flat_field', 'shading_geometry': 'not_applicable', 'field_texture': 'smooth', 'enclosure': 'none', 'confidence': 'high', 'ambiguity_note': ''}
[1310/1800] 652b3d490acf 695px ok 3.3s (2.8s/item avg, ~23 min left) {'ground_type': 'shaded_field', 'shading_geometry': 'radial_or_vignette', 'field_texture': 'smooth', 'enclosure': 'none', 'confidence': 'high', 'ambiguity_note': ''}
[1311/1800] 268eeff49507 483px ok 2.8s (2.8s/item avg, ~23 min left) {'ground_type': 'pattern_or_texture', 'shading_geometry': 'not_applicable', 'field_texture': 'one_textured_material', 'enclosure': 'thin_border', 'confidence': 'high', 'ambiguity_note': ''}
[1312/1800] fb1dffe79440 147px ok 2.3s (2.8s/item avg, ~23 min left) {'ground_type': 'multiple_distinct_fields', 'shading_geometry': 'not_applicable', 'field_texture': 'one_textured_material', 'enclosure': 'thick_frame_or_bars', 'confidence': 'high', 'ambiguity_note': ''}
[1313/1800] f21205c7ab80 483px ok 2.6s (2.8s/item avg, ~23 min left) {'ground_type': 'shaded_field', 'shading_geometry': 'radial_or_vignette', 'field_texture': 'smooth', 'enclosure': 'none', 'confidence': 'high', 'ambiguity_note': ''}
[1314/1800] 952266f24301 147px ok 2.2s (2.8s/item avg, ~23 min left) {'ground_type': 'full_scene', 'shading_geometry': 'not_applicable', 'field_texture': 'one_textured_material', 'enclosure': 'none', 'confidence': 'high', 'ambiguity_note': ''}
[1315/1800] 99fdced08fd5 483px ok 2.5s (2.8s/item avg, ~23 min left) {'ground_type': 'flat_field', 'shading_geometry': 'not_applicable', 'field_texture': 'one_textured_material', 'enclosure': 'none', 'confidence': 'high', 'ambiguity_note': ''}
[1316/1800] 86482d6947b3 332px ok 2.2s (2.8s/item avg, ~23 min left) {'ground_type': 'flat_field', 'shading_geometry': 'not_applicable', 'field_texture': 'smooth', 'enclosure': 'thin_border', 'confidence': 'high', 'ambiguity_note': ''}
[1317/1800] 652b3d490acf 700px ok 3.2s (2.8s/item avg, ~23 min left) {'ground_type': 'shaded_field', 'shading_geometry': 'radial_or_vignette', 'field_texture': 'smooth', 'enclosure': 'none', 'confidence': 'high', 'ambiguity_note': ''}
[1318/1800] 3c8a7ed0cccb 332px ok 2.3s (2.8s/item avg, ~23 min left) {'ground_type': 'multiple_distinct_fields', 'shading_geometry': 'not_applicable', 'field_texture': 'one_textured_material', 'enclosure': 'none', 'confidence': 'high', 'ambiguity_note': ''}
[1319/1800] 5d69fb1bfbb6 333px ok 2.3s (2.8s/item avg, ~23 min left) {'ground_type': 'full_scene', 'shading_geometry': 'not_applicable', 'field_texture': 'smooth', 'enclosure': 'none', 'confidence': 'high', 'ambiguity_note': ''}
[1320/1800] b0c952d5c8f4 147px ok 2.2s (2.8s/item avg, ~23 min left) {'ground_type': 'full_scene', 'shading_geometry': 'not_applicable', 'field_texture': 'distinct_areas', 'enclosure': 'none', 'confidence': 'high', 'ambiguity_note': ''}
[1321/1800] 7ac6bebcc9a9 300px ok 2.1s (2.8s/item avg, ~23 min left) {'ground_type': 'full_scene', 'shading_geometry': 'not_applicable', 'field_texture': 'smooth', 'enclosure': 'none', 'confidence': 'high', 'ambiguity_note': ''}
[1322/1800] d8767320f854 147px ok 2.1s (2.8s/item avg, ~23 min left) {'ground_type': 'flat_field', 'shading_geometry': 'not_applicable', 'field_texture': 'smooth', 'enclosure': 'none', 'confidence': 'high', 'ambiguity_note': ''}
[1323/1800] 0a7519374d68 147px ok 2.1s (2.8s/item avg, ~23 min left) {'ground_type': 'flat_field', 'shading_geometry': 'not_applicable', 'field_texture': 'smooth', 'enclosure': 'none', 'confidence': 'high', 'ambiguity_note': ''}
[1324/1800] 625469555439 147px ok 2.1s (2.8s/item avg, ~22 min left) {'ground_type': 'full_scene', 'shading_geometry': 'not_applicable', 'field_texture': 'smooth', 'enclosure': 'none', 'confidence': 'high', 'ambiguity_note': ''}
[1325/1800] 7c2d1d2d936b 147px ok 2.1s (2.8s/item avg, ~22 min left) {'ground_type': 'flat_field', 'shading_geometry': 'not_applicable', 'field_texture': 'one_textured_material', 'enclosure': 'none', 'confidence': 'high', 'ambiguity_note': ''}
[1326/1800] 75a7c16a155c 483px ok 2.7s (2.8s/item avg, ~22 min left) {'ground_type': 'full_scene', 'shading_geometry': 'not_applicable', 'field_texture': 'smooth', 'enclosure': 'none', 'confidence': 'high', 'ambiguity_note': ''}
[1327/1800] a42050e1b043 700px ok 3.2s (2.8s/item avg, ~22 min left) {'ground_type': 'flat_field', 'shading_geometry': 'not_applicable', 'field_texture': 'one_textured_material', 'enclosure': 'none', 'confidence': 'high', 'ambiguity_note': ''}
[1328/1800] 2eac7e11f364 700px ok 3.2s (2.8s/item avg, ~22 min left) {'ground_type': 'shaded_field', 'shading_geometry': 'radial_or_vignette', 'field_texture': 'one_textured_material', 'enclosure': 'none', 'confidence': 'high', 'ambiguity_note': ''}
[1329/1800] 2f873801e960 147px ok 2.2s (2.8s/item avg, ~22 min left) {'ground_type': 'shaded_field', 'shading_geometry': 'radial_or_vignette', 'field_texture': 'smooth', 'enclosure': 'none', 'confidence': 'high', 'ambiguity_note': ''}
[1330/1800] e6be76262660 700px ok 3.8s (2.8s/item avg, ~22 min left) {'ground_type': 'shaded_field', 'shading_geometry': 'not_applicable', 'field_texture': 'one_textured_material', 'enclosure': 'none', 'confidence': 'high', 'ambiguity_note': ''}
[1331/1800] 2a89f5b9de8e 640px ok 3.4s (2.8s/item avg, ~22 min left) {'ground_type': 'shaded_field', 'shading_geometry': 'radial_or_vignette', 'field_texture': 'smooth', 'enclosure': 'none', 'confidence': 'high', 'ambiguity_note': ''}
[1332/1800] cdd4f96a94dd 368px ok 2.3s (2.8s/item avg, ~22 min left) {'ground_type': 'flat_field', 'shading_geometry': 'not_applicable', 'field_texture': 'smooth', 'enclosure': 'none', 'confidence': 'high', 'ambiguity_note': ''}
[1333/1800] e7791800399b 482px ok 2.6s (2.8s/item avg, ~22 min left) {'ground_type': 'shaded_field', 'shading_geometry': 'radial_or_vignette', 'field_texture': 'smooth', 'enclosure': 'none', 'confidence': 'high', 'ambiguity_note': ''}
[1334/1800] b985b4688dc1 333px ok 2.1s (2.8s/item avg, ~22 min left) {'ground_type': 'flat_field', 'shading_geometry': 'not_applicable', 'field_texture': 'smooth', 'enclosure': 'none', 'confidence': 'high', 'ambiguity_note': ''}
[1335/1800] 494259de1858 333px ok 2.2s (2.8s/item avg, ~22 min left) {'ground_type': 'flat_field', 'shading_geometry': 'not_applicable', 'field_texture': 'smooth', 'enclosure': 'none', 'confidence': 'high', 'ambiguity_note': ''}
[1336/1800] 4b8ff6f32df3 253px ok 2.1s (2.8s/item avg, ~22 min left) {'ground_type': 'full_scene', 'shading_geometry': 'not_applicable', 'field_texture': 'one_textured_material', 'enclosure': 'none', 'confidence': 'high', 'ambiguity_note': ''}
[1337/1800] 1f2b9976fcc1 640px ok 3.0s (2.8s/item avg, ~22 min left) {'ground_type': 'flat_field', 'shading_geometry': 'not_applicable', 'field_texture': 'smooth', 'enclosure': 'none', 'confidence': 'high', 'ambiguity_note': ''}
[1338/1800] e6be76262660 332px ok 2.3s (2.8s/item avg, ~22 min left) {'ground_type': 'shaded_field', 'shading_geometry': 'radial_or_vignette', 'field_texture': 'one_textured_material', 'enclosure': 'none', 'confidence': 'high', 'ambiguity_note': ''}
[1339/1800] 40fc5c79e778 333px ok 2.1s (2.8s/item avg, ~22 min left) {'ground_type': 'flat_field', 'shading_geometry': 'not_applicable', 'field_texture': 'smooth', 'enclosure': 'none', 'confidence': 'high', 'ambiguity_note': ''}
[1340/1800] d94dfeacb728 483px ok 2.5s (2.8s/item avg, ~22 min left) {'ground_type': 'shaded_field', 'shading_geometry': 'radial_or_vignette', 'field_texture': 'one_textured_material', 'enclosure': 'none', 'confidence': 'high', 'ambiguity_note': ''}
[1341/1800] 0119c5e4b168 320px ok 2.2s (2.8s/item avg, ~22 min left) {'ground_type': 'shaded_field', 'shading_geometry': 'radial_or_vignette', 'field_texture': 'smooth', 'enclosure': 'none', 'confidence': 'high', 'ambiguity_note': ''}
[1342/1800] 8e313854672a 333px ok 2.3s (2.8s/item avg, ~22 min left) {'ground_type': 'shaded_field', 'shading_geometry': 'radial_or_vignette', 'field_texture': 'one_textured_material', 'enclosure': 'none', 'confidence': 'high', 'ambiguity_note': ''}
[1343/1800] 0d053af380d2 147px ok 2.0s (2.8s/item avg, ~22 min left) {'ground_type': 'flat_field', 'shading_geometry': 'not_applicable', 'field_texture': 'smooth', 'enclosure': 'none', 'confidence': 'high', 'ambiguity_note': ''}
[1344/1800] d8767320f854 640px ok 2.7s (2.8s/item avg, ~21 min left) {'ground_type': 'flat_field', 'shading_geometry': 'not_applicable', 'field_texture': 'smooth', 'enclosure': 'none', 'confidence': 'high', 'ambiguity_note': ''}
[1345/1800] a2a0e2c51bc9 253px ok 2.1s (2.8s/item avg, ~21 min left) {'ground_type': 'multiple_distinct_fields', 'shading_geometry': 'not_applicable', 'field_texture': 'distinct_areas', 'enclosure': 'none', 'confidence': 'high', 'ambiguity_note': ''}
[1346/1800] 48c2e209baf5 147px ok 2.0s (2.8s/item avg, ~21 min left) {'ground_type': 'full_scene', 'shading_geometry': 'not_applicable', 'field_texture': 'smooth', 'enclosure': 'none', 'confidence': 'high', 'ambiguity_note': ''}
[1347/1800] 0740e26cf605 640px ok 2.9s (2.8s/item avg, ~21 min left) {'ground_type': 'shaded_field', 'shading_geometry': 'radial_or_vignette', 'field_texture': 'one_textured_material', 'enclosure': 'thick_frame_or_bars', 'confidence': 'high', 'ambiguity_note': ''}
[1348/1800] 1d95907f37df 640px ok 2.9s (2.8s/item avg, ~21 min left) {'ground_type': 'full_scene', 'shading_geometry': 'not_applicable', 'field_texture': 'one_textured_material', 'enclosure': 'thick_frame_or_bars', 'confidence': 'high', 'ambiguity_note': ''}
[1349/1800] 2463421cc312 640px ok 2.8s (2.8s/item avg, ~21 min left) {'ground_type': 'shaded_field', 'shading_geometry': 'radial_or_vignette', 'field_texture': 'smooth', 'enclosure': 'none', 'confidence': 'high', 'ambiguity_note': ''}
[1350/1800] 8e313854672a 253px ok 2.1s (2.8s/item avg, ~21 min left) {'ground_type': 'shaded_field', 'shading_geometry': 'radial_or_vignette', 'field_texture': 'one_textured_material', 'enclosure': 'none', 'confidence': 'high', 'ambiguity_note': ''}
[1351/1800] 853322ae0fe1 333px ok 2.1s (2.8s/item avg, ~21 min left) {'ground_type': 'flat_field', 'shading_geometry': 'not_applicable', 'field_texture': 'smooth', 'enclosure': 'none', 'confidence': 'high', 'ambiguity_note': ''}
[1352/1800] 21a09023fd64 147px ok 1.9s (2.8s/item avg, ~21 min left) {'ground_type': 'flat_field', 'shading_geometry': 'not_applicable', 'field_texture': 'smooth', 'enclosure': 'none', 'confidence': 'high', 'ambiguity_note': ''}
[1353/1800] ecd147cfb04d 112px ok 1.9s (2.8s/item avg, ~21 min left) {'ground_type': 'flat_field', 'shading_geometry': 'not_applicable', 'field_texture': 'smooth', 'enclosure': 'none', 'confidence': 'high', 'ambiguity_note': ''}
[1354/1800] 857823f0b8ba 112px ok 2.0s (2.8s/item avg, ~21 min left) {'ground_type': 'flat_field', 'shading_geometry': 'not_applicable', 'field_texture': 'smooth', 'enclosure': 'thin_border', 'confidence': 'high', 'ambiguity_note': ''}
[1355/1800] d37067c46e2d 147px ok 2.0s (2.8s/item avg, ~21 min left) {'ground_type': 'full_scene', 'shading_geometry': 'not_applicable', 'field_texture': 'distinct_areas', 'enclosure': 'none', 'confidence': 'high', 'ambiguity_note': ''}
[1356/1800] 6605c1b23d35 333px ok 2.0s (2.8s/item avg, ~21 min left) {'ground_type': 'flat_field', 'shading_geometry': 'not_applicable', 'field_texture': 'smooth', 'enclosure': 'none', 'confidence': 'high', 'ambiguity_note': ''}
[1357/1800] 99fdced08fd5 333px ok 2.2s (2.8s/item avg, ~21 min left) {'ground_type': 'flat_field', 'shading_geometry': 'not_applicable', 'field_texture': 'one_textured_material', 'enclosure': 'none', 'confidence': 'high', 'ambiguity_note': ''}
[1358/1800] d7c7e2b2b9bc 112px ok 2.0s (2.8s/item avg, ~21 min left) {'ground_type': 'multiple_distinct_fields', 'shading_geometry': 'not_applicable', 'field_texture': 'distinct_areas', 'enclosure': 'none', 'confidence': 'high', 'ambiguity_note': ''}
[1359/1800] 9ff0db7c5964 333px ok 2.1s (2.8s/item avg, ~21 min left) {'ground_type': 'flat_field', 'shading_geometry': 'not_applicable', 'field_texture': 'one_textured_material', 'enclosure': 'thin_border', 'confidence': 'high', 'ambiguity_note': ''}
[1360/1800] c9fbb83c728d 640px ok 2.6s (2.8s/item avg, ~21 min left) {'ground_type': 'full_scene', 'shading_geometry': 'not_applicable', 'field_texture': 'smooth', 'enclosure': 'none', 'confidence': 'high', 'ambiguity_note': ''}
[1361/1800] 5f5af7675505 147px ok 2.0s (2.8s/item avg, ~21 min left) {'ground_type': 'shaded_field', 'shading_geometry': 'radial_or_vignette', 'field_texture': 'smooth', 'enclosure': 'none', 'confidence': 'high', 'ambiguity_note': ''}
[1362/1800] b031a3fed3c7 500px ok 2.5s (2.8s/item avg, ~21 min left) {'ground_type': 'full_scene', 'shading_geometry': 'not_applicable', 'field_texture': 'smooth', 'enclosure': 'thick_frame_or_bars', 'confidence': 'high', 'ambiguity_note': ''}
[1363/1800] 9c44f2accbca 147px ok 2.1s (2.8s/item avg, ~21 min left) {'ground_type': 'flat_field', 'shading_geometry': 'not_applicable', 'field_texture': 'smooth', 'enclosure': 'thick_frame_or_bars', 'confidence': 'high', 'ambiguity_note': ''}
[1364/1800] 4797127edffd 700px ok 2.9s (2.8s/item avg, ~20 min left) {'ground_type': 'full_scene', 'shading_geometry': 'not_applicable', 'field_texture': 'smooth', 'enclosure': 'none', 'confidence': 'high', 'ambiguity_note': ''}
[1365/1800] e4cb53c56818 147px ok 1.9s (2.8s/item avg, ~20 min left) {'ground_type': 'flat_field', 'shading_geometry': 'not_applicable', 'field_texture': 'smooth', 'enclosure': 'none', 'confidence': 'high', 'ambiguity_note': ''}
[1366/1800] 16db93f0cb9e 333px ok 2.0s (2.8s/item avg, ~20 min left) {'ground_type': 'full_scene', 'shading_geometry': 'not_applicable', 'field_texture': 'smooth', 'enclosure': 'none', 'confidence': 'high', 'ambiguity_note': ''}
[1367/1800] 33577313db38 483px ok 2.3s (2.8s/item avg, ~20 min left) {'ground_type': 'flat_field', 'shading_geometry': 'not_applicable', 'field_texture': 'smooth', 'enclosure': 'none', 'confidence': 'high', 'ambiguity_note': ''}
[1368/1800] 1c2ec13e761c 700px ok 3.1s (2.8s/item avg, ~20 min left) {'ground_type': 'shaded_field', 'shading_geometry': 'radial_or_vignette', 'field_texture': 'one_textured_material', 'enclosure': 'thin_border', 'confidence': 'high', 'ambiguity_note': ''}
[1369/1800] 54e0a421a2b4 368px ok 2.2s (2.8s/item avg, ~20 min left) {'ground_type': 'shaded_field', 'shading_geometry': 'radial_or_vignette', 'field_texture': 'one_textured_material', 'enclosure': 'thin_border', 'confidence': 'high', 'ambiguity_note': ''}
[1370/1800] 747bf7d9d82c 640px ok 2.7s (2.8s/item avg, ~20 min left) {'ground_type': 'flat_field', 'shading_geometry': 'not_applicable', 'field_texture': 'smooth', 'enclosure': 'thin_border', 'confidence': 'high', 'ambiguity_note': ''}
[1371/1800] bfc8fa5f53d6 482px ok 2.3s (2.8s/item avg, ~20 min left) {'ground_type': 'flat_field', 'shading_geometry': 'not_applicable', 'field_texture': 'smooth', 'enclosure': 'none', 'confidence': 'high', 'ambiguity_note': ''}
[1372/1800] 72dd0edffff9 482px ok 2.4s (2.8s/item avg, ~20 min left) {'ground_type': 'multiple_distinct_fields', 'shading_geometry': 'not_applicable', 'field_texture': 'distinct_areas', 'enclosure': 'none', 'confidence': 'high', 'ambiguity_note': ''}
[1373/1800] 41ac32e4da76 640px ok 2.9s (2.8s/item avg, ~20 min left) {'ground_type': 'flat_field', 'shading_geometry': 'not_applicable', 'field_texture': 'one_textured_material', 'enclosure': 'none', 'confidence': 'high', 'ambiguity_note': ''}
[1374/1800] f9b41cf998fb 147px ok 2.1s (2.8s/item avg, ~20 min left) {'ground_type': 'shaded_field', 'shading_geometry': 'radial_or_vignette', 'field_texture': 'one_textured_material', 'enclosure': 'none', 'confidence': 'high', 'ambiguity_note': ''}
[1375/1800] 5ec2144c9919 253px ok 2.1s (2.8s/item avg, ~20 min left) {'ground_type': 'flat_field', 'shading_geometry': 'not_applicable', 'field_texture': 'one_textured_material', 'enclosure': 'none', 'confidence': 'high', 'ambiguity_note': ''}
[1376/1800] 0f2af71d76af 482px ok 2.5s (2.8s/item avg, ~20 min left) {'ground_type': 'pattern_or_texture', 'shading_geometry': 'not_applicable', 'field_texture': 'distinct_areas', 'enclosure': 'thin_border', 'confidence': 'high', 'ambiguity_note': ''}
[1377/1800] 4023fbec1f24 640px ok 2.8s (2.8s/item avg, ~20 min left) {'ground_type': 'multiple_distinct_fields', 'shading_geometry': 'not_applicable', 'field_texture': 'distinct_areas', 'enclosure': 'none', 'confidence': 'high', 'ambiguity_note': ''}
[1378/1800] ab5700cb7064 700px ok 2.9s (2.8s/item avg, ~20 min left) {'ground_type': 'pattern_or_texture', 'shading_geometry': 'not_applicable', 'field_texture': 'one_textured_material', 'enclosure': 'none', 'confidence': 'high', 'ambiguity_note': ''}
[1379/1800] 6fb82b1b3ff4 253px ok 2.1s (2.8s/item avg, ~20 min left) {'ground_type': 'flat_field', 'shading_geometry': 'not_applicable', 'field_texture': 'smooth', 'enclosure': 'none', 'confidence': 'high', 'ambiguity_note': ''}
[1380/1800] c12b1e16c0d3 333px ok 2.0s (2.8s/item avg, ~20 min left) {'ground_type': 'flat_field', 'shading_geometry': 'not_applicable', 'field_texture': 'smooth', 'enclosure': 'none', 'confidence': 'high', 'ambiguity_note': ''}
[1381/1800] b2d5f19d4d18 333px ok 2.2s (2.8s/item avg, ~20 min left) {'ground_type': 'shaded_field', 'shading_geometry': 'radial_or_vignette', 'field_texture': 'one_textured_material', 'enclosure': 'none', 'confidence': 'high', 'ambiguity_note': ''}
[1382/1800] 31a2865223ad 640px ok 2.8s (2.8s/item avg, ~20 min left) {'ground_type': 'flat_field', 'shading_geometry': 'not_applicable', 'field_texture': 'smooth', 'enclosure': 'thick_frame_or_bars', 'confidence': 'high', 'ambiguity_note': ''}
[1383/1800] 09cedae73223 700px ok 2.9s (2.8s/item avg, ~20 min left) {'ground_type': 'shaded_field', 'shading_geometry': 'radial_or_vignette', 'field_texture': 'smooth', 'enclosure': 'none', 'confidence': 'high', 'ambiguity_note': ''}
[1384/1800] 9af062877f89 482px ok 2.6s (2.8s/item avg, ~20 min left) {'ground_type': 'full_scene', 'shading_geometry': 'not_applicable', 'field_texture': 'smooth', 'enclosure': 'thin_border', 'confidence': 'high', 'ambiguity_note': ''}
[1385/1800] fda547c58900 112px ok 2.0s (2.8s/item avg, ~19 min left) {'ground_type': 'flat_field', 'shading_geometry': 'not_applicable', 'field_texture': 'smooth', 'enclosure': 'none', 'confidence': 'high', 'ambiguity_note': ''}
[1386/1800] 3b899c9447c7 147px ok 2.1s (2.8s/item avg, ~19 min left) {'ground_type': 'full_scene', 'shading_geometry': 'not_applicable', 'field_texture': 'one_textured_material', 'enclosure': 'none', 'confidence': 'high', 'ambiguity_note': ''}
[1387/1800] e8b71e9a6168 147px ok 2.1s (2.8s/item avg, ~19 min left) {'ground_type': 'shaded_field', 'shading_geometry': 'radial_or_vignette', 'field_texture': 'one_textured_material', 'enclosure': 'thin_border', 'confidence': 'high', 'ambiguity_note': ''}
[1388/1800] 0a05f39989af 332px ok 2.2s (2.8s/item avg, ~19 min left) {'ground_type': 'flat_field', 'shading_geometry': 'not_applicable', 'field_texture': 'one_textured_material', 'enclosure': 'none', 'confidence': 'high', 'ambiguity_note': ''}
[1389/1800] e0fd26830dec 333px ok 2.2s (2.8s/item avg, ~19 min left) {'ground_type': 'flat_field', 'shading_geometry': 'not_applicable', 'field_texture': 'smooth', 'enclosure': 'none', 'confidence': 'high', 'ambiguity_note': ''}
[1390/1800] 5fc5bb0c9b88 700px ok 3.2s (2.8s/item avg, ~19 min left) {'ground_type': 'shaded_field', 'shading_geometry': 'radial_or_vignette', 'field_texture': 'one_textured_material', 'enclosure': 'none', 'confidence': 'high', 'ambiguity_note': ''}
[1391/1800] c431b1397526 147px ok 2.0s (2.8s/item avg, ~19 min left) {'ground_type': 'flat_field', 'shading_geometry': 'not_applicable', 'field_texture': 'smooth', 'enclosure': 'none', 'confidence': 'high', 'ambiguity_note': ''}
[1392/1800] 879ce3e0e75a 640px ok 2.9s (2.8s/item avg, ~19 min left) {'ground_type': 'shaded_field', 'shading_geometry': 'radial_or_vignette', 'field_texture': 'smooth', 'enclosure': 'none', 'confidence': 'high', 'ambiguity_note': ''}
[1393/1800] 221675e27b7e 147px ok 2.1s (2.8s/item avg, ~19 min left) {'ground_type': 'full_scene', 'shading_geometry': 'not_applicable', 'field_texture': 'smooth', 'enclosure': 'none', 'confidence': 'high', 'ambiguity_note': ''}
[1394/1800] 86482d6947b3 147px ok 2.1s (2.8s/item avg, ~19 min left) {'ground_type': 'flat_field', 'shading_geometry': 'not_applicable', 'field_texture': 'smooth', 'enclosure': 'thin_border', 'confidence': 'high', 'ambiguity_note': ''}
[1395/1800] 04ca1fc38f07 640px ok 2.9s (2.8s/item avg, ~19 min left) {'ground_type': 'full_scene', 'shading_geometry': 'not_applicable', 'field_texture': 'one_textured_material', 'enclosure': 'none', 'confidence': 'high', 'ambiguity_note': ''}
[1396/1800] b4a18636207b 147px ok 2.2s (2.8s/item avg, ~19 min left) {'ground_type': 'flat_field', 'shading_geometry': 'not_applicable', 'field_texture': 'smooth', 'enclosure': 'thin_border', 'confidence': 'high', 'ambiguity_note': ''}
[1397/1800] d9290c57b7ff 483px ok 2.5s (2.8s/item avg, ~19 min left) {'ground_type': 'pattern_or_texture', 'shading_geometry': 'not_applicable', 'field_texture': 'distinct_areas', 'enclosure': 'none', 'confidence': 'high', 'ambiguity_note': ''}
[1398/1800] e27cb8dc749f 482px ok 2.5s (2.8s/item avg, ~19 min left) {'ground_type': 'shaded_field', 'shading_geometry': 'radial_or_vignette', 'field_texture': 'smooth', 'enclosure': 'none', 'confidence': 'high', 'ambiguity_note': ''}
[1399/1800] 952266f24301 700px ok 3.2s (2.8s/item avg, ~19 min left) {'ground_type': 'full_scene', 'shading_geometry': 'not_applicable', 'field_texture': 'one_textured_material', 'enclosure': 'none', 'confidence': 'high', 'ambiguity_note': ''}
[1400/1800] bb9b3113d7cf 483px ok 2.6s (2.8s/item avg, ~19 min left) {'ground_type': 'shaded_field', 'shading_geometry': 'radial_or_vignette', 'field_texture': 'one_textured_material', 'enclosure': 'none', 'confidence': 'high', 'ambiguity_note': ''}
[1401/1800] a872b00760da 700px ok 3.2s (2.8s/item avg, ~19 min left) {'ground_type': 'flat_field', 'shading_geometry': 'not_applicable', 'field_texture': 'one_textured_material', 'enclosure': 'none', 'confidence': 'high', 'ambiguity_note': ''}
[1402/1800] 6e3ac541454e 147px ok 2.3s (2.8s/item avg, ~19 min left) {'ground_type': 'full_scene', 'shading_geometry': 'not_applicable', 'field_texture': 'one_textured_material', 'enclosure': 'none', 'confidence': 'high', 'ambiguity_note': ''}
[1403/1800] bd639210cfc7 147px ok 2.4s (2.8s/item avg, ~19 min left) {'ground_type': 'shaded_field', 'shading_geometry': 'radial_or_vignette', 'field_texture': 'one_textured_material', 'enclosure': 'none', 'confidence': 'high', 'ambiguity_note': ''}
[1404/1800] 94c63c5fdd70 640px ok 3.0s (2.8s/item avg, ~19 min left) {'ground_type': 'flat_field', 'shading_geometry': 'not_applicable', 'field_texture': 'one_textured_material', 'enclosure': 'thin_border', 'confidence': 'high', 'ambiguity_note': ''}
[1405/1800] f473c90240c6 147px ok 2.1s (2.8s/item avg, ~18 min left) {'ground_type': 'flat_field', 'shading_geometry': 'not_applicable', 'field_texture': 'smooth', 'enclosure': 'thick_frame_or_bars', 'confidence': 'high', 'ambiguity_note': ''}
[1406/1800] c4aed9dadecc 700px ok 2.9s (2.8s/item avg, ~18 min left) {'ground_type': 'full_scene', 'shading_geometry': 'not_applicable', 'field_texture': 'one_textured_material', 'enclosure': 'none', 'confidence': 'high', 'ambiguity_note': ''}
[1407/1800] 41ad4095d032 700px ok 2.8s (2.8s/item avg, ~18 min left) {'ground_type': 'flat_field', 'shading_geometry': 'not_applicable', 'field_texture': 'smooth', 'enclosure': 'none', 'confidence': 'high', 'ambiguity_note': ''}
[1408/1800] e4c6f4ef4e9f 332px ok 2.1s (2.8s/item avg, ~18 min left) {'ground_type': 'shaded_field', 'shading_geometry': 'radial_or_vignette', 'field_texture': 'smooth', 'enclosure': 'none', 'confidence': 'high', 'ambiguity_note': ''}
[1409/1800] 38a2dd9e7da0 700px ok 2.8s (2.8s/item avg, ~18 min left) {'ground_type': 'flat_field', 'shading_geometry': 'not_applicable', 'field_texture': 'smooth', 'enclosure': 'none', 'confidence': 'high', 'ambiguity_note': ''}
[1410/1800] 63b2bb8fb64a 482px ok 2.5s (2.8s/item avg, ~18 min left) {'ground_type': 'shaded_field', 'shading_geometry': 'radial_or_vignette', 'field_texture': 'smooth', 'enclosure': 'none', 'confidence': 'high', 'ambiguity_note': ''}
[1411/1800] 4d47019d037c 147px ok 2.0s (2.8s/item avg, ~18 min left) {'ground_type': 'flat_field', 'shading_geometry': 'not_applicable', 'field_texture': 'smooth', 'enclosure': 'none', 'confidence': 'high', 'ambiguity_note': ''}
[1412/1800] 853322ae0fe1 483px ok 2.2s (2.8s/item avg, ~18 min left) {'ground_type': 'flat_field', 'shading_geometry': 'not_applicable', 'field_texture': 'smooth', 'enclosure': 'none', 'confidence': 'high', 'ambiguity_note': ''}
[1413/1800] d5c5ca3c64fd 640px ok 2.7s (2.8s/item avg, ~18 min left) {'ground_type': 'shaded_field', 'shading_geometry': 'radial_or_vignette', 'field_texture': 'one_textured_material', 'enclosure': 'none', 'confidence': 'high', 'ambiguity_note': ''}
[1414/1800] 701588c7a009 640px ok 2.5s (2.8s/item avg, ~18 min left) {'ground_type': 'flat_field', 'shading_geometry': 'not_applicable', 'field_texture': 'smooth', 'enclosure': 'none', 'confidence': 'high', 'ambiguity_note': ''}
[1415/1800] 24bdec022040 640px ok 2.6s (2.8s/item avg, ~18 min left) {'ground_type': 'full_scene', 'shading_geometry': 'not_applicable', 'field_texture': 'smooth', 'enclosure': 'thin_border', 'confidence': 'high', 'ambiguity_note': ''}
[1416/1800] 5e56661336a9 333px ok 2.0s (2.8s/item avg, ~18 min left) {'ground_type': 'full_scene', 'shading_geometry': 'not_applicable', 'field_texture': 'one_textured_material', 'enclosure': 'none', 'confidence': 'high', 'ambiguity_note': ''}
[1417/1800] 0d053af380d2 1079px ok 5.1s (2.8s/item avg, ~18 min left) {'ground_type': 'shaded_field', 'shading_geometry': 'radial_or_vignette', 'field_texture': 'one_textured_material', 'enclosure': 'none', 'confidence': 'high', 'ambiguity_note': ''}
[1418/1800] d30c6fcca26f 147px ok 2.0s (2.8s/item avg, ~18 min left) {'ground_type': 'full_scene', 'shading_geometry': 'not_applicable', 'field_texture': 'one_textured_material', 'enclosure': 'none', 'confidence': 'high', 'ambiguity_note': ''}
[1419/1800] a377aeb35c90 482px ok 2.3s (2.8s/item avg, ~18 min left) {'ground_type': 'flat_field', 'shading_geometry': 'not_applicable', 'field_texture': 'smooth', 'enclosure': 'thick_frame_or_bars', 'confidence': 'high', 'ambiguity_note': ''}
[1420/1800] 5788818544b3 333px ok 1.9s (2.8s/item avg, ~18 min left) {'ground_type': 'flat_field', 'shading_geometry': 'not_applicable', 'field_texture': 'smooth', 'enclosure': 'none', 'confidence': 'high', 'ambiguity_note': ''}
[1421/1800] 1d95907f37df 483px ok 2.3s (2.8s/item avg, ~18 min left) {'ground_type': 'full_scene', 'shading_geometry': 'not_applicable', 'field_texture': 'smooth', 'enclosure': 'thick_frame_or_bars', 'confidence': 'high', 'ambiguity_note': ''}
[1422/1800] 5569d61c5e69 147px ok 1.9s (2.8s/item avg, ~18 min left) {'ground_type': 'flat_field', 'shading_geometry': 'not_applicable', 'field_texture': 'one_textured_material', 'enclosure': 'none', 'confidence': 'high', 'ambiguity_note': ''}
[1423/1800] a881b66f8786 482px ok 2.4s (2.8s/item avg, ~18 min left) {'ground_type': 'multiple_distinct_fields', 'shading_geometry': 'not_applicable', 'field_texture': 'distinct_areas', 'enclosure': 'none', 'confidence': 'high', 'ambiguity_note': ''}
[1424/1800] 79e7934bf1ac 700px ok 3.0s (2.8s/item avg, ~18 min left) {'ground_type': 'full_scene', 'shading_geometry': 'not_applicable', 'field_texture': 'smooth', 'enclosure': 'none', 'confidence': 'high', 'ambiguity_note': ''}
[1425/1800] 33c71bf3167a 640px ok 2.8s (2.8s/item avg, ~18 min left) {'ground_type': 'flat_field', 'shading_geometry': 'not_applicable', 'field_texture': 'one_textured_material', 'enclosure': 'none', 'confidence': 'high', 'ambiguity_note': ''}
[1426/1800] ef5ae551f012 147px ok 2.0s (2.8s/item avg, ~17 min left) {'ground_type': 'multiple_distinct_fields', 'shading_geometry': 'not_applicable', 'field_texture': 'distinct_areas', 'enclosure': 'thick_frame_or_bars', 'confidence': 'high', 'ambiguity_note': ''}
[1427/1800] 0d568904cdb4 482px ok 2.2s (2.8s/item avg, ~17 min left) {'ground_type': 'flat_field', 'shading_geometry': 'not_applicable', 'field_texture': 'smooth', 'enclosure': 'none', 'confidence': 'high', 'ambiguity_note': ''}
[1428/1800] a8fb297aceb5 147px ok 2.0s (2.8s/item avg, ~17 min left) {'ground_type': 'flat_field', 'shading_geometry': 'not_applicable', 'field_texture': 'smooth', 'enclosure': 'none', 'confidence': 'high', 'ambiguity_note': ''}
[1429/1800] a940b2d8ff71 147px ok 1.8s (2.8s/item avg, ~17 min left) {'ground_type': 'flat_field', 'shading_geometry': 'not_applicable', 'field_texture': 'smooth', 'enclosure': 'none', 'confidence': 'high', 'ambiguity_note': ''}
[1430/1800] eb49c86d5b16 640px ok 2.6s (2.8s/item avg, ~17 min left) {'ground_type': 'multiple_distinct_fields', 'shading_geometry': 'not_applicable', 'field_texture': 'one_textured_material', 'enclosure': 'none', 'confidence': 'high', 'ambiguity_note': ''}
[1431/1800] 7f2b9091dba7 700px ok 2.8s (2.8s/item avg, ~17 min left) {'ground_type': 'full_scene', 'shading_geometry': 'not_applicable', 'field_texture': 'smooth', 'enclosure': 'none', 'confidence': 'high', 'ambiguity_note': ''}
[1432/1800] 04ca1fc38f07 333px ok 2.0s (2.8s/item avg, ~17 min left) {'ground_type': 'full_scene', 'shading_geometry': 'not_applicable', 'field_texture': 'one_textured_material', 'enclosure': 'none', 'confidence': 'high', 'ambiguity_note': ''}
[1433/1800] f942f26e8d58 482px ok 2.3s (2.8s/item avg, ~17 min left) {'ground_type': 'flat_field', 'shading_geometry': 'not_applicable', 'field_texture': 'smooth', 'enclosure': 'none', 'confidence': 'high', 'ambiguity_note': ''}
[1434/1800] 7a863b1fc5c0 147px ok 2.0s (2.8s/item avg, ~17 min left) {'ground_type': 'flat_field', 'shading_geometry': 'not_applicable', 'field_texture': 'smooth', 'enclosure': 'thick_frame_or_bars', 'confidence': 'high', 'ambiguity_note': ''}
[1435/1800] 9a1efc2c33f8 368px ok 2.3s (2.8s/item avg, ~17 min left) {'ground_type': 'shaded_field', 'shading_geometry': 'radial_or_vignette', 'field_texture': 'one_textured_material', 'enclosure': 'thin_border', 'confidence': 'high', 'ambiguity_note': ''}
[1436/1800] 847f8262fd47 700px ok 3.1s (2.8s/item avg, ~17 min left) {'ground_type': 'full_scene', 'shading_geometry': 'not_applicable', 'field_texture': 'one_textured_material', 'enclosure': 'none', 'confidence': 'high', 'ambiguity_note': ''}
[1437/1800] 31232794819b 333px ok 2.2s (2.8s/item avg, ~17 min left) {'ground_type': 'flat_field', 'shading_geometry': 'not_applicable', 'field_texture': 'smooth', 'enclosure': 'none', 'confidence': 'high', 'ambiguity_note': ''}
[1438/1800] 1cf4d237bc8f 147px ok 1.9s (2.8s/item avg, ~17 min left) {'ground_type': 'flat_field', 'shading_geometry': 'not_applicable', 'field_texture': 'smooth', 'enclosure': 'none', 'confidence': 'high', 'ambiguity_note': ''}
[1439/1800] c63f94d6acdf 333px ok 2.1s (2.8s/item avg, ~17 min left) {'ground_type': 'shaded_field', 'shading_geometry': 'not_applicable', 'field_texture': 'one_textured_material', 'enclosure': 'none', 'confidence': 'high', 'ambiguity_note': ''}
[1440/1800] 2a89f5b9de8e 640px ok 2.7s (2.8s/item avg, ~17 min left) {'ground_type': 'shaded_field', 'shading_geometry': 'radial_or_vignette', 'field_texture': 'smooth', 'enclosure': 'none', 'confidence': 'high', 'ambiguity_note': ''}
[1441/1800] ef5ae551f012 333px ok 2.1s (2.8s/item avg, ~17 min left) {'ground_type': 'multiple_distinct_fields', 'shading_geometry': 'not_applicable', 'field_texture': 'smooth', 'enclosure': 'thick_frame_or_bars', 'confidence': 'high', 'ambiguity_note': ''}
[1442/1800] ab6e02ea4200 147px ok 1.9s (2.8s/item avg, ~17 min left) {'ground_type': 'flat_field', 'shading_geometry': 'not_applicable', 'field_texture': 'smooth', 'enclosure': 'none', 'confidence': 'high', 'ambiguity_note': ''}
[1443/1800] b6269d4f8e95 332px ok 2.0s (2.8s/item avg, ~17 min left) {'ground_type': 'flat_field', 'shading_geometry': 'not_applicable', 'field_texture': 'smooth', 'enclosure': 'none', 'confidence': 'high', 'ambiguity_note': ''}
[1444/1800] 8ffc897ac60f 332px ok 2.0s (2.8s/item avg, ~17 min left) {'ground_type': 'flat_field', 'shading_geometry': 'not_applicable', 'field_texture': 'smooth', 'enclosure': 'none', 'confidence': 'high', 'ambiguity_note': ''}
[1445/1800] cd121676048d 333px ok 2.0s (2.8s/item avg, ~17 min left) {'ground_type': 'multiple_distinct_fields', 'shading_geometry': 'not_applicable', 'field_texture': 'smooth', 'enclosure': 'none', 'confidence': 'high', 'ambiguity_note': ''}
[1446/1800] 05fd11332b1e 180px ok 2.0s (2.8s/item avg, ~17 min left) {'ground_type': 'flat_field', 'shading_geometry': 'not_applicable', 'field_texture': 'smooth', 'enclosure': 'thick_frame_or_bars', 'confidence': 'high', 'ambiguity_note': ''}
[1447/1800] 0032ccefda14 147px ok 1.9s (2.8s/item avg, ~16 min left) {'ground_type': 'flat_field', 'shading_geometry': 'not_applicable', 'field_texture': 'smooth', 'enclosure': 'none', 'confidence': 'high', 'ambiguity_note': ''}
[1448/1800] 79e7934bf1ac 253px ok 1.9s (2.8s/item avg, ~16 min left) {'ground_type': 'full_scene', 'shading_geometry': 'not_applicable', 'field_texture': 'smooth', 'enclosure': 'none', 'confidence': 'high', 'ambiguity_note': ''}
[1449/1800] 54e9a351c912 147px ok 1.9s (2.8s/item avg, ~16 min left) {'ground_type': 'flat_field', 'shading_geometry': 'not_applicable', 'field_texture': 'smooth', 'enclosure': 'none', 'confidence': 'high', 'ambiguity_note': ''}
[1450/1800] 8b49d97dccd9 147px ok 2.0s (2.8s/item avg, ~16 min left) {'ground_type': 'pattern_or_texture', 'shading_geometry': 'not_applicable', 'field_texture': 'distinct_areas', 'enclosure': 'none', 'confidence': 'high', 'ambiguity_note': ''}
[1451/1800] 35f371ce44f8 147px ok 1.9s (2.8s/item avg, ~16 min left) {'ground_type': 'flat_field', 'shading_geometry': 'not_applicable', 'field_texture': 'smooth', 'enclosure': 'none', 'confidence': 'high', 'ambiguity_note': ''}
[1452/1800] 7dfec6cccfa1 147px ok 2.0s (2.8s/item avg, ~16 min left) {'ground_type': 'flat_field', 'shading_geometry': 'not_applicable', 'field_texture': 'one_textured_material', 'enclosure': 'none', 'confidence': 'high', 'ambiguity_note': ''}
[1453/1800] 747bf7d9d82c 333px ok 2.0s (2.8s/item avg, ~16 min left) {'ground_type': 'flat_field', 'shading_geometry': 'not_applicable', 'field_texture': 'smooth', 'enclosure': 'thin_border', 'confidence': 'high', 'ambiguity_note': ''}
[1454/1800] 5e0944545e83 250px ok 2.0s (2.8s/item avg, ~16 min left) {'ground_type': 'full_scene', 'shading_geometry': 'not_applicable', 'field_texture': 'one_textured_material', 'enclosure': 'none', 'confidence': 'high', 'ambiguity_note': ''}
[1455/1800] 9a1efc2c33f8 333px ok 2.1s (2.8s/item avg, ~16 min left) {'ground_type': 'shaded_field', 'shading_geometry': 'radial_or_vignette', 'field_texture': 'smooth', 'enclosure': 'thin_border', 'confidence': 'high', 'ambiguity_note': ''}
[1456/1800] e7791800399b 640px ok 2.7s (2.8s/item avg, ~16 min left) {'ground_type': 'shaded_field', 'shading_geometry': 'radial_or_vignette', 'field_texture': 'smooth', 'enclosure': 'none', 'confidence': 'high', 'ambiguity_note': ''}
[1457/1800] bd639210cfc7 112px ok 2.0s (2.8s/item avg, ~16 min left) {'ground_type': 'shaded_field', 'shading_geometry': 'radial_or_vignette', 'field_texture': 'smooth', 'enclosure': 'none', 'confidence': 'high', 'ambiguity_note': ''}
[1458/1800] 701588c7a009 640px ok 2.7s (2.8s/item avg, ~16 min left) {'ground_type': 'flat_field', 'shading_geometry': 'not_applicable', 'field_texture': 'smooth', 'enclosure': 'none', 'confidence': 'high', 'ambiguity_note': ''}
[1459/1800] 0d452cbfe724 147px ok 2.1s (2.8s/item avg, ~16 min left) {'ground_type': 'shaded_field', 'shading_geometry': 'radial_or_vignette', 'field_texture': 'one_textured_material', 'enclosure': 'thin_border', 'confidence': 'high', 'ambiguity_note': ''}
[1460/1800] ebb9e554d37a 332px ok 2.1s (2.8s/item avg, ~16 min left) {'ground_type': 'shaded_field', 'shading_geometry': 'radial_or_vignette', 'field_texture': 'one_textured_material', 'enclosure': 'none', 'confidence': 'high', 'ambiguity_note': ''}
[1461/1800] 41ac32e4da76 147px ok 1.9s (2.8s/item avg, ~16 min left) {'ground_type': 'flat_field', 'shading_geometry': 'not_applicable', 'field_texture': 'smooth', 'enclosure': 'none', 'confidence': 'high', 'ambiguity_note': ''}
[1462/1800] ad12509ae1f3 700px ok 3.0s (2.8s/item avg, ~16 min left) {'ground_type': 'shaded_field', 'shading_geometry': 'radial_or_vignette', 'field_texture': 'one_textured_material', 'enclosure': 'none', 'confidence': 'high', 'ambiguity_note': ''}
[1463/1800] 10e1fd3b5f4e 700px ok 2.9s (2.8s/item avg, ~16 min left) {'ground_type': 'full_scene', 'shading_geometry': 'not_applicable', 'field_texture': 'smooth', 'enclosure': 'none', 'confidence': 'high', 'ambiguity_note': ''}
[1464/1800] 0d8aac2e49fa 482px ok 2.3s (2.8s/item avg, ~16 min left) {'ground_type': 'flat_field', 'shading_geometry': 'not_applicable', 'field_texture': 'smooth', 'enclosure': 'thin_border', 'confidence': 'high', 'ambiguity_note': ''}
[1465/1800] b5cefa1644ae 640px ok 2.7s (2.8s/item avg, ~16 min left) {'ground_type': 'multiple_distinct_fields', 'shading_geometry': 'not_applicable', 'field_texture': 'distinct_areas', 'enclosure': 'none', 'confidence': 'high', 'ambiguity_note': ''}
[1466/1800] 8e6a432e77c0 640px ok 2.9s (2.8s/item avg, ~16 min left) {'ground_type': 'shaded_field', 'shading_geometry': 'radial_or_vignette', 'field_texture': 'one_textured_material', 'enclosure': 'thick_frame_or_bars', 'confidence': 'high', 'ambiguity_note': ''}
[1467/1800] 8e313854672a 1417px ok 7.2s (2.8s/item avg, ~15 min left) {'ground_type': 'shaded_field', 'shading_geometry': 'radial_or_vignette', 'field_texture': 'one_textured_material', 'enclosure': 'none', 'confidence': 'high', 'ambiguity_note': ''}
[1468/1800] 81caae4301b7 483px ok 2.5s (2.8s/item avg, ~15 min left) {'ground_type': 'pattern_or_texture', 'shading_geometry': 'not_applicable', 'field_texture': 'one_textured_material', 'enclosure': 'thin_border', 'confidence': 'high', 'ambiguity_note': ''}
[1469/1800] 17aabbb1db7a 253px ok 2.0s (2.8s/item avg, ~15 min left) {'ground_type': 'flat_field', 'shading_geometry': 'not_applicable', 'field_texture': 'smooth', 'enclosure': 'none', 'confidence': 'high', 'ambiguity_note': ''}
[1470/1800] 54e0a421a2b4 147px ok 2.1s (2.8s/item avg, ~15 min left) {'ground_type': 'pattern_or_texture', 'shading_geometry': 'not_applicable', 'field_texture': 'one_textured_material', 'enclosure': 'thin_border', 'confidence': 'high', 'ambiguity_note': ''}
[1471/1800] e6be76262660 333px ok 2.2s (2.8s/item avg, ~15 min left) {'ground_type': 'shaded_field', 'shading_geometry': 'radial_or_vignette', 'field_texture': 'one_textured_material', 'enclosure': 'none', 'confidence': 'high', 'ambiguity_note': ''}
[1472/1800] 52e8a735c516 332px ok 2.0s (2.8s/item avg, ~15 min left) {'ground_type': 'full_scene', 'shading_geometry': 'not_applicable', 'field_texture': 'smooth', 'enclosure': 'none', 'confidence': 'high', 'ambiguity_note': ''}
[1473/1800] 3f9ecb4a1097 640px ok 2.7s (2.8s/item avg, ~15 min left) {'ground_type': 'multiple_distinct_fields', 'shading_geometry': 'not_applicable', 'field_texture': 'smooth', 'enclosure': 'none', 'confidence': 'high', 'ambiguity_note': ''}
[1474/1800] 7a569591f640 332px ok 2.0s (2.8s/item avg, ~15 min left) {'ground_type': 'flat_field', 'shading_geometry': 'not_applicable', 'field_texture': 'smooth', 'enclosure': 'none', 'confidence': 'high', 'ambiguity_note': ''}
[1475/1800] ab6e02ea4200 333px ok 2.2s (2.8s/item avg, ~15 min left) {'ground_type': 'flat_field', 'shading_geometry': 'not_applicable', 'field_texture': 'smooth', 'enclosure': 'thin_border', 'confidence': 'high', 'ambiguity_note': ''}
[1476/1800] 91e0cce7b61a 482px ok 2.6s (2.8s/item avg, ~15 min left) {'ground_type': 'flat_field', 'shading_geometry': 'not_applicable', 'field_texture': 'smooth', 'enclosure': 'none', 'confidence': 'high', 'ambiguity_note': ''}
[1477/1800] ce42be3bb72a 333px ok 2.1s (2.8s/item avg, ~15 min left) {'ground_type': 'flat_field', 'shading_geometry': 'not_applicable', 'field_texture': 'smooth', 'enclosure': 'none', 'confidence': 'high', 'ambiguity_note': ''}
[1478/1800] dd93668f9584 700px ok 2.9s (2.8s/item avg, ~15 min left) {'ground_type': 'flat_field', 'shading_geometry': 'not_applicable', 'field_texture': 'smooth', 'enclosure': 'none', 'confidence': 'high', 'ambiguity_note': ''}
[1479/1800] 86482d6947b3 640px ok 2.8s (2.8s/item avg, ~15 min left) {'ground_type': 'flat_field', 'shading_geometry': 'not_applicable', 'field_texture': 'one_textured_material', 'enclosure': 'none', 'confidence': 'high', 'ambiguity_note': ''}
[1480/1800] dcd6b254205f 147px ok 2.0s (2.8s/item avg, ~15 min left) {'ground_type': 'flat_field', 'shading_geometry': 'not_applicable', 'field_texture': 'smooth', 'enclosure': 'none', 'confidence': 'high', 'ambiguity_note': ''}
[1481/1800] 54e9a351c912 700px ok 3.2s (2.8s/item avg, ~15 min left) {'ground_type': 'shaded_field', 'shading_geometry': 'radial_or_vignette', 'field_texture': 'one_textured_material', 'enclosure': 'none', 'confidence': 'high', 'ambiguity_note': ''}
[1482/1800] de95cff9bf56 220px ok 2.2s (2.8s/item avg, ~15 min left) {'ground_type': 'full_scene', 'shading_geometry': 'not_applicable', 'field_texture': 'smooth', 'enclosure': 'none', 'confidence': 'high', 'ambiguity_note': ''}
[1483/1800] c0d7f5933e81 333px ok 2.1s (2.8s/item avg, ~15 min left) {'ground_type': 'shaded_field', 'shading_geometry': 'radial_or_vignette', 'field_texture': 'smooth', 'enclosure': 'none', 'confidence': 'high', 'ambiguity_note': ''}
[1484/1800] 7a863b1fc5c0 700px ok 3.1s (2.8s/item avg, ~15 min left) {'ground_type': 'flat_field', 'shading_geometry': 'not_applicable', 'field_texture': 'smooth', 'enclosure': 'thick_frame_or_bars', 'confidence': 'high', 'ambiguity_note': ''}
[1485/1800] 494259de1858 147px ok 2.0s (2.8s/item avg, ~15 min left) {'ground_type': 'flat_field', 'shading_geometry': 'not_applicable', 'field_texture': 'smooth', 'enclosure': 'none', 'confidence': 'high', 'ambiguity_note': ''}
[1486/1800] 400c9b467fc8 147px ok 2.0s (2.8s/item avg, ~15 min left) {'ground_type': 'flat_field', 'shading_geometry': 'not_applicable', 'field_texture': 'smooth', 'enclosure': 'none', 'confidence': 'high', 'ambiguity_note': ''}
[1487/1800] 35f371ce44f8 700px ok 3.0s (2.8s/item avg, ~15 min left) {'ground_type': 'flat_field', 'shading_geometry': 'not_applicable', 'field_texture': 'one_textured_material', 'enclosure': 'none', 'confidence': 'high', 'ambiguity_note': ''}
[1488/1800] 7f2b9091dba7 147px ok 2.0s (2.8s/item avg, ~14 min left) {'ground_type': 'full_scene', 'shading_geometry': 'not_applicable', 'field_texture': 'smooth', 'enclosure': 'none', 'confidence': 'high', 'ambiguity_note': ''}
[1489/1800] 0ef2ef7fa08a 482px ok 2.4s (2.8s/item avg, ~14 min left) {'ground_type': 'full_scene', 'shading_geometry': 'not_applicable', 'field_texture': 'smooth', 'enclosure': 'none', 'confidence': 'high', 'ambiguity_note': ''}
[1490/1800] 1c73b3ebefa1 482px ok 2.4s (2.8s/item avg, ~14 min left) {'ground_type': 'full_scene', 'shading_geometry': 'not_applicable', 'field_texture': 'smooth', 'enclosure': 'none', 'confidence': 'high', 'ambiguity_note': ''}
[1491/1800] a55ddfa429ba 333px ok 2.1s (2.8s/item avg, ~14 min left) {'ground_type': 'flat_field', 'shading_geometry': 'not_applicable', 'field_texture': 'smooth', 'enclosure': 'none', 'confidence': 'high', 'ambiguity_note': ''}
[1492/1800] 690170731ddc 332px ok 2.2s (2.8s/item avg, ~14 min left) {'ground_type': 'shaded_field', 'shading_geometry': 'radial_or_vignette', 'field_texture': 'one_textured_material', 'enclosure': 'none', 'confidence': 'high', 'ambiguity_note': ''}
[1493/1800] 3c8a7ed0cccb 147px ok 2.3s (2.8s/item avg, ~14 min left) {'ground_type': 'multiple_distinct_fields', 'shading_geometry': 'not_applicable', 'field_texture': 'one_textured_material', 'enclosure': 'none', 'confidence': 'high', 'ambiguity_note': ''}
[1494/1800] f0d8719de8e7 147px ok 2.2s (2.8s/item avg, ~14 min left) {'ground_type': 'flat_field', 'shading_geometry': 'not_applicable', 'field_texture': 'smooth', 'enclosure': 'none', 'confidence': 'high', 'ambiguity_note': ''}
[1495/1800] 6fb82b1b3ff4 333px ok 3.1s (2.8s/item avg, ~14 min left) {'ground_type': 'flat_field', 'shading_geometry': 'not_applicable', 'field_texture': 'smooth', 'enclosure': 'none', 'confidence': 'high', 'ambiguity_note': ''}
[1496/1800] 5ec2144c9919 700px ok 3.2s (2.8s/item avg, ~14 min left) {'ground_type': 'shaded_field', 'shading_geometry': 'not_applicable', 'field_texture': 'one_textured_material', 'enclosure': 'none', 'confidence': 'high', 'ambiguity_note': ''}
[1497/1800] c12b1e16c0d3 700px ok 3.3s (2.8s/item avg, ~14 min left) {'ground_type': 'flat_field', 'shading_geometry': 'not_applicable', 'field_texture': 'smooth', 'enclosure': 'none', 'confidence': 'high', 'ambiguity_note': ''}
[1498/1800] bb9b3113d7cf 700px ok 3.3s (2.8s/item avg, ~14 min left) {'ground_type': 'shaded_field', 'shading_geometry': 'radial_or_vignette', 'field_texture': 'one_textured_material', 'enclosure': 'none', 'confidence': 'high', 'ambiguity_note': ''}
[1499/1800] 38a2dd9e7da0 333px ok 2.2s (2.8s/item avg, ~14 min left) {'ground_type': 'flat_field', 'shading_geometry': 'not_applicable', 'field_texture': 'smooth', 'enclosure': 'none', 'confidence': 'high', 'ambiguity_note': ''}
[1500/1800] c9fbb83c728d 640px ok 2.8s (2.8s/item avg, ~14 min left) {'ground_type': 'full_scene', 'shading_geometry': 'not_applicable', 'field_texture': 'smooth', 'enclosure': 'none', 'confidence': 'high', 'ambiguity_note': ''}
[1501/1800] 33c71bf3167a 147px ok 2.1s (2.8s/item avg, ~14 min left) {'ground_type': 'flat_field', 'shading_geometry': 'not_applicable', 'field_texture': 'one_textured_material', 'enclosure': 'none', 'confidence': 'high', 'ambiguity_note': ''}
[1502/1800] 6e3ac541454e 482px ok 2.6s (2.8s/item avg, ~14 min left) {'ground_type': 'full_scene', 'shading_geometry': 'not_applicable', 'field_texture': 'one_textured_material', 'enclosure': 'none', 'confidence': 'high', 'ambiguity_note': ''}
[1503/1800] 5569d61c5e69 483px ok 2.5s (2.8s/item avg, ~14 min left) {'ground_type': 'flat_field', 'shading_geometry': 'not_applicable', 'field_texture': 'one_textured_material', 'enclosure': 'none', 'confidence': 'high', 'ambiguity_note': ''}
[1504/1800] ebea42d97d6c 333px ok 2.2s (2.8s/item avg, ~14 min left) {'ground_type': 'shaded_field', 'shading_geometry': 'radial_or_vignette', 'field_texture': 'one_textured_material', 'enclosure': 'none', 'confidence': 'high', 'ambiguity_note': ''}
[1505/1800] 35f371ce44f8 333px ok 2.2s (2.8s/item avg, ~14 min left) {'ground_type': 'flat_field', 'shading_geometry': 'not_applicable', 'field_texture': 'one_textured_material', 'enclosure': 'none', 'confidence': 'high', 'ambiguity_note': ''}
[1506/1800] c42eb59f3d64 147px ok 2.2s (2.8s/item avg, ~14 min left) {'ground_type': 'full_scene', 'shading_geometry': 'not_applicable', 'field_texture': 'one_textured_material', 'enclosure': 'none', 'confidence': 'high', 'ambiguity_note': ''}
[1507/1800] ad92c468072c 700px ok 3.1s (2.8s/item avg, ~14 min left) {'ground_type': 'full_scene', 'shading_geometry': 'not_applicable', 'field_texture': 'smooth', 'enclosure': 'none', 'confidence': 'high', 'ambiguity_note': ''}
[1508/1800] d5c5ca3c64fd 640px ok 2.8s (2.8s/item avg, ~14 min left) {'ground_type': 'flat_field', 'shading_geometry': 'not_applicable', 'field_texture': 'smooth', 'enclosure': 'none', 'confidence': 'high', 'ambiguity_note': ''}
[1509/1800] 75a7c16a155c 368px ok 2.3s (2.8s/item avg, ~14 min left) {'ground_type': 'full_scene', 'shading_geometry': 'not_applicable', 'field_texture': 'smooth', 'enclosure': 'none', 'confidence': 'high', 'ambiguity_note': ''}
[1510/1800] 69b253a10904 147px ok 2.2s (2.8s/item avg, ~13 min left) {'ground_type': 'flat_field', 'shading_geometry': 'not_applicable', 'field_texture': 'one_textured_material', 'enclosure': 'none', 'confidence': 'high', 'ambiguity_note': ''}
[1511/1800] 688805404ad6 332px ok 2.1s (2.8s/item avg, ~13 min left) {'ground_type': 'flat_field', 'shading_geometry': 'not_applicable', 'field_texture': 'smooth', 'enclosure': 'none', 'confidence': 'high', 'ambiguity_note': ''}
[1512/1800] fed2068f7002 2808px ok 45.9s (2.8s/item avg, ~14 min left) {'ground_type': 'pattern_or_texture', 'shading_geometry': 'not_applicable', 'field_texture': 'one_textured_material', 'enclosure': 'none', 'confidence': 'high', 'ambiguity_note': ''}
[1513/1800] 3302b340a4c7 360px ok 2.4s (2.8s/item avg, ~13 min left) {'ground_type': 'shaded_field', 'shading_geometry': 'radial_or_vignette', 'field_texture': 'one_textured_material', 'enclosure': 'none', 'confidence': 'high', 'ambiguity_note': ''}
[1514/1800] 2f01c0546ef0 147px ok 2.0s (2.8s/item avg, ~13 min left) {'ground_type': 'flat_field', 'shading_geometry': 'not_applicable', 'field_texture': 'smooth', 'enclosure': 'none', 'confidence': 'high', 'ambiguity_note': ''}
[1515/1800] 547ff641f6c3 700px ok 3.0s (2.8s/item avg, ~13 min left) {'ground_type': 'shaded_field', 'shading_geometry': 'radial_or_vignette', 'field_texture': 'smooth', 'enclosure': 'none', 'confidence': 'high', 'ambiguity_note': ''}
[1516/1800] 22d1a9c6a2e2 112px ok 2.0s (2.8s/item avg, ~13 min left) {'ground_type': 'flat_field', 'shading_geometry': 'not_applicable', 'field_texture': 'smooth', 'enclosure': 'none', 'confidence': 'high', 'ambiguity_note': ''}
[1517/1800] e0fd26830dec 640px ok 2.7s (2.8s/item avg, ~13 min left) {'ground_type': 'flat_field', 'shading_geometry': 'not_applicable', 'field_texture': 'smooth', 'enclosure': 'none', 'confidence': 'high', 'ambiguity_note': ''}
[1518/1800] 31a2865223ad 368px ok 2.3s (2.8s/item avg, ~13 min left) {'ground_type': 'flat_field', 'shading_geometry': 'not_applicable', 'field_texture': 'smooth', 'enclosure': 'thick_frame_or_bars', 'confidence': 'high', 'ambiguity_note': ''}
[1519/1800] 04ad96254ca4 482px ok 2.5s (2.8s/item avg, ~13 min left) {'ground_type': 'shaded_field', 'shading_geometry': 'radial_or_vignette', 'field_texture': 'one_textured_material', 'enclosure': 'none', 'confidence': 'high', 'ambiguity_note': ''}
[1520/1800] 0d568904cdb4 640px ok 2.8s (2.8s/item avg, ~13 min left) {'ground_type': 'flat_field', 'shading_geometry': 'not_applicable', 'field_texture': 'smooth', 'enclosure': 'none', 'confidence': 'high', 'ambiguity_note': ''}
[1521/1800] 00183c6f2856 147px ok 2.0s (2.8s/item avg, ~13 min left) {'ground_type': 'flat_field', 'shading_geometry': 'not_applicable', 'field_texture': 'smooth', 'enclosure': 'thin_border', 'confidence': 'high', 'ambiguity_note': ''}
[1522/1800] 75efdc8312cc 147px ok 2.2s (2.8s/item avg, ~13 min left) {'ground_type': 'shaded_field', 'shading_geometry': 'radial_or_vignette', 'field_texture': 'one_textured_material', 'enclosure': 'thick_frame_or_bars', 'confidence': 'high', 'ambiguity_note': ''}
[1523/1800] 75efdc8312cc 483px ok 2.6s (2.8s/item avg, ~13 min left) {'ground_type': 'shaded_field', 'shading_geometry': 'radial_or_vignette', 'field_texture': 'one_textured_material', 'enclosure': 'thick_frame_or_bars', 'confidence': 'high', 'ambiguity_note': ''}
[1524/1800] 75a7c16a155c 482px ok 2.5s (2.8s/item avg, ~13 min left) {'ground_type': 'full_scene', 'shading_geometry': 'not_applicable', 'field_texture': 'smooth', 'enclosure': 'none', 'confidence': 'high', 'ambiguity_note': ''}
[1525/1800] 857823f0b8ba 333px ok 2.1s (2.8s/item avg, ~13 min left) {'ground_type': 'flat_field', 'shading_geometry': 'not_applicable', 'field_texture': 'smooth', 'enclosure': 'none', 'confidence': 'high', 'ambiguity_note': ''}
[1526/1800] a2a0e2c51bc9 332px ok 2.2s (2.8s/item avg, ~13 min left) {'ground_type': 'multiple_distinct_fields', 'shading_geometry': 'not_applicable', 'field_texture': 'distinct_areas', 'enclosure': 'none', 'confidence': 'high', 'ambiguity_note': ''}
[1527/1800] dbfffd58b224 640px ok 2.8s (2.8s/item avg, ~13 min left) {'ground_type': 'full_scene', 'shading_geometry': 'not_applicable', 'field_texture': 'one_textured_material', 'enclosure': 'none', 'confidence': 'high', 'ambiguity_note': ''}
[1528/1800] a55ddfa429ba 700px ok 3.6s (2.8s/item avg, ~13 min left) {'ground_type': 'flat_field', 'shading_geometry': 'not_applicable', 'field_texture': 'smooth', 'enclosure': 'none', 'confidence': 'high', 'ambiguity_note': ''}
[1529/1800] 9305628bddee 482px ok 2.6s (2.8s/item avg, ~13 min left) {'ground_type': 'flat_field', 'shading_geometry': 'not_applicable', 'field_texture': 'smooth', 'enclosure': 'none', 'confidence': 'high', 'ambiguity_note': ''}
[1530/1800] ffc1105d6472 332px ok 2.6s (2.8s/item avg, ~13 min left) {'ground_type': 'flat_field', 'shading_geometry': 'not_applicable', 'field_texture': 'one_textured_material', 'enclosure': 'none', 'confidence': 'high', 'ambiguity_note': ''}
[1531/1800] 688805404ad6 147px ok 2.3s (2.8s/item avg, ~13 min left) {'ground_type': 'flat_field', 'shading_geometry': 'not_applicable', 'field_texture': 'smooth', 'enclosure': 'none', 'confidence': 'high', 'ambiguity_note': ''}
[1532/1800] 6f001a7ab2fd 253px ok 2.4s (2.8s/item avg, ~13 min left) {'ground_type': 'flat_field', 'shading_geometry': 'not_applicable', 'field_texture': 'smooth', 'enclosure': 'thin_border', 'confidence': 'high', 'ambiguity_note': ''}
[1533/1800] 2d88913489ef 147px ok 2.3s (2.8s/item avg, ~12 min left) {'ground_type': 'flat_field', 'shading_geometry': 'not_applicable', 'field_texture': 'smooth', 'enclosure': 'thin_border', 'confidence': 'high', 'ambiguity_note': ''}
[1534/1800] 2eef445a1846 147px ok 2.2s (2.8s/item avg, ~12 min left) {'ground_type': 'full_scene', 'shading_geometry': 'not_applicable', 'field_texture': 'smooth', 'enclosure': 'none', 'confidence': 'high', 'ambiguity_note': ''}
[1535/1800] 80bc63f9ccd2 640px ok 3.3s (2.8s/item avg, ~12 min left) {'ground_type': 'pattern_or_texture', 'shading_geometry': 'not_applicable', 'field_texture': 'one_textured_material', 'enclosure': 'thick_frame_or_bars', 'confidence': 'high', 'ambiguity_note': ''}
[1536/1800] 9ff0db7c5964 483px ok 2.8s (2.8s/item avg, ~12 min left) {'ground_type': 'flat_field', 'shading_geometry': 'not_applicable', 'field_texture': 'one_textured_material', 'enclosure': 'thin_border', 'confidence': 'high', 'ambiguity_note': ''}
[1537/1800] dcd6b254205f 700px ok 4.3s (2.8s/item avg, ~12 min left) {'ground_type': 'flat_field', 'shading_geometry': 'not_applicable', 'field_texture': 'smooth', 'enclosure': 'none', 'confidence': 'high', 'ambiguity_note': ''}
[1538/1800] 75efdc8312cc 640px ok 3.3s (2.8s/item avg, ~12 min left) {'ground_type': 'shaded_field', 'shading_geometry': 'radial_or_vignette', 'field_texture': 'one_textured_material', 'enclosure': 'thick_frame_or_bars', 'confidence': 'high', 'ambiguity_note': ''}
[1539/1800] 2972aaf2f91a 147px ok 2.3s (2.8s/item avg, ~12 min left) {'ground_type': 'full_scene', 'shading_geometry': 'not_applicable', 'field_texture': 'smooth', 'enclosure': 'none', 'confidence': 'high', 'ambiguity_note': ''}
[1540/1800] 522f76886197 1080px ok 4.9s (2.8s/item avg, ~12 min left) {'ground_type': 'flat_field', 'shading_geometry': 'not_applicable', 'field_texture': 'smooth', 'enclosure': 'none', 'confidence': 'high', 'ambiguity_note': ''}
[1541/1800] fcbe3c60804b 253px ok 2.0s (2.8s/item avg, ~12 min left) {'ground_type': 'flat_field', 'shading_geometry': 'not_applicable', 'field_texture': 'smooth', 'enclosure': 'none', 'confidence': 'high', 'ambiguity_note': ''}
[1542/1800] c4aed9dadecc 253px ok 2.0s (2.8s/item avg, ~12 min left) {'ground_type': 'full_scene', 'shading_geometry': 'not_applicable', 'field_texture': 'distinct_areas', 'enclosure': 'none', 'confidence': 'high', 'ambiguity_note': ''}
[1543/1800] 2f873801e960 332px ok 2.2s (2.8s/item avg, ~12 min left) {'ground_type': 'shaded_field', 'shading_geometry': 'radial_or_vignette', 'field_texture': 'smooth', 'enclosure': 'none', 'confidence': 'high', 'ambiguity_note': ''}
[1544/1800] 967eabe51cbe 640px ok 3.0s (2.8s/item avg, ~12 min left) {'ground_type': 'shaded_field', 'shading_geometry': 'radial_or_vignette', 'field_texture': 'one_textured_material', 'enclosure': 'none', 'confidence': 'high', 'ambiguity_note': ''}
[1545/1800] 241f28d5298e 250px ok 2.0s (2.8s/item avg, ~12 min left) {'ground_type': 'flat_field', 'shading_geometry': 'not_applicable', 'field_texture': 'smooth', 'enclosure': 'thin_border', 'confidence': 'high', 'ambiguity_note': ''}
[1546/1800] 0f2af71d76af 640px ok 2.9s (2.8s/item avg, ~12 min left) {'ground_type': 'pattern_or_texture', 'shading_geometry': 'not_applicable', 'field_texture': 'one_textured_material', 'enclosure': 'none', 'confidence': 'high', 'ambiguity_note': ''}
[1547/1800] d8fb1ce57495 483px ok 2.5s (2.8s/item avg, ~12 min left) {'ground_type': 'shaded_field', 'shading_geometry': 'radial_or_vignette', 'field_texture': 'one_textured_material', 'enclosure': 'none', 'confidence': 'high', 'ambiguity_note': ''}
[1548/1800] 9f798b19af31 600px ok 2.9s (2.8s/item avg, ~12 min left) {'ground_type': 'shaded_field', 'shading_geometry': 'radial_or_vignette', 'field_texture': 'one_textured_material', 'enclosure': 'none', 'confidence': 'high', 'ambiguity_note': ''}
[1549/1800] a5551a1164ee 483px ok 2.4s (2.8s/item avg, ~12 min left) {'ground_type': 'flat_field', 'shading_geometry': 'not_applicable', 'field_texture': 'smooth', 'enclosure': 'none', 'confidence': 'high', 'ambiguity_note': ''}
[1550/1800] 3302b340a4c7 360px ok 2.2s (2.8s/item avg, ~12 min left) {'ground_type': 'shaded_field', 'shading_geometry': 'radial_or_vignette', 'field_texture': 'one_textured_material', 'enclosure': 'none', 'confidence': 'high', 'ambiguity_note': ''}
[1551/1800] 66324871cd44 700px ok 3.2s (2.8s/item avg, ~12 min left) {'ground_type': 'shaded_field', 'shading_geometry': 'radial_or_vignette', 'field_texture': 'one_textured_material', 'enclosure': 'none', 'confidence': 'high', 'ambiguity_note': ''}
[1552/1800] b02750a2fdf6 147px ok 2.0s (2.8s/item avg, ~12 min left) {'ground_type': 'flat_field', 'shading_geometry': 'not_applicable', 'field_texture': 'smooth', 'enclosure': 'none', 'confidence': 'high', 'ambiguity_note': ''}
[1553/1800] 96b381397b78 332px ok 2.2s (2.8s/item avg, ~12 min left) {'ground_type': 'flat_field', 'shading_geometry': 'not_applicable', 'field_texture': 'smooth', 'enclosure': 'none', 'confidence': 'high', 'ambiguity_note': ''}
[1554/1800] 72dd0edffff9 1082px ok 4.9s (2.8s/item avg, ~12 min left) {'ground_type': 'multiple_distinct_fields', 'shading_geometry': 'not_applicable', 'field_texture': 'distinct_areas', 'enclosure': 'none', 'confidence': 'high', 'ambiguity_note': ''}
[1555/1800] 6fb82b1b3ff4 147px ok 2.1s (2.8s/item avg, ~11 min left) {'ground_type': 'flat_field', 'shading_geometry': 'not_applicable', 'field_texture': 'smooth', 'enclosure': 'none', 'confidence': 'high', 'ambiguity_note': ''}
[1556/1800] e7d3018bf490 700px ok 3.1s (2.8s/item avg, ~11 min left) {'ground_type': 'pattern_or_texture', 'shading_geometry': 'not_applicable', 'field_texture': 'distinct_areas', 'enclosure': 'none', 'confidence': 'high', 'ambiguity_note': ''}
[1557/1800] 7a9f709bb449 700px ok 3.1s (2.8s/item avg, ~11 min left) {'ground_type': 'shaded_field', 'shading_geometry': 'radial_or_vignette', 'field_texture': 'smooth', 'enclosure': 'none', 'confidence': 'high', 'ambiguity_note': ''}
[1558/1800] e27cb8dc749f 1079px ok 4.8s (2.8s/item avg, ~11 min left) {'ground_type': 'shaded_field', 'shading_geometry': 'radial_or_vignette', 'field_texture': 'smooth', 'enclosure': 'none', 'confidence': 'high', 'ambiguity_note': ''}
[1559/1800] 27eb5db4122f 333px ok 2.2s (2.8s/item avg, ~11 min left) {'ground_type': 'full_scene', 'shading_geometry': 'not_applicable', 'field_texture': 'one_textured_material', 'enclosure': 'none', 'confidence': 'high', 'ambiguity_note': ''}
[1560/1800] 173ad1f508d4 333px ok 2.1s (2.8s/item avg, ~11 min left) {'ground_type': 'flat_field', 'shading_geometry': 'not_applicable', 'field_texture': 'smooth', 'enclosure': 'none', 'confidence': 'high', 'ambiguity_note': ''}
[1561/1800] d6ec7fb5752a 112px ok 2.2s (2.8s/item avg, ~11 min left) {'ground_type': 'shaded_field', 'shading_geometry': 'radial_or_vignette', 'field_texture': 'one_textured_material', 'enclosure': 'thin_border', 'confidence': 'high', 'ambiguity_note': ''}
[1562/1800] ced19c35e7b1 368px ok 2.2s (2.8s/item avg, ~11 min left) {'ground_type': 'flat_field', 'shading_geometry': 'not_applicable', 'field_texture': 'smooth', 'enclosure': 'none', 'confidence': 'high', 'ambiguity_note': ''}
[1563/1800] 86482d6947b3 482px ok 2.4s (2.8s/item avg, ~11 min left) {'ground_type': 'flat_field', 'shading_geometry': 'not_applicable', 'field_texture': 'smooth', 'enclosure': 'none', 'confidence': 'high', 'ambiguity_note': ''}
[1564/1800] 183b749cc339 147px ok 2.0s (2.8s/item avg, ~11 min left) {'ground_type': 'full_scene', 'shading_geometry': 'not_applicable', 'field_texture': 'one_textured_material', 'enclosure': 'thin_border', 'confidence': 'high', 'ambiguity_note': ''}
[1565/1800] dc7b5d027e88 640px ok 2.8s (2.8s/item avg, ~11 min left) {'ground_type': 'full_scene', 'shading_geometry': 'not_applicable', 'field_texture': 'one_textured_material', 'enclosure': 'none', 'confidence': 'high', 'ambiguity_note': ''}
[1566/1800] a1f9a49f1822 400px ok 2.4s (2.8s/item avg, ~11 min left) {'ground_type': 'shaded_field', 'shading_geometry': 'radial_or_vignette', 'field_texture': 'one_textured_material', 'enclosure': 'none', 'confidence': 'high', 'ambiguity_note': ''}
[1567/1800] 594bff88468c 112px ok 2.2s (2.8s/item avg, ~11 min left) {'ground_type': 'shaded_field', 'shading_geometry': 'radial_or_vignette', 'field_texture': 'smooth', 'enclosure': 'none', 'confidence': 'high', 'ambiguity_note': ''}
[1568/1800] dd93668f9584 112px ok 2.0s (2.8s/item avg, ~11 min left) {'ground_type': 'flat_field', 'shading_geometry': 'not_applicable', 'field_texture': 'smooth', 'enclosure': 'none', 'confidence': 'high', 'ambiguity_note': ''}
[1569/1800] 5068811781cd 147px ok 2.1s (2.8s/item avg, ~11 min left) {'ground_type': 'flat_field', 'shading_geometry': 'not_applicable', 'field_texture': 'smooth', 'enclosure': 'none', 'confidence': 'high', 'ambiguity_note': ''}
[1570/1800] b24ad50dce60 112px ok 2.0s (2.8s/item avg, ~11 min left) {'ground_type': 'flat_field', 'shading_geometry': 'not_applicable', 'field_texture': 'smooth', 'enclosure': 'none', 'confidence': 'high', 'ambiguity_note': ''}
[1571/1800] 01ee1cae30fe 482px ok 2.4s (2.8s/item avg, ~11 min left) {'ground_type': 'flat_field', 'shading_geometry': 'not_applicable', 'field_texture': 'smooth', 'enclosure': 'none', 'confidence': 'high', 'ambiguity_note': ''}
[1572/1800] 9e60177eb7fd 640px ok 2.7s (2.8s/item avg, ~11 min left) {'ground_type': 'full_scene', 'shading_geometry': 'not_applicable', 'field_texture': 'smooth', 'enclosure': 'none', 'confidence': 'high', 'ambiguity_note': ''}
[1573/1800] cc35f7f97c2c 400px ok 2.2s (2.8s/item avg, ~11 min left) {'ground_type': 'flat_field', 'shading_geometry': 'not_applicable', 'field_texture': 'smooth', 'enclosure': 'thick_frame_or_bars', 'confidence': 'high', 'ambiguity_note': ''}
[1574/1800] b6269d4f8e95 700px ok 3.0s (2.8s/item avg, ~11 min left) {'ground_type': 'flat_field', 'shading_geometry': 'not_applicable', 'field_texture': 'smooth', 'enclosure': 'none', 'confidence': 'high', 'ambiguity_note': ''}
[1575/1800] de95cff9bf56 147px ok 2.0s (2.8s/item avg, ~11 min left) {'ground_type': 'full_scene', 'shading_geometry': 'not_applicable', 'field_texture': 'smooth', 'enclosure': 'none', 'confidence': 'high', 'ambiguity_note': ''}
[1576/1800] b090791e3f86 640px ok 3.2s (2.8s/item avg, ~10 min left) {'ground_type': 'shaded_field', 'shading_geometry': 'radial_or_vignette', 'field_texture': 'one_textured_material', 'enclosure': 'none', 'confidence': 'high', 'ambiguity_note': ''}
[1577/1800] 329f6fd3e3a4 332px ok 2.1s (2.8s/item avg, ~10 min left) {'ground_type': 'flat_field', 'shading_geometry': 'not_applicable', 'field_texture': 'smooth', 'enclosure': 'none', 'confidence': 'high', 'ambiguity_note': ''}
[1578/1800] cb51b7ee442f 332px ok 2.1s (2.8s/item avg, ~10 min left) {'ground_type': 'flat_field', 'shading_geometry': 'not_applicable', 'field_texture': 'smooth', 'enclosure': 'none', 'confidence': 'high', 'ambiguity_note': ''}
[1579/1800] ad4a6a983e08 147px ok 2.4s (2.8s/item avg, ~10 min left) {'ground_type': 'shaded_field', 'shading_geometry': 'radial_or_vignette', 'field_texture': 'one_textured_material', 'enclosure': 'none', 'confidence': 'high', 'ambiguity_note': ''}
[1580/1800] 9dcba009d18e 253px ok 2.6s (2.8s/item avg, ~10 min left) {'ground_type': 'shaded_field', 'shading_geometry': 'radial_or_vignette', 'field_texture': 'smooth', 'enclosure': 'none', 'confidence': 'high', 'ambiguity_note': ''}
[1581/1800] 4e1818d741e1 333px ok 2.8s (2.8s/item avg, ~10 min left) {'ground_type': 'flat_field', 'shading_geometry': 'not_applicable', 'field_texture': 'smooth', 'enclosure': 'none', 'confidence': 'high', 'ambiguity_note': ''}
[1582/1800] b031a3fed3c7 483px ok 3.0s (2.8s/item avg, ~10 min left) {'ground_type': 'full_scene', 'shading_geometry': 'not_applicable', 'field_texture': 'smooth', 'enclosure': 'thick_frame_or_bars', 'confidence': 'high', 'ambiguity_note': ''}
[1583/1800] 97e0d3a98143 333px ok 2.5s (2.8s/item avg, ~10 min left) {'ground_type': 'full_scene', 'shading_geometry': 'not_applicable', 'field_texture': 'one_textured_material', 'enclosure': 'none', 'confidence': 'high', 'ambiguity_note': ''}
[1584/1800] 5e442b2b37b9 147px ok 2.6s (2.8s/item avg, ~10 min left) {'ground_type': 'flat_field', 'shading_geometry': 'not_applicable', 'field_texture': 'smooth', 'enclosure': 'none', 'confidence': 'high', 'ambiguity_note': ''}
[1585/1800] df868c6deccc 640px ok 3.3s (2.8s/item avg, ~10 min left) {'ground_type': 'shaded_field', 'shading_geometry': 'radial_or_vignette', 'field_texture': 'one_textured_material', 'enclosure': 'thick_frame_or_bars', 'confidence': 'high', 'ambiguity_note': ''}
[1586/1800] 847f8262fd47 332px ok 2.5s (2.8s/item avg, ~10 min left) {'ground_type': 'flat_field', 'shading_geometry': 'not_applicable', 'field_texture': 'smooth', 'enclosure': 'none', 'confidence': 'high', 'ambiguity_note': ''}
[1587/1800] 173ad1f508d4 700px ok 3.3s (2.8s/item avg, ~10 min left) {'ground_type': 'flat_field', 'shading_geometry': 'not_applicable', 'field_texture': 'smooth', 'enclosure': 'none', 'confidence': 'high', 'ambiguity_note': ''}
[1588/1800] 9dcba009d18e 700px ok 3.2s (2.8s/item avg, ~10 min left) {'ground_type': 'shaded_field', 'shading_geometry': 'radial_or_vignette', 'field_texture': 'smooth', 'enclosure': 'none', 'confidence': 'high', 'ambiguity_note': ''}
[1589/1800] 27eb5db4122f 700px ok 3.4s (2.8s/item avg, ~10 min left) {'ground_type': 'full_scene', 'shading_geometry': 'not_applicable', 'field_texture': 'one_textured_material', 'enclosure': 'none', 'confidence': 'high', 'ambiguity_note': ''}
[1590/1800] 9dcba009d18e 333px ok 2.2s (2.8s/item avg, ~10 min left) {'ground_type': 'flat_field', 'shading_geometry': 'not_applicable', 'field_texture': 'smooth', 'enclosure': 'none', 'confidence': 'high', 'ambiguity_note': ''}
[1591/1800] 857823f0b8ba 147px ok 2.3s (2.8s/item avg, ~10 min left) {'ground_type': 'flat_field', 'shading_geometry': 'not_applicable', 'field_texture': 'smooth', 'enclosure': 'none', 'confidence': 'high', 'ambiguity_note': ''}
[1592/1800] 537c750189aa 482px ok 2.7s (2.8s/item avg, ~10 min left) {'ground_type': 'flat_field', 'shading_geometry': 'not_applicable', 'field_texture': 'one_textured_material', 'enclosure': 'none', 'confidence': 'high', 'ambiguity_note': ''}
[1593/1800] 81caae4301b7 318px ok 2.4s (2.8s/item avg, ~10 min left) {'ground_type': 'pattern_or_texture', 'shading_geometry': 'not_applicable', 'field_texture': 'one_textured_material', 'enclosure': 'thin_border', 'confidence': 'high', 'ambiguity_note': ''}
[1594/1800] 35f371ce44f8 332px ok 2.3s (2.8s/item avg, ~10 min left) {'ground_type': 'flat_field', 'shading_geometry': 'not_applicable', 'field_texture': 'one_textured_material', 'enclosure': 'none', 'confidence': 'high', 'ambiguity_note': ''}
[1595/1800] 3530fe30e288 147px ok 2.2s (2.8s/item avg, ~10 min left) {'ground_type': 'flat_field', 'shading_geometry': 'not_applicable', 'field_texture': 'smooth', 'enclosure': 'none', 'confidence': 'high', 'ambiguity_note': ''}
[1596/1800] 0037b9286872 333px ok 2.2s (2.8s/item avg, ~10 min left) {'ground_type': 'full_scene', 'shading_geometry': 'not_applicable', 'field_texture': 'one_textured_material', 'enclosure': 'none', 'confidence': 'high', 'ambiguity_note': ''}
[1597/1800] 80bc63f9ccd2 147px ok 2.0s (2.8s/item avg, ~9 min left) {'ground_type': 'flat_field', 'shading_geometry': 'not_applicable', 'field_texture': 'one_textured_material', 'enclosure': 'none', 'confidence': 'high', 'ambiguity_note': ''}
[1598/1800] b11a43bb56a7 332px ok 2.2s (2.8s/item avg, ~9 min left) {'ground_type': 'flat_field', 'shading_geometry': 'not_applicable', 'field_texture': 'one_textured_material', 'enclosure': 'none', 'confidence': 'high', 'ambiguity_note': ''}
[1599/1800] 69b253a10904 253px ok 2.1s (2.8s/item avg, ~9 min left) {'ground_type': 'pattern_or_texture', 'shading_geometry': 'not_applicable', 'field_texture': 'one_textured_material', 'enclosure': 'none', 'confidence': 'high', 'ambiguity_note': ''}
[1600/1800] e4c6f4ef4e9f 700px ok 3.1s (2.8s/item avg, ~9 min left) {'ground_type': 'shaded_field', 'shading_geometry': 'radial_or_vignette', 'field_texture': 'smooth', 'enclosure': 'none', 'confidence': 'high', 'ambiguity_note': ''}
[1601/1800] 2eac7e11f364 253px ok 2.0s (2.8s/item avg, ~9 min left) {'ground_type': 'full_scene', 'shading_geometry': 'not_applicable', 'field_texture': 'one_textured_material', 'enclosure': 'none', 'confidence': 'high', 'ambiguity_note': ''}
[1602/1800] 75a7c16a155c 147px ok 2.0s (2.8s/item avg, ~9 min left) {'ground_type': 'full_scene', 'shading_geometry': 'not_applicable', 'field_texture': 'smooth', 'enclosure': 'none', 'confidence': 'high', 'ambiguity_note': ''}
[1603/1800] 786a62e00979 200px ok 2.0s (2.8s/item avg, ~9 min left) {'ground_type': 'flat_field', 'shading_geometry': 'not_applicable', 'field_texture': 'smooth', 'enclosure': 'none', 'confidence': 'high', 'ambiguity_note': ''}
[1604/1800] b02750a2fdf6 700px ok 2.9s (2.8s/item avg, ~9 min left) {'ground_type': 'flat_field', 'shading_geometry': 'not_applicable', 'field_texture': 'smooth', 'enclosure': 'none', 'confidence': 'high', 'ambiguity_note': ''}
[1605/1800] f6e43b68717b 700px ok 3.0s (2.8s/item avg, ~9 min left) {'ground_type': 'flat_field', 'shading_geometry': 'not_applicable', 'field_texture': 'smooth', 'enclosure': 'thin_border', 'confidence': 'high', 'ambiguity_note': ''}
[1606/1800] a2a0e2c51bc9 483px ok 2.5s (2.8s/item avg, ~9 min left) {'ground_type': 'multiple_distinct_fields', 'shading_geometry': 'not_applicable', 'field_texture': 'distinct_areas', 'enclosure': 'none', 'confidence': 'high', 'ambiguity_note': ''}
[1607/1800] d6ff23ac29d7 482px ok 2.5s (2.8s/item avg, ~9 min left) {'ground_type': 'pattern_or_texture', 'shading_geometry': 'not_applicable', 'field_texture': 'one_textured_material', 'enclosure': 'none', 'confidence': 'high', 'ambiguity_note': ''}
[1608/1800] 2e903dbde9f7 332px ok 2.2s (2.8s/item avg, ~9 min left) {'ground_type': 'flat_field', 'shading_geometry': 'not_applicable', 'field_texture': 'smooth', 'enclosure': 'none', 'confidence': 'high', 'ambiguity_note': ''}
[1609/1800] 2463421cc312 368px ok 2.2s (2.8s/item avg, ~9 min left) {'ground_type': 'shaded_field', 'shading_geometry': 'radial_or_vignette', 'field_texture': 'smooth', 'enclosure': 'none', 'confidence': 'high', 'ambiguity_note': ''}
[1610/1800] c4f5e8637499 700px ok 3.0s (2.8s/item avg, ~9 min left) {'ground_type': 'pattern_or_texture', 'shading_geometry': 'not_applicable', 'field_texture': 'one_textured_material', 'enclosure': 'none', 'confidence': 'high', 'ambiguity_note': ''}
[1611/1800] b2d5f19d4d18 147px ok 2.0s (2.8s/item avg, ~9 min left) {'ground_type': 'flat_field', 'shading_geometry': 'not_applicable', 'field_texture': 'one_textured_material', 'enclosure': 'none', 'confidence': 'high', 'ambiguity_note': ''}
[1612/1800] bb2c6d36183d 333px ok 2.1s (2.8s/item avg, ~9 min left) {'ground_type': 'multiple_distinct_fields', 'shading_geometry': 'not_applicable', 'field_texture': 'distinct_areas', 'enclosure': 'none', 'confidence': 'high', 'ambiguity_note': ''}
[1613/1800] 99fdced08fd5 482px ok 2.4s (2.8s/item avg, ~9 min left) {'ground_type': 'flat_field', 'shading_geometry': 'not_applicable', 'field_texture': 'one_textured_material', 'enclosure': 'none', 'confidence': 'high', 'ambiguity_note': ''}
[1614/1800] 01ee1cae30fe 483px ok 2.4s (2.8s/item avg, ~9 min left) {'ground_type': 'flat_field', 'shading_geometry': 'not_applicable', 'field_texture': 'smooth', 'enclosure': 'none', 'confidence': 'high', 'ambiguity_note': ''}
[1615/1800] cd121676048d 147px ok 2.0s (2.8s/item avg, ~9 min left) {'ground_type': 'flat_field', 'shading_geometry': 'not_applicable', 'field_texture': 'smooth', 'enclosure': 'none', 'confidence': 'high', 'ambiguity_note': ''}
[1616/1800] 07b122ad5a8e 253px ok 2.1s (2.8s/item avg, ~9 min left) {'ground_type': 'shaded_field', 'shading_geometry': 'radial_or_vignette', 'field_texture': 'one_textured_material', 'enclosure': 'none', 'confidence': 'high', 'ambiguity_note': ''}
[1617/1800] c9592efe4753 600px ok 2.6s (2.8s/item avg, ~9 min left) {'ground_type': 'flat_field', 'shading_geometry': 'not_applicable', 'field_texture': 'smooth', 'enclosure': 'none', 'confidence': 'high', 'ambiguity_note': ''}
[1618/1800] 847f8262fd47 700px ok 2.9s (2.8s/item avg, ~8 min left) {'ground_type': 'flat_field', 'shading_geometry': 'not_applicable', 'field_texture': 'smooth', 'enclosure': 'none', 'confidence': 'high', 'ambiguity_note': ''}
[1619/1800] 3ce1b0a9e1a4 640px ok 2.7s (2.8s/item avg, ~8 min left) {'ground_type': 'flat_field', 'shading_geometry': 'not_applicable', 'field_texture': 'smooth', 'enclosure': 'none', 'confidence': 'high', 'ambiguity_note': ''}
[1620/1800] fcbe3c60804b 332px ok 2.0s (2.8s/item avg, ~8 min left) {'ground_type': 'flat_field', 'shading_geometry': 'not_applicable', 'field_texture': 'smooth', 'enclosure': 'none', 'confidence': 'high', 'ambiguity_note': ''}
[1621/1800] 302e3e176b93 483px ok 2.4s (2.8s/item avg, ~8 min left) {'ground_type': 'flat_field', 'shading_geometry': 'not_applicable', 'field_texture': 'smooth', 'enclosure': 'none', 'confidence': 'high', 'ambiguity_note': ''}
[1622/1800] 4023fbec1f24 147px ok 2.0s (2.8s/item avg, ~8 min left) {'ground_type': 'multiple_distinct_fields', 'shading_geometry': 'not_applicable', 'field_texture': 'distinct_areas', 'enclosure': 'none', 'confidence': 'high', 'ambiguity_note': ''}
[1623/1800] 96a73f665b3b 333px ok 2.1s (2.8s/item avg, ~8 min left) {'ground_type': 'flat_field', 'shading_geometry': 'not_applicable', 'field_texture': 'smooth', 'enclosure': 'none', 'confidence': 'high', 'ambiguity_note': ''}
[1624/1800] 0a7519374d68 640px ok 2.8s (2.8s/item avg, ~8 min left) {'ground_type': 'full_scene', 'shading_geometry': 'not_applicable', 'field_texture': 'one_textured_material', 'enclosure': 'none', 'confidence': 'high', 'ambiguity_note': ''}
[1625/1800] f242f014c2e3 332px ok 2.1s (2.8s/item avg, ~8 min left) {'ground_type': 'flat_field', 'shading_geometry': 'not_applicable', 'field_texture': 'smooth', 'enclosure': 'none', 'confidence': 'high', 'ambiguity_note': ''}
[1626/1800] 8cca6ad26b00 483px ok 2.4s (2.8s/item avg, ~8 min left) {'ground_type': 'full_scene', 'shading_geometry': 'not_applicable', 'field_texture': 'smooth', 'enclosure': 'none', 'confidence': 'high', 'ambiguity_note': ''}
[1627/1800] 221675e27b7e 332px ok 2.1s (2.8s/item avg, ~8 min left) {'ground_type': 'full_scene', 'shading_geometry': 'not_applicable', 'field_texture': 'smooth', 'enclosure': 'none', 'confidence': 'high', 'ambiguity_note': ''}
[1628/1800] c454f6062593 483px ok 2.4s (2.8s/item avg, ~8 min left) {'ground_type': 'full_scene', 'shading_geometry': 'not_applicable', 'field_texture': 'one_textured_material', 'enclosure': 'none', 'confidence': 'high', 'ambiguity_note': ''}
[1629/1800] 017b500942de 300px ok 2.2s (2.8s/item avg, ~8 min left) {'ground_type': 'shaded_field', 'shading_geometry': 'radial_or_vignette', 'field_texture': 'smooth', 'enclosure': 'thin_border', 'confidence': 'high', 'ambiguity_note': ''}
[1630/1800] 6f001a7ab2fd 368px ok 2.3s (2.8s/item avg, ~8 min left) {'ground_type': 'flat_field', 'shading_geometry': 'not_applicable', 'field_texture': 'smooth', 'enclosure': 'thin_border', 'confidence': 'high', 'ambiguity_note': ''}
[1631/1800] d76d845e33b9 333px ok 2.0s (2.8s/item avg, ~8 min left) {'ground_type': 'shaded_field', 'shading_geometry': 'linear', 'field_texture': 'smooth', 'enclosure': 'none', 'confidence': 'high', 'ambiguity_note': ''}
[1632/1800] 967eabe51cbe 640px ok 3.1s (2.8s/item avg, ~8 min left) {'ground_type': 'shaded_field', 'shading_geometry': 'radial_or_vignette', 'field_texture': 'one_textured_material', 'enclosure': 'none', 'confidence': 'high', 'ambiguity_note': ''}
[1633/1800] 8a68065903e9 147px ok 2.1s (2.8s/item avg, ~8 min left) {'ground_type': 'flat_field', 'shading_geometry': 'not_applicable', 'field_texture': 'smooth', 'enclosure': 'thick_frame_or_bars', 'confidence': 'high', 'ambiguity_note': ''}
[1634/1800] fa99d6a7af11 333px ok 2.0s (2.8s/item avg, ~8 min left) {'ground_type': 'flat_field', 'shading_geometry': 'not_applicable', 'field_texture': 'smooth', 'enclosure': 'none', 'confidence': 'high', 'ambiguity_note': ''}
[1635/1800] 0a7519374d68 640px ok 2.7s (2.8s/item avg, ~8 min left) {'ground_type': 'full_scene', 'shading_geometry': 'not_applicable', 'field_texture': 'one_textured_material', 'enclosure': 'none', 'confidence': 'high', 'ambiguity_note': ''}
[1636/1800] 8014841d4dfd 483px ok 2.6s (2.8s/item avg, ~8 min left) {'ground_type': 'full_scene', 'shading_geometry': 'not_applicable', 'field_texture': 'one_textured_material', 'enclosure': 'thick_frame_or_bars', 'confidence': 'high', 'ambiguity_note': ''}
[1637/1800] ac701a65f3a4 700px ok 2.9s (2.8s/item avg, ~8 min left) {'ground_type': 'flat_field', 'shading_geometry': 'not_applicable', 'field_texture': 'smooth', 'enclosure': 'none', 'confidence': 'high', 'ambiguity_note': ''}
[1638/1800] 0032ccefda14 332px ok 2.1s (2.8s/item avg, ~8 min left) {'ground_type': 'flat_field', 'shading_geometry': 'not_applicable', 'field_texture': 'smooth', 'enclosure': 'none', 'confidence': 'high', 'ambiguity_note': ''}
[1639/1800] c12b1e16c0d3 147px ok 2.0s (2.8s/item avg, ~7 min left) {'ground_type': 'flat_field', 'shading_geometry': 'not_applicable', 'field_texture': 'smooth', 'enclosure': 'none', 'confidence': 'high', 'ambiguity_note': ''}
[1640/1800] a42050e1b043 147px ok 2.0s (2.8s/item avg, ~7 min left) {'ground_type': 'flat_field', 'shading_geometry': 'not_applicable', 'field_texture': 'one_textured_material', 'enclosure': 'none', 'confidence': 'high', 'ambiguity_note': ''}
[1641/1800] 6c54d6f683dd 483px ok 2.3s (2.8s/item avg, ~7 min left) {'ground_type': 'flat_field', 'shading_geometry': 'not_applicable', 'field_texture': 'smooth', 'enclosure': 'none', 'confidence': 'high', 'ambiguity_note': ''}
[1642/1800] 853322ae0fe1 482px ok 2.3s (2.8s/item avg, ~7 min left) {'ground_type': 'flat_field', 'shading_geometry': 'not_applicable', 'field_texture': 'smooth', 'enclosure': 'none', 'confidence': 'high', 'ambiguity_note': ''}
[1643/1800] 191505fb4e14 147px ok 2.1s (2.8s/item avg, ~7 min left) {'ground_type': 'multiple_distinct_fields', 'shading_geometry': 'not_applicable', 'field_texture': 'distinct_areas', 'enclosure': 'none', 'confidence': 'high', 'ambiguity_note': ''}
[1644/1800] 967eabe51cbe 332px ok 2.3s (2.8s/item avg, ~7 min left) {'ground_type': 'shaded_field', 'shading_geometry': 'radial_or_vignette', 'field_texture': 'one_textured_material', 'enclosure': 'thin_border', 'confidence': 'high', 'ambiguity_note': ''}
[1645/1800] f942f26e8d58 147px ok 2.0s (2.8s/item avg, ~7 min left) {'ground_type': 'flat_field', 'shading_geometry': 'not_applicable', 'field_texture': 'smooth', 'enclosure': 'none', 'confidence': 'high', 'ambiguity_note': ''}
[1646/1800] a4fc6b04df10 147px ok 2.0s (2.8s/item avg, ~7 min left) {'ground_type': 'flat_field', 'shading_geometry': 'not_applicable', 'field_texture': 'smooth', 'enclosure': 'none', 'confidence': 'high', 'ambiguity_note': ''}
[1647/1800] 6fb954fcface 640px ok 2.7s (2.8s/item avg, ~7 min left) {'ground_type': 'flat_field', 'shading_geometry': 'not_applicable', 'field_texture': 'smooth', 'enclosure': 'none', 'confidence': 'high', 'ambiguity_note': ''}
[1648/1800] 57ea0d32636c 147px ok 2.0s (2.8s/item avg, ~7 min left) {'ground_type': 'flat_field', 'shading_geometry': 'not_applicable', 'field_texture': 'one_textured_material', 'enclosure': 'none', 'confidence': 'high', 'ambiguity_note': ''}
[1649/1800] 1e5bbb09a8c8 399px ok 2.3s (2.8s/item avg, ~7 min left) {'ground_type': 'shaded_field', 'shading_geometry': 'radial_or_vignette', 'field_texture': 'one_textured_material', 'enclosure': 'none', 'confidence': 'high', 'ambiguity_note': ''}
[1650/1800] d82b8bdd68e8 333px ok 2.4s (2.8s/item avg, ~7 min left) {'ground_type': 'full_scene', 'shading_geometry': 'not_applicable', 'field_texture': 'smooth', 'enclosure': 'none', 'confidence': 'medium', 'ambiguity_note': 'background appears to be an indoor setting but details are indistinct'}
[1651/1800] b02750a2fdf6 700px ok 2.9s (2.8s/item avg, ~7 min left) {'ground_type': 'flat_field', 'shading_geometry': 'not_applicable', 'field_texture': 'smooth', 'enclosure': 'none', 'confidence': 'high', 'ambiguity_note': ''}
[1652/1800] 281c7c5baafe 333px ok 2.1s (2.8s/item avg, ~7 min left) {'ground_type': 'full_scene', 'shading_geometry': 'not_applicable', 'field_texture': 'one_textured_material', 'enclosure': 'none', 'confidence': 'high', 'ambiguity_note': ''}
[1653/1800] fe3ad629099e 482px ok 2.5s (2.8s/item avg, ~7 min left) {'ground_type': 'shaded_field', 'shading_geometry': 'radial_or_vignette', 'field_texture': 'one_textured_material', 'enclosure': 'none', 'confidence': 'high', 'ambiguity_note': ''}
[1654/1800] 07b122ad5a8e 700px ok 3.1s (2.8s/item avg, ~7 min left) {'ground_type': 'shaded_field', 'shading_geometry': 'radial_or_vignette', 'field_texture': 'one_textured_material', 'enclosure': 'none', 'confidence': 'high', 'ambiguity_note': ''}
[1655/1800] 980ae286aedd 333px ok 2.1s (2.8s/item avg, ~7 min left) {'ground_type': 'flat_field', 'shading_geometry': 'not_applicable', 'field_texture': 'smooth', 'enclosure': 'none', 'confidence': 'high', 'ambiguity_note': ''}
[1656/1800] 81caae4301b7 640px ok 2.9s (2.8s/item avg, ~7 min left) {'ground_type': 'pattern_or_texture', 'shading_geometry': 'not_applicable', 'field_texture': 'one_textured_material', 'enclosure': 'thin_border', 'confidence': 'high', 'ambiguity_note': ''}
[1657/1800] 1cf4d237bc8f 333px ok 2.0s (2.8s/item avg, ~7 min left) {'ground_type': 'flat_field', 'shading_geometry': 'not_applicable', 'field_texture': 'smooth', 'enclosure': 'none', 'confidence': 'high', 'ambiguity_note': ''}
[1658/1800] 7ac6bebcc9a9 300px ok 2.0s (2.8s/item avg, ~7 min left) {'ground_type': 'full_scene', 'shading_geometry': 'not_applicable', 'field_texture': 'smooth', 'enclosure': 'none', 'confidence': 'high', 'ambiguity_note': ''}
[1659/1800] 8121a8f30fb5 300px ok 2.1s (2.8s/item avg, ~7 min left) {'ground_type': 'flat_field', 'shading_geometry': 'not_applicable', 'field_texture': 'smooth', 'enclosure': 'none', 'confidence': 'high', 'ambiguity_note': ''}
[1660/1800] 34824231fd2c 483px ok 2.7s (2.8s/item avg, ~7 min left) {'ground_type': 'flat_field', 'shading_geometry': 'not_applicable', 'field_texture': 'smooth', 'enclosure': 'none', 'confidence': 'high', 'ambiguity_note': ''}
[1661/1800] c63f94d6acdf 332px ok 2.2s (2.8s/item avg, ~6 min left) {'ground_type': 'shaded_field', 'shading_geometry': 'not_applicable', 'field_texture': 'one_textured_material', 'enclosure': 'none', 'confidence': 'high', 'ambiguity_note': ''}
[1662/1800] c9fbb83c728d 147px ok 2.0s (2.8s/item avg, ~6 min left) {'ground_type': 'flat_field', 'shading_geometry': 'not_applicable', 'field_texture': 'smooth', 'enclosure': 'none', 'confidence': 'high', 'ambiguity_note': ''}
[1663/1800] 183b749cc339 483px ok 2.4s (2.8s/item avg, ~6 min left) {'ground_type': 'full_scene', 'shading_geometry': 'not_applicable', 'field_texture': 'one_textured_material', 'enclosure': 'thin_border', 'confidence': 'high', 'ambiguity_note': ''}
[1664/1800] 257b37d24108 147px ok 2.0s (2.8s/item avg, ~6 min left) {'ground_type': 'full_scene', 'shading_geometry': 'not_applicable', 'field_texture': 'smooth', 'enclosure': 'none', 'confidence': 'high', 'ambiguity_note': ''}
[1665/1800] 158a1915ee79 483px ok 2.3s (2.8s/item avg, ~6 min left) {'ground_type': 'flat_field', 'shading_geometry': 'not_applicable', 'field_texture': 'smooth', 'enclosure': 'none', 'confidence': 'high', 'ambiguity_note': ''}
[1666/1800] 4a7578f0a976 147px ok 2.1s (2.8s/item avg, ~6 min left) {'ground_type': 'flat_field', 'shading_geometry': 'not_applicable', 'field_texture': 'one_textured_material', 'enclosure': 'thin_border', 'confidence': 'high', 'ambiguity_note': ''}
[1667/1800] e8c360963590 332px ok 2.1s (2.8s/item avg, ~6 min left) {'ground_type': 'shaded_field', 'shading_geometry': 'radial_or_vignette', 'field_texture': 'smooth', 'enclosure': 'none', 'confidence': 'high', 'ambiguity_note': ''}
[1668/1800] de95cff9bf56 333px ok 2.1s (2.8s/item avg, ~6 min left) {'ground_type': 'full_scene', 'shading_geometry': 'not_applicable', 'field_texture': 'smooth', 'enclosure': 'none', 'confidence': 'high', 'ambiguity_note': ''}
[1669/1800] d5c5ca3c64fd 482px ok 2.4s (2.8s/item avg, ~6 min left) {'ground_type': 'flat_field', 'shading_geometry': 'not_applicable', 'field_texture': 'smooth', 'enclosure': 'none', 'confidence': 'high', 'ambiguity_note': ''}
[1670/1800] 8fb08da5b669 333px ok 2.1s (2.8s/item avg, ~6 min left) {'ground_type': 'flat_field', 'shading_geometry': 'not_applicable', 'field_texture': 'smooth', 'enclosure': 'none', 'confidence': 'high', 'ambiguity_note': ''}
[1671/1800] 4583a2effb86 333px ok 2.1s (2.8s/item avg, ~6 min left) {'ground_type': 'flat_field', 'shading_geometry': 'not_applicable', 'field_texture': 'smooth', 'enclosure': 'none', 'confidence': 'high', 'ambiguity_note': ''}
[1672/1800] 594bff88468c 332px ok 2.1s (2.8s/item avg, ~6 min left) {'ground_type': 'shaded_field', 'shading_geometry': 'radial_or_vignette', 'field_texture': 'smooth', 'enclosure': 'none', 'confidence': 'high', 'ambiguity_note': ''}
[1673/1800] c0d7f5933e81 332px ok 2.2s (2.8s/item avg, ~6 min left) {'ground_type': 'shaded_field', 'shading_geometry': 'radial_or_vignette', 'field_texture': 'smooth', 'enclosure': 'none', 'confidence': 'high', 'ambiguity_note': ''}
[1674/1800] 8559fe9e6f57 333px ok 2.1s (2.8s/item avg, ~6 min left) {'ground_type': 'flat_field', 'shading_geometry': 'not_applicable', 'field_texture': 'smooth', 'enclosure': 'none', 'confidence': 'high', 'ambiguity_note': ''}
[1675/1800] 33c71bf3167a 640px ok 2.8s (2.8s/item avg, ~6 min left) {'ground_type': 'flat_field', 'shading_geometry': 'not_applicable', 'field_texture': 'one_textured_material', 'enclosure': 'none', 'confidence': 'high', 'ambiguity_note': ''}
[1676/1800] d39a1d638f61 318px ok 2.1s (2.8s/item avg, ~6 min left) {'ground_type': 'pattern_or_texture', 'shading_geometry': 'not_applicable', 'field_texture': 'one_textured_material', 'enclosure': 'none', 'confidence': 'high', 'ambiguity_note': ''}
[1677/1800] 9305628bddee 112px ok 2.0s (2.8s/item avg, ~6 min left) {'ground_type': 'flat_field', 'shading_geometry': 'not_applicable', 'field_texture': 'smooth', 'enclosure': 'none', 'confidence': 'high', 'ambiguity_note': ''}
[1678/1800] 5f262d251207 700px ok 3.1s (2.8s/item avg, ~6 min left) {'ground_type': 'multiple_distinct_fields', 'shading_geometry': 'not_applicable', 'field_texture': 'distinct_areas', 'enclosure': 'none', 'confidence': 'high', 'ambiguity_note': ''}
[1679/1800] b985b4688dc1 147px ok 2.0s (2.8s/item avg, ~6 min left) {'ground_type': 'flat_field', 'shading_geometry': 'not_applicable', 'field_texture': 'smooth', 'enclosure': 'none', 'confidence': 'high', 'ambiguity_note': ''}
[1680/1800] 7c2d1d2d936b 640px ok 2.8s (2.8s/item avg, ~6 min left) {'ground_type': 'flat_field', 'shading_geometry': 'not_applicable', 'field_texture': 'one_textured_material', 'enclosure': 'thin_border', 'confidence': 'high', 'ambiguity_note': ''}
[1681/1800] 2d88913489ef 482px ok 2.5s (2.8s/item avg, ~6 min left) {'ground_type': 'full_scene', 'shading_geometry': 'not_applicable', 'field_texture': 'smooth', 'enclosure': 'thick_frame_or_bars', 'confidence': 'high', 'ambiguity_note': ''}
[1682/1800] 3c8a7ed0cccb 640px ok 2.8s (2.8s/item avg, ~5 min left) {'ground_type': 'multiple_distinct_fields', 'shading_geometry': 'not_applicable', 'field_texture': 'one_textured_material', 'enclosure': 'none', 'confidence': 'high', 'ambiguity_note': ''}
[1683/1800] 4a7578f0a976 483px ok 2.5s (2.8s/item avg, ~5 min left) {'ground_type': 'shaded_field', 'shading_geometry': 'radial_or_vignette', 'field_texture': 'one_textured_material', 'enclosure': 'thin_border', 'confidence': 'high', 'ambiguity_note': ''}
[1684/1800] 48c2e209baf5 640px ok 3.2s (2.8s/item avg, ~5 min left) {'ground_type': 'shaded_field', 'shading_geometry': 'radial_or_vignette', 'field_texture': 'one_textured_material', 'enclosure': 'none', 'confidence': 'high', 'ambiguity_note': ''}
[1685/1800] 91e0cce7b61a 483px ok 2.4s (2.8s/item avg, ~5 min left) {'ground_type': 'flat_field', 'shading_geometry': 'not_applicable', 'field_texture': 'smooth', 'enclosure': 'none', 'confidence': 'high', 'ambiguity_note': ''}
[1686/1800] 8e6a432e77c0 640px ok 3.0s (2.8s/item avg, ~5 min left) {'ground_type': 'shaded_field', 'shading_geometry': 'radial_or_vignette', 'field_texture': 'one_textured_material', 'enclosure': 'thick_frame_or_bars', 'confidence': 'high', 'ambiguity_note': ''}
[1687/1800] 8014841d4dfd 482px ok 2.5s (2.8s/item avg, ~5 min left) {'ground_type': 'full_scene', 'shading_geometry': 'not_applicable', 'field_texture': 'one_textured_material', 'enclosure': 'thin_border', 'confidence': 'high', 'ambiguity_note': ''}
[1688/1800] 6fb82b1b3ff4 332px ok 2.1s (2.8s/item avg, ~5 min left) {'ground_type': 'flat_field', 'shading_geometry': 'not_applicable', 'field_texture': 'smooth', 'enclosure': 'none', 'confidence': 'high', 'ambiguity_note': ''}
[1689/1800] 329f6fd3e3a4 253px ok 2.0s (2.8s/item avg, ~5 min left) {'ground_type': 'flat_field', 'shading_geometry': 'not_applicable', 'field_texture': 'smooth', 'enclosure': 'none', 'confidence': 'high', 'ambiguity_note': ''}
[1690/1800] 400c9b467fc8 333px ok 2.1s (2.8s/item avg, ~5 min left) {'ground_type': 'flat_field', 'shading_geometry': 'not_applicable', 'field_texture': 'smooth', 'enclosure': 'none', 'confidence': 'high', 'ambiguity_note': ''}
[1691/1800] c4aed9dadecc 220px ok 2.0s (2.8s/item avg, ~5 min left) {'ground_type': 'full_scene', 'shading_geometry': 'not_applicable', 'field_texture': 'distinct_areas', 'enclosure': 'none', 'confidence': 'high', 'ambiguity_note': ''}
[1692/1800] e9dfd732a0da 280px ok 2.1s (2.8s/item avg, ~5 min left) {'ground_type': 'flat_field', 'shading_geometry': 'not_applicable', 'field_texture': 'one_textured_material', 'enclosure': 'none', 'confidence': 'high', 'ambiguity_note': ''}
[1693/1800] 97e0d3a98143 640px ok 2.8s (2.8s/item avg, ~5 min left) {'ground_type': 'full_scene', 'shading_geometry': 'not_applicable', 'field_texture': 'one_textured_material', 'enclosure': 'none', 'confidence': 'high', 'ambiguity_note': ''}
[1694/1800] 2ab00e5fcb74 640px ok 2.8s (2.8s/item avg, ~5 min left) {'ground_type': 'flat_field', 'shading_geometry': 'not_applicable', 'field_texture': 'smooth', 'enclosure': 'thin_border', 'confidence': 'high', 'ambiguity_note': ''}
[1695/1800] 5e442b2b37b9 112px ok 2.2s (2.8s/item avg, ~5 min left) {'ground_type': 'flat_field', 'shading_geometry': 'not_applicable', 'field_texture': 'smooth', 'enclosure': 'none', 'confidence': 'high', 'ambiguity_note': ''}
[1696/1800] 20db369b046d 332px ok 2.1s (2.8s/item avg, ~5 min left) {'ground_type': 'flat_field', 'shading_geometry': 'not_applicable', 'field_texture': 'smooth', 'enclosure': 'none', 'confidence': 'high', 'ambiguity_note': ''}
[1697/1800] a1f9a49f1822 400px ok 2.3s (2.8s/item avg, ~5 min left) {'ground_type': 'shaded_field', 'shading_geometry': 'radial_or_vignette', 'field_texture': 'one_textured_material', 'enclosure': 'none', 'confidence': 'high', 'ambiguity_note': ''}
[1698/1800] ab05370a44cf 147px ok 2.2s (2.8s/item avg, ~5 min left) {'ground_type': 'full_scene', 'shading_geometry': 'not_applicable', 'field_texture': 'one_textured_material', 'enclosure': 'thin_border', 'confidence': 'high', 'ambiguity_note': ''}
[1699/1800] 1c2ec13e761c 147px ok 2.2s (2.8s/item avg, ~5 min left) {'ground_type': 'shaded_field', 'shading_geometry': 'radial_or_vignette', 'field_texture': 'one_textured_material', 'enclosure': 'thin_border', 'confidence': 'high', 'ambiguity_note': ''}
[1700/1800] 63b2bb8fb64a 483px ok 2.5s (2.8s/item avg, ~5 min left) {'ground_type': 'shaded_field', 'shading_geometry': 'radial_or_vignette', 'field_texture': 'smooth', 'enclosure': 'none', 'confidence': 'high', 'ambiguity_note': ''}
[1701/1800] c90cb65ca84c 332px ok 2.1s (2.8s/item avg, ~5 min left) {'ground_type': 'flat_field', 'shading_geometry': 'not_applicable', 'field_texture': 'smooth', 'enclosure': 'none', 'confidence': 'high', 'ambiguity_note': ''}
[1702/1800] ced19c35e7b1 700px ok 3.0s (2.8s/item avg, ~5 min left) {'ground_type': 'flat_field', 'shading_geometry': 'not_applicable', 'field_texture': 'smooth', 'enclosure': 'none', 'confidence': 'high', 'ambiguity_note': ''}
[1703/1800] 522f76886197 333px ok 2.1s (2.8s/item avg, ~4 min left) {'ground_type': 'flat_field', 'shading_geometry': 'not_applicable', 'field_texture': 'smooth', 'enclosure': 'none', 'confidence': 'high', 'ambiguity_note': ''}
[1704/1800] 4023fbec1f24 640px ok 2.8s (2.8s/item avg, ~4 min left) {'ground_type': 'multiple_distinct_fields', 'shading_geometry': 'not_applicable', 'field_texture': 'distinct_areas', 'enclosure': 'none', 'confidence': 'high', 'ambiguity_note': ''}
[1705/1800] d37067c46e2d 482px ok 2.7s (2.8s/item avg, ~4 min left) {'ground_type': 'multiple_distinct_fields', 'shading_geometry': 'not_applicable', 'field_texture': 'distinct_areas', 'enclosure': 'thin_border', 'confidence': 'high', 'ambiguity_note': ''}
[1706/1800] a42050e1b043 333px ok 2.3s (2.8s/item avg, ~4 min left) {'ground_type': 'flat_field', 'shading_geometry': 'not_applicable', 'field_texture': 'smooth', 'enclosure': 'none', 'confidence': 'high', 'ambiguity_note': ''}
[1707/1800] 158a1915ee79 147px ok 2.1s (2.8s/item avg, ~4 min left) {'ground_type': 'flat_field', 'shading_geometry': 'not_applicable', 'field_texture': 'smooth', 'enclosure': 'none', 'confidence': 'high', 'ambiguity_note': ''}
[1708/1800] e4cb53c56818 332px ok 2.1s (2.8s/item avg, ~4 min left) {'ground_type': 'flat_field', 'shading_geometry': 'not_applicable', 'field_texture': 'smooth', 'enclosure': 'none', 'confidence': 'high', 'ambiguity_note': ''}
[1709/1800] a4fc6b04df10 368px ok 2.2s (2.8s/item avg, ~4 min left) {'ground_type': 'flat_field', 'shading_geometry': 'not_applicable', 'field_texture': 'smooth', 'enclosure': 'thin_border', 'confidence': 'high', 'ambiguity_note': ''}
[1710/1800] 7f6125e05b70 483px ok 2.4s (2.8s/item avg, ~4 min left) {'ground_type': 'flat_field', 'shading_geometry': 'not_applicable', 'field_texture': 'smooth', 'enclosure': 'none', 'confidence': 'high', 'ambiguity_note': ''}
[1711/1800] 6b9ddd24a097 640px ok 2.9s (2.8s/item avg, ~4 min left) {'ground_type': 'flat_field', 'shading_geometry': 'not_applicable', 'field_texture': 'smooth', 'enclosure': 'thick_frame_or_bars', 'confidence': 'high', 'ambiguity_note': ''}
[1712/1800] bb2c6d36183d 640px ok 3.0s (2.8s/item avg, ~4 min left) {'ground_type': 'multiple_distinct_fields', 'shading_geometry': 'not_applicable', 'field_texture': 'smooth', 'enclosure': 'thin_border', 'confidence': 'high', 'ambiguity_note': ''}
[1713/1800] 522f76886197 147px ok 2.0s (2.8s/item avg, ~4 min left) {'ground_type': 'flat_field', 'shading_geometry': 'not_applicable', 'field_texture': 'smooth', 'enclosure': 'none', 'confidence': 'high', 'ambiguity_note': ''}
[1714/1800] 088a0cbc332b 147px ok 2.0s (2.8s/item avg, ~4 min left) {'ground_type': 'flat_field', 'shading_geometry': 'not_applicable', 'field_texture': 'smooth', 'enclosure': 'none', 'confidence': 'high', 'ambiguity_note': ''}
[1715/1800] cdd4f96a94dd 147px ok 2.3s (2.8s/item avg, ~4 min left) {'ground_type': 'full_scene', 'shading_geometry': 'not_applicable', 'field_texture': 'smooth', 'enclosure': 'none', 'confidence': 'high', 'ambiguity_note': ''}
[1716/1800] b26709a4ea6f 147px ok 2.2s (2.8s/item avg, ~4 min left) {'ground_type': 'flat_field', 'shading_geometry': 'not_applicable', 'field_texture': 'smooth', 'enclosure': 'none', 'confidence': 'high', 'ambiguity_note': ''}
[1717/1800] c43e7c8cfbd6 300px ok 2.4s (2.8s/item avg, ~4 min left) {'ground_type': 'shaded_field', 'shading_geometry': 'radial_or_vignette', 'field_texture': 'one_textured_material', 'enclosure': 'none', 'confidence': 'high', 'ambiguity_note': ''}
[1718/1800] a42050e1b043 332px ok 2.1s (2.8s/item avg, ~4 min left) {'ground_type': 'flat_field', 'shading_geometry': 'not_applicable', 'field_texture': 'one_textured_material', 'enclosure': 'none', 'confidence': 'high', 'ambiguity_note': ''}
[1719/1800] 57e61b20c7de 483px ok 2.5s (2.8s/item avg, ~4 min left) {'ground_type': 'shaded_field', 'shading_geometry': 'radial_or_vignette', 'field_texture': 'one_textured_material', 'enclosure': 'none', 'confidence': 'high', 'ambiguity_note': ''}
[1720/1800] fed2068f7002 1079px ok 4.8s (2.8s/item avg, ~4 min left) {'ground_type': 'pattern_or_texture', 'shading_geometry': 'not_applicable', 'field_texture': 'one_textured_material', 'enclosure': 'none', 'confidence': 'high', 'ambiguity_note': ''}
[1721/1800] 594bff88468c 147px ok 2.2s (2.8s/item avg, ~4 min left) {'ground_type': 'shaded_field', 'shading_geometry': 'radial_or_vignette', 'field_texture': 'smooth', 'enclosure': 'none', 'confidence': 'high', 'ambiguity_note': ''}
[1722/1800] c251cd0825af 482px ok 2.3s (2.8s/item avg, ~4 min left) {'ground_type': 'full_scene', 'shading_geometry': 'not_applicable', 'field_texture': 'smooth', 'enclosure': 'none', 'confidence': 'high', 'ambiguity_note': ''}
[1723/1800] c4aed9dadecc 332px ok 2.1s (2.8s/item avg, ~4 min left) {'ground_type': 'full_scene', 'shading_geometry': 'not_applicable', 'field_texture': 'distinct_areas', 'enclosure': 'none', 'confidence': 'high', 'ambiguity_note': ''}
[1724/1800] 4369fd3ce2ee 640px ok 2.8s (2.8s/item avg, ~4 min left) {'ground_type': 'flat_field', 'shading_geometry': 'not_applicable', 'field_texture': 'smooth', 'enclosure': 'none', 'confidence': 'high', 'ambiguity_note': ''}
[1725/1800] 40fc5c79e778 700px ok 2.9s (2.8s/item avg, ~3 min left) {'ground_type': 'flat_field', 'shading_geometry': 'not_applicable', 'field_texture': 'smooth', 'enclosure': 'none', 'confidence': 'high', 'ambiguity_note': ''}
[1726/1800] 5008f4f9890d 700px ok 3.0s (2.8s/item avg, ~3 min left) {'ground_type': 'full_scene', 'shading_geometry': 'not_applicable', 'field_texture': 'one_textured_material', 'enclosure': 'none', 'confidence': 'high', 'ambiguity_note': ''}
[1727/1800] bb2c6d36183d 147px ok 2.2s (2.8s/item avg, ~3 min left) {'ground_type': 'multiple_distinct_fields', 'shading_geometry': 'not_applicable', 'field_texture': 'distinct_areas', 'enclosure': 'thin_border', 'confidence': 'high', 'ambiguity_note': ''}
[1728/1800] 3d2d0e28037f 332px ok 2.8s (2.8s/item avg, ~3 min left) {'ground_type': 'flat_field', 'shading_geometry': 'not_applicable', 'field_texture': 'smooth', 'enclosure': 'thin_border', 'confidence': 'high', 'ambiguity_note': ''}
[1729/1800] 594bff88468c 253px ok 3.3s (2.8s/item avg, ~3 min left) {'ground_type': 'shaded_field', 'shading_geometry': 'radial_or_vignette', 'field_texture': 'smooth', 'enclosure': 'none', 'confidence': 'high', 'ambiguity_note': ''}
[1730/1800] b090791e3f86 640px ok 3.5s (2.8s/item avg, ~3 min left) {'ground_type': 'shaded_field', 'shading_geometry': 'radial_or_vignette', 'field_texture': 'one_textured_material', 'enclosure': 'none', 'confidence': 'high', 'ambiguity_note': ''}
[1731/1800] bfdd01d451b2 700px ok 3.6s (2.8s/item avg, ~3 min left) {'ground_type': 'shaded_field', 'shading_geometry': 'radial_or_vignette', 'field_texture': 'smooth', 'enclosure': 'none', 'confidence': 'high', 'ambiguity_note': ''}
[1732/1800] 0f2af71d76af 483px ok 2.6s (2.8s/item avg, ~3 min left) {'ground_type': 'pattern_or_texture', 'shading_geometry': 'not_applicable', 'field_texture': 'one_textured_material', 'enclosure': 'thin_border', 'confidence': 'high', 'ambiguity_note': ''}
[1733/1800] e4cb53c56818 112px ok 2.0s (2.8s/item avg, ~3 min left) {'ground_type': 'flat_field', 'shading_geometry': 'not_applicable', 'field_texture': 'smooth', 'enclosure': 'none', 'confidence': 'high', 'ambiguity_note': ''}
[1734/1800] 48c2e209baf5 368px ok 2.3s (2.8s/item avg, ~3 min left) {'ground_type': 'shaded_field', 'shading_geometry': 'radial_or_vignette', 'field_texture': 'one_textured_material', 'enclosure': 'none', 'confidence': 'high', 'ambiguity_note': ''}
[1735/1800] 4520c2942916 200px ok 2.1s (2.8s/item avg, ~3 min left) {'ground_type': 'multiple_distinct_fields', 'shading_geometry': 'not_applicable', 'field_texture': 'distinct_areas', 'enclosure': 'none', 'confidence': 'high', 'ambiguity_note': ''}
[1736/1800] 63b2bb8fb64a 332px ok 2.4s (2.8s/item avg, ~3 min left) {'ground_type': 'flat_field', 'shading_geometry': 'not_applicable', 'field_texture': 'smooth', 'enclosure': 'none', 'confidence': 'high', 'ambiguity_note': ''}
[1737/1800] c869762d1298 700px ok 3.2s (2.8s/item avg, ~3 min left) {'ground_type': 'full_scene', 'shading_geometry': 'not_applicable', 'field_texture': 'one_textured_material', 'enclosure': 'none', 'confidence': 'high', 'ambiguity_note': ''}
[1738/1800] 768a4cb45980 640px ok 3.2s (2.8s/item avg, ~3 min left) {'ground_type': 'flat_field', 'shading_geometry': 'not_applicable', 'field_texture': 'smooth', 'enclosure': 'none', 'confidence': 'high', 'ambiguity_note': ''}
[1739/1800] 6478e9b461c9 318px ok 2.5s (2.8s/item avg, ~3 min left) {'ground_type': 'shaded_field', 'shading_geometry': 'radial_or_vignette', 'field_texture': 'smooth', 'enclosure': 'none', 'confidence': 'high', 'ambiguity_note': ''}
[1740/1800] 3530fe30e288 332px ok 2.1s (2.8s/item avg, ~3 min left) {'ground_type': 'flat_field', 'shading_geometry': 'not_applicable', 'field_texture': 'smooth', 'enclosure': 'none', 'confidence': 'high', 'ambiguity_note': ''}
[1741/1800] 345246b727bd 640px ok 3.2s (2.8s/item avg, ~3 min left) {'ground_type': 'shaded_field', 'shading_geometry': 'radial_or_vignette', 'field_texture': 'one_textured_material', 'enclosure': 'none', 'confidence': 'high', 'ambiguity_note': ''}
[1742/1800] 281c7c5baafe 147px ok 2.4s (2.8s/item avg, ~3 min left) {'ground_type': 'full_scene', 'shading_geometry': 'not_applicable', 'field_texture': 'one_textured_material', 'enclosure': 'none', 'confidence': 'high', 'ambiguity_note': ''}
[1743/1800] 5788818544b3 147px ok 2.0s (2.8s/item avg, ~3 min left) {'ground_type': 'flat_field', 'shading_geometry': 'not_applicable', 'field_texture': 'smooth', 'enclosure': 'none', 'confidence': 'high', 'ambiguity_note': ''}
[1744/1800] 3b899c9447c7 332px ok 2.1s (2.8s/item avg, ~3 min left) {'ground_type': 'full_scene', 'shading_geometry': 'not_applicable', 'field_texture': 'one_textured_material', 'enclosure': 'none', 'confidence': 'high', 'ambiguity_note': ''}
[1745/1800] 5d69fb1bfbb6 147px ok 2.0s (2.8s/item avg, ~3 min left) {'ground_type': 'full_scene', 'shading_geometry': 'not_applicable', 'field_texture': 'smooth', 'enclosure': 'none', 'confidence': 'high', 'ambiguity_note': ''}
[1746/1800] 07b122ad5a8e 332px ok 2.2s (2.8s/item avg, ~2 min left) {'ground_type': 'shaded_field', 'shading_geometry': 'radial_or_vignette', 'field_texture': 'one_textured_material', 'enclosure': 'none', 'confidence': 'high', 'ambiguity_note': ''}
[1747/1800] 7f8688ad0434 350px ok 2.1s (2.8s/item avg, ~2 min left) {'ground_type': 'flat_field', 'shading_geometry': 'not_applicable', 'field_texture': 'smooth', 'enclosure': 'none', 'confidence': 'high', 'ambiguity_note': ''}
[1748/1800] 34b0f78d4048 332px ok 2.1s (2.8s/item avg, ~2 min left) {'ground_type': 'flat_field', 'shading_geometry': 'not_applicable', 'field_texture': 'smooth', 'enclosure': 'thin_border', 'confidence': 'high', 'ambiguity_note': ''}
[1749/1800] b24ad50dce60 600px ok 2.7s (2.8s/item avg, ~2 min left) {'ground_type': 'flat_field', 'shading_geometry': 'not_applicable', 'field_texture': 'smooth', 'enclosure': 'none', 'confidence': 'high', 'ambiguity_note': ''}
[1750/1800] d8767320f854 640px ok 2.7s (2.8s/item avg, ~2 min left) {'ground_type': 'flat_field', 'shading_geometry': 'not_applicable', 'field_texture': 'smooth', 'enclosure': 'none', 'confidence': 'high', 'ambiguity_note': ''}
[1751/1800] a1f9a49f1822 147px ok 2.1s (2.8s/item avg, ~2 min left) {'ground_type': 'shaded_field', 'shading_geometry': 'radial_or_vignette', 'field_texture': 'one_textured_material', 'enclosure': 'none', 'confidence': 'high', 'ambiguity_note': ''}
[1752/1800] d688397df701 482px ok 2.4s (2.8s/item avg, ~2 min left) {'ground_type': 'flat_field', 'shading_geometry': 'not_applicable', 'field_texture': 'smooth', 'enclosure': 'none', 'confidence': 'high', 'ambiguity_note': ''}
[1753/1800] 2f01c0546ef0 700px ok 3.0s (2.8s/item avg, ~2 min left) {'ground_type': 'flat_field', 'shading_geometry': 'not_applicable', 'field_texture': 'smooth', 'enclosure': 'none', 'confidence': 'high', 'ambiguity_note': ''}
[1754/1800] 1d95907f37df 147px ok 2.0s (2.8s/item avg, ~2 min left) {'ground_type': 'full_scene', 'shading_geometry': 'not_applicable', 'field_texture': 'smooth', 'enclosure': 'thin_border', 'confidence': 'high', 'ambiguity_note': ''}
[1755/1800] e08c97dab240 147px ok 2.1s (2.8s/item avg, ~2 min left) {'ground_type': 'full_scene', 'shading_geometry': 'not_applicable', 'field_texture': 'one_textured_material', 'enclosure': 'none', 'confidence': 'high', 'ambiguity_note': ''}
[1756/1800] 6605c1b23d35 147px ok 2.0s (2.8s/item avg, ~2 min left) {'ground_type': 'flat_field', 'shading_geometry': 'not_applicable', 'field_texture': 'smooth', 'enclosure': 'none', 'confidence': 'high', 'ambiguity_note': ''}
[1757/1800] 7a9f709bb449 700px ok 3.1s (2.8s/item avg, ~2 min left) {'ground_type': 'shaded_field', 'shading_geometry': 'radial_or_vignette', 'field_texture': 'smooth', 'enclosure': 'none', 'confidence': 'high', 'ambiguity_note': ''}
[1758/1800] d6ec7fb5752a 300px ok 2.2s (2.8s/item avg, ~2 min left) {'ground_type': 'shaded_field', 'shading_geometry': 'radial_or_vignette', 'field_texture': 'one_textured_material', 'enclosure': 'thin_border', 'confidence': 'high', 'ambiguity_note': ''}
[1759/1800] 6478e9b461c9 640px ok 2.9s (2.8s/item avg, ~2 min left) {'ground_type': 'shaded_field', 'shading_geometry': 'radial_or_vignette', 'field_texture': 'smooth', 'enclosure': 'none', 'confidence': 'high', 'ambiguity_note': ''}
[1760/1800] 17aabbb1db7a 333px ok 2.0s (2.8s/item avg, ~2 min left) {'ground_type': 'flat_field', 'shading_geometry': 'not_applicable', 'field_texture': 'smooth', 'enclosure': 'none', 'confidence': 'high', 'ambiguity_note': ''}
[1761/1800] df057020df1f 700px ok 3.0s (2.8s/item avg, ~2 min left) {'ground_type': 'flat_field', 'shading_geometry': 'not_applicable', 'field_texture': 'smooth', 'enclosure': 'none', 'confidence': 'high', 'ambiguity_note': ''}
[1762/1800] ebea42d97d6c 640px ok 2.9s (2.8s/item avg, ~2 min left) {'ground_type': 'shaded_field', 'shading_geometry': 'radial_or_vignette', 'field_texture': 'one_textured_material', 'enclosure': 'none', 'confidence': 'high', 'ambiguity_note': ''}
[1763/1800] de95cff9bf56 253px ok 2.0s (2.8s/item avg, ~2 min left) {'ground_type': 'full_scene', 'shading_geometry': 'not_applicable', 'field_texture': 'smooth', 'enclosure': 'none', 'confidence': 'high', 'ambiguity_note': ''}
[1764/1800] 281c7c5baafe 253px ok 2.0s (2.8s/item avg, ~2 min left) {'ground_type': 'full_scene', 'shading_geometry': 'not_applicable', 'field_texture': 'one_textured_material', 'enclosure': 'none', 'confidence': 'high', 'ambiguity_note': ''}
[1765/1800] ab05370a44cf 483px ok 2.4s (2.8s/item avg, ~2 min left) {'ground_type': 'full_scene', 'shading_geometry': 'not_applicable', 'field_texture': 'one_textured_material', 'enclosure': 'thin_border', 'confidence': 'high', 'ambiguity_note': ''}
[1766/1800] 97e0d3a98143 332px ok 2.4s (2.8s/item avg, ~2 min left) {'ground_type': 'full_scene', 'shading_geometry': 'not_applicable', 'field_texture': 'one_textured_material', 'enclosure': 'none', 'confidence': 'high', 'ambiguity_note': ''}
[1767/1800] 6605c1b23d35 700px ok 3.3s (2.8s/item avg, ~2 min left) {'ground_type': 'flat_field', 'shading_geometry': 'not_applicable', 'field_texture': 'smooth', 'enclosure': 'none', 'confidence': 'high', 'ambiguity_note': ''}
[1768/1800] 9e60177eb7fd 640px ok 2.7s (2.8s/item avg, ~1 min left) {'ground_type': 'full_scene', 'shading_geometry': 'not_applicable', 'field_texture': 'smooth', 'enclosure': 'none', 'confidence': 'high', 'ambiguity_note': ''}
[1769/1800] c251cd0825af 483px ok 2.5s (2.8s/item avg, ~1 min left) {'ground_type': 'full_scene', 'shading_geometry': 'not_applicable', 'field_texture': 'one_textured_material', 'enclosure': 'none', 'confidence': 'high', 'ambiguity_note': ''}
[1770/1800] 133cc45381e0 147px ok 2.2s (2.8s/item avg, ~1 min left) {'ground_type': 'shaded_field', 'shading_geometry': 'radial_or_vignette', 'field_texture': 'one_textured_material', 'enclosure': 'none', 'confidence': 'high', 'ambiguity_note': ''}
[1771/1800] 980ae286aedd 700px ok 2.9s (2.8s/item avg, ~1 min left) {'ground_type': 'flat_field', 'shading_geometry': 'not_applicable', 'field_texture': 'smooth', 'enclosure': 'none', 'confidence': 'high', 'ambiguity_note': ''}
[1772/1800] 5a83dcc7b550 147px ok 2.1s (2.8s/item avg, ~1 min left) {'ground_type': 'flat_field', 'shading_geometry': 'not_applicable', 'field_texture': 'one_textured_material', 'enclosure': 'none', 'confidence': 'high', 'ambiguity_note': ''}
[1773/1800] 9dcba009d18e 112px ok 2.0s (2.8s/item avg, ~1 min left) {'ground_type': 'flat_field', 'shading_geometry': 'not_applicable', 'field_texture': 'smooth', 'enclosure': 'none', 'confidence': 'high', 'ambiguity_note': ''}
[1774/1800] 66324871cd44 147px ok 2.2s (2.8s/item avg, ~1 min left) {'ground_type': 'shaded_field', 'shading_geometry': 'radial_or_vignette', 'field_texture': 'one_textured_material', 'enclosure': 'thin_border', 'confidence': 'high', 'ambiguity_note': ''}
[1775/1800] d94dfeacb728 700px ok 3.3s (2.8s/item avg, ~1 min left) {'ground_type': 'shaded_field', 'shading_geometry': 'radial_or_vignette', 'field_texture': 'one_textured_material', 'enclosure': 'none', 'confidence': 'high', 'ambiguity_note': ''}
[1776/1800] 0760e261f5a0 147px ok 2.5s (2.8s/item avg, ~1 min left) {'ground_type': 'flat_field', 'shading_geometry': 'not_applicable', 'field_texture': 'smooth', 'enclosure': 'none', 'confidence': 'high', 'ambiguity_note': ''}
[1777/1800] 747587e92f4e 640px ok 3.3s (2.8s/item avg, ~1 min left) {'ground_type': 'shaded_field', 'shading_geometry': 'radial_or_vignette', 'field_texture': 'smooth', 'enclosure': 'thin_border', 'confidence': 'high', 'ambiguity_note': ''}
[1778/1800] 690170731ddc 147px ok 2.6s (2.8s/item avg, ~1 min left) {'ground_type': 'shaded_field', 'shading_geometry': 'radial_or_vignette', 'field_texture': 'one_textured_material', 'enclosure': 'none', 'confidence': 'high', 'ambiguity_note': ''}
[1779/1800] 47b420288547 333px ok 2.5s (2.8s/item avg, ~1 min left) {'ground_type': 'shaded_field', 'shading_geometry': 'radial_or_vignette', 'field_texture': 'smooth', 'enclosure': 'none', 'confidence': 'high', 'ambiguity_note': ''}
[1780/1800] 173ad1f508d4 253px ok 2.2s (2.8s/item avg, ~1 min left) {'ground_type': 'flat_field', 'shading_geometry': 'not_applicable', 'field_texture': 'smooth', 'enclosure': 'none', 'confidence': 'high', 'ambiguity_note': ''}
[1781/1800] e8b71e9a6168 1200px ok 6.3s (2.8s/item avg, ~1 min left) {'ground_type': 'shaded_field', 'shading_geometry': 'radial_or_vignette', 'field_texture': 'one_textured_material', 'enclosure': 'thin_border', 'confidence': 'high', 'ambiguity_note': ''}
[1782/1800] 2463421cc312 640px ok 3.4s (2.8s/item avg, ~1 min left) {'ground_type': 'shaded_field', 'shading_geometry': 'radial_or_vignette', 'field_texture': 'smooth', 'enclosure': 'none', 'confidence': 'high', 'ambiguity_note': ''}
[1783/1800] 80bc63f9ccd2 483px ok 2.6s (2.8s/item avg, ~1 min left) {'ground_type': 'full_scene', 'shading_geometry': 'not_applicable', 'field_texture': 'one_textured_material', 'enclosure': 'thin_border', 'confidence': 'high', 'ambiguity_note': ''}
[1784/1800] 69b253a10904 482px ok 2.5s (2.8s/item avg, ~1 min left) {'ground_type': 'pattern_or_texture', 'shading_geometry': 'not_applicable', 'field_texture': 'one_textured_material', 'enclosure': 'none', 'confidence': 'high', 'ambiguity_note': ''}
[1785/1800] 3ce1b0a9e1a4 147px ok 2.0s (2.8s/item avg, ~1 min left) {'ground_type': 'flat_field', 'shading_geometry': 'not_applicable', 'field_texture': 'smooth', 'enclosure': 'none', 'confidence': 'high', 'ambiguity_note': ''}
[1786/1800] 9ff0db7c5964 147px ok 2.1s (2.8s/item avg, ~1 min left) {'ground_type': 'flat_field', 'shading_geometry': 'not_applicable', 'field_texture': 'one_textured_material', 'enclosure': 'thin_border', 'confidence': 'high', 'ambiguity_note': ''}
[1787/1800] ced19c35e7b1 482px ok 2.4s (2.8s/item avg, ~1 min left) {'ground_type': 'flat_field', 'shading_geometry': 'not_applicable', 'field_texture': 'smooth', 'enclosure': 'none', 'confidence': 'high', 'ambiguity_note': ''}
[1788/1800] 2ab00e5fcb74 482px ok 2.5s (2.8s/item avg, ~1 min left) {'ground_type': 'flat_field', 'shading_geometry': 'not_applicable', 'field_texture': 'smooth', 'enclosure': 'thick_frame_or_bars', 'confidence': 'high', 'ambiguity_note': ''}
[1789/1800] 2d7d30ae4927 640px ok 2.8s (2.8s/item avg, ~1 min left) {'ground_type': 'flat_field', 'shading_geometry': 'not_applicable', 'field_texture': 'one_textured_material', 'enclosure': 'none', 'confidence': 'high', 'ambiguity_note': ''}
[1790/1800] f942f26e8d58 640px ok 2.7s (2.8s/item avg, ~0 min left) {'ground_type': 'flat_field', 'shading_geometry': 'not_applicable', 'field_texture': 'smooth', 'enclosure': 'none', 'confidence': 'high', 'ambiguity_note': ''}
[1791/1800] c431b1397526 483px ok 2.4s (2.8s/item avg, ~0 min left) {'ground_type': 'flat_field', 'shading_geometry': 'not_applicable', 'field_texture': 'smooth', 'enclosure': 'none', 'confidence': 'high', 'ambiguity_note': ''}
[1792/1800] c4aed9dadecc 333px ok 2.1s (2.8s/item avg, ~0 min left) {'ground_type': 'full_scene', 'shading_geometry': 'not_applicable', 'field_texture': 'distinct_areas', 'enclosure': 'none', 'confidence': 'high', 'ambiguity_note': ''}
[1793/1800] 688805404ad6 700px ok 2.9s (2.8s/item avg, ~0 min left) {'ground_type': 'flat_field', 'shading_geometry': 'not_applicable', 'field_texture': 'smooth', 'enclosure': 'none', 'confidence': 'high', 'ambiguity_note': ''}
[1794/1800] e4cb53c56818 333px ok 2.1s (2.8s/item avg, ~0 min left) {'ground_type': 'flat_field', 'shading_geometry': 'not_applicable', 'field_texture': 'smooth', 'enclosure': 'none', 'confidence': 'high', 'ambiguity_note': ''}
[1795/1800] 4369fd3ce2ee 147px ok 2.0s (2.8s/item avg, ~0 min left) {'ground_type': 'flat_field', 'shading_geometry': 'not_applicable', 'field_texture': 'smooth', 'enclosure': 'none', 'confidence': 'high', 'ambiguity_note': ''}
[1796/1800] 701588c7a009 253px ok 2.0s (2.8s/item avg, ~0 min left) {'ground_type': 'flat_field', 'shading_geometry': 'not_applicable', 'field_texture': 'smooth', 'enclosure': 'none', 'confidence': 'high', 'ambiguity_note': ''}
[1797/1800] fbeefb00be48 147px ok 2.0s (2.8s/item avg, ~0 min left) {'ground_type': 'flat_field', 'shading_geometry': 'not_applicable', 'field_texture': 'smooth', 'enclosure': 'none', 'confidence': 'high', 'ambiguity_note': ''}
[1798/1800] d7c7e2b2b9bc 368px ok 2.2s (2.8s/item avg, ~0 min left) {'ground_type': 'multiple_distinct_fields', 'shading_geometry': 'not_applicable', 'field_texture': 'distinct_areas', 'enclosure': 'none', 'confidence': 'high', 'ambiguity_note': ''}
[1799/1800] 8e313854672a 332px ok 2.3s (2.8s/item avg, ~0 min left) {'ground_type': 'shaded_field', 'shading_geometry': 'radial_or_vignette', 'field_texture': 'one_textured_material', 'enclosure': 'none', 'confidence': 'high', 'ambiguity_note': ''}
[1800/1800] 0760e261f5a0 1810px ok 12.7s (2.8s/item avg, ~0 min left) {'ground_type': 'flat_field', 'shading_geometry': 'not_applicable', 'field_texture': 'smooth', 'enclosure': 'none', 'confidence': 'high', 'ambiguity_note': ''}
{
	"scope": "sample",
	"processed_this_process": 1800,
	"elapsed_seconds": 4985.5,
	"seconds_per_inference": 2.77,
	"run_id": "1b55e49b-cec3-43e0-8368-489cf17220f6",
	"exit_code": 0
}
=== supervisor: worker finished cleanly
